2025-11-25 12:58:55,075 - feature_engineer - ERROR - Không tìm thấy file VNINDEX.csv. Bỏ qua đặc trưng thị trường.
2025-11-25 12:58:55,123 - feature_engineer - INFO - Đang merge_asof dữ liệu cơ bản cho VCB (direction='backward')...
2025-11-25 12:58:55,173 - feature_engineer - INFO - Đang tạo nhãn với ngưỡng lọc nhiễu (noise threshold) = 0.005...
2025-11-25 12:58:55,209 - feature_engineer - INFO - Đang fit scaler dựa trên 3200 mẫu (80% dữ liệu đầu).
2025-11-25 12:58:55,210 - feature_engineer - INFO - Sử dụng 'Vũ trụ Đặc trưng Ngắn hạn' cho t+1...
2025-11-25 12:58:55,210 - feature_engineer - INFO - Đang chạy lựa chọn đặc trưng cho Target_Direction_t+1 từ 18 ứng cử viên...
2025-11-25 12:58:55,757 - feature_engineer - INFO - Đã chọn 14 đặc trưng 'vàng' cho Target_Direction_t+1 (Top 3: ['High_to_Low', 'Close_MA7', 'RSI_14']).
2025-11-25 12:58:55,854 - feature_engineer - INFO - Sử dụng 'Vũ trụ Đặc trưng Ngắn hạn' cho t+3...
2025-11-25 12:58:55,855 - feature_engineer - INFO - Đang chạy lựa chọn đặc trưng cho Target_Direction_t+3 từ 18 ứng cử viên...
2025-11-25 12:58:55,991 - feature_engineer - INFO - Đã chọn 14 đặc trưng 'vàng' cho Target_Direction_t+3 (Top 3: ['Close_MA7', 'MACD', 'Volatility_14']).
2025-11-25 12:58:56,072 - feature_engineer - INFO - Sử dụng 'Vũ trụ Đặc trưng Ngắn hạn' cho t+5...
2025-11-25 12:58:56,072 - feature_engineer - INFO - Đang chạy lựa chọn đặc trưng cho Target_Direction_t+5 từ 18 ứng cử viên...
2025-11-25 12:58:56,211 - feature_engineer - INFO - Đã chọn 14 đặc trưng 'vàng' cho Target_Direction_t+5 (Top 3: ['Close_MA7', 'MACD_Signal', 'MACD']).
2025-11-25 12:58:56,285 - feature_engineer - INFO - Sử dụng 'Vũ trụ Đặc trưng Đầy đủ' cho t+30...
2025-11-25 12:58:56,286 - feature_engineer - INFO - Đang chạy lựa chọn đặc trưng cho Target_Direction_t+30 từ 64 ứng cử viên...
2025-11-25 12:58:56,491 - feature_engineer - INFO - Đã chọn 30 đặc trưng 'vàng' cho Target_Direction_t+30 (Top 3: ['Close', 'Volatility_60', 'MACD_Signal']).
2025-11-25 12:58:56,501 - feature_engineer - INFO - Sử dụng 'Vũ trụ Đặc trưng Đầy đủ' cho t+60...
2025-11-25 12:58:56,501 - feature_engineer - INFO - Đang chạy lựa chọn đặc trưng cho Target_Direction_t+60 từ 64 ứng cử viên...
2025-11-25 12:58:56,678 - feature_engineer - INFO - Đã chọn 30 đặc trưng 'vàng' cho Target_Direction_t+60 (Top 3: ['Close', 'MACD_Signal', 'MACD']).
2025-11-25 12:58:56,689 - feature_engineer - INFO - Sử dụng 'Vũ trụ Đặc trưng Đầy đủ' cho t+90...
2025-11-25 12:58:56,689 - feature_engineer - INFO - Đang chạy lựa chọn đặc trưng cho Target_Direction_t+90 từ 64 ứng cử viên...
2025-11-25 12:58:56,851 - feature_engineer - INFO - Đã chọn 30 đặc trưng 'vàng' cho Target_Direction_t+90 (Top 3: ['Close', 'MACD_Signal', 'Volatility_60']).
2025-11-25 12:58:56,860 - feature_engineer - INFO - Fit Main Scaler trên 3200 mẫu (proxy)...
2025-11-25 12:58:56,872 - feature_engineer - INFO - Transform Main Scaler trên 4000 mẫu (toàn bộ)...
2025-11-25 12:58:57,146 - feature_engineer - INFO - Đã xử lý và lưu dữ liệu/metadata (an toàn, lọc nhiễu) cho VCB
2025-11-25 12:58:57,169 - feature_engineer - INFO - Đang merge_asof dữ liệu cơ bản cho BID (direction='backward')...
2025-11-25 12:58:57,195 - feature_engineer - INFO - Đang tạo nhãn với ngưỡng lọc nhiễu (noise threshold) = 0.005...
2025-11-25 12:58:57,230 - feature_engineer - INFO - Đang fit scaler dựa trên 2384 mẫu (80% dữ liệu đầu).
2025-11-25 12:58:57,230 - feature_engineer - INFO - Sử dụng 'Vũ trụ Đặc trưng Ngắn hạn' cho t+1...
2025-11-25 12:58:57,230 - feature_engineer - INFO - Đang chạy lựa chọn đặc trưng cho Target_Direction_t+1 từ 18 ứng cử viên...
2025-11-25 12:58:57,363 - feature_engineer - INFO - Đã chọn 13 đặc trưng 'vàng' cho Target_Direction_t+1 (Top 3: ['RSI_14', 'Volatility_14', 'High_to_Low']).
2025-11-25 12:58:57,368 - feature_engineer - INFO - Sử dụng 'Vũ trụ Đặc trưng Ngắn hạn' cho t+3...
2025-11-25 12:58:57,368 - feature_engineer - INFO - Đang chạy lựa chọn đặc trưng cho Target_Direction_t+3 từ 18 ứng cử viên...
2025-11-25 12:58:57,502 - feature_engineer - INFO - Đã chọn 13 đặc trưng 'vàng' cho Target_Direction_t+3 (Top 3: ['Volatility_14', 'Close_MA7', 'MACD']).
2025-11-25 12:58:57,508 - feature_engineer - INFO - Sử dụng 'Vũ trụ Đặc trưng Ngắn hạn' cho t+5...
2025-11-25 12:58:57,508 - feature_engineer - INFO - Đang chạy lựa chọn đặc trưng cho Target_Direction_t+5 từ 18 ứng cử viên...
2025-11-25 12:58:57,642 - feature_engineer - INFO - Đã chọn 13 đặc trưng 'vàng' cho Target_Direction_t+5 (Top 3: ['Close_MA7', 'Volatility_14', 'MACD']).
2025-11-25 12:58:57,648 - feature_engineer - INFO - Sử dụng 'Vũ trụ Đặc trưng Đầy đủ' cho t+30...
2025-11-25 12:58:57,648 - feature_engineer - INFO - Đang chạy lựa chọn đặc trưng cho Target_Direction_t+30 từ 64 ứng cử viên...
2025-11-25 12:58:57,814 - feature_engineer - INFO - Đã chọn 30 đặc trưng 'vàng' cho Target_Direction_t+30 (Top 3: ['Close', 'Close_MA200', 'Volatility_60']).
2025-11-25 12:58:57,823 - feature_engineer - INFO - Sử dụng 'Vũ trụ Đặc trưng Đầy đủ' cho t+60...
2025-11-25 12:58:57,823 - feature_engineer - INFO - Đang chạy lựa chọn đặc trưng cho Target_Direction_t+60 từ 64 ứng cử viên...
2025-11-25 12:58:57,986 - feature_engineer - INFO - Đã chọn 30 đặc trưng 'vàng' cho Target_Direction_t+60 (Top 3: ['Close', 'Close_MA200', 'MACD']).
2025-11-25 12:58:58,000 - feature_engineer - INFO - Sử dụng 'Vũ trụ Đặc trưng Đầy đủ' cho t+90...
2025-11-25 12:58:58,001 - feature_engineer - INFO - Đang chạy lựa chọn đặc trưng cho Target_Direction_t+90 từ 64 ứng cử viên...
2025-11-25 12:58:58,159 - feature_engineer - INFO - Đã chọn 30 đặc trưng 'vàng' cho Target_Direction_t+90 (Top 3: ['Close_MA200', 'Close', 'MACD']).
2025-11-25 12:58:58,167 - feature_engineer - INFO - Fit Main Scaler trên 2384 mẫu (proxy)...
2025-11-25 12:58:58,178 - feature_engineer - INFO - Transform Main Scaler trên 2981 mẫu (toàn bộ)...
2025-11-25 12:58:58,358 - feature_engineer - INFO - Đã xử lý và lưu dữ liệu/metadata (an toàn, lọc nhiễu) cho BID
2025-11-25 12:58:58,381 - feature_engineer - INFO - Đang merge_asof dữ liệu cơ bản cho CTG (direction='backward')...
2025-11-25 12:58:58,408 - feature_engineer - INFO - Đang tạo nhãn với ngưỡng lọc nhiễu (noise threshold) = 0.005...
2025-11-25 12:58:58,444 - feature_engineer - INFO - Đang fit scaler dựa trên 3200 mẫu (80% dữ liệu đầu).
2025-11-25 12:58:58,445 - feature_engineer - INFO - Sử dụng 'Vũ trụ Đặc trưng Ngắn hạn' cho t+1...
2025-11-25 12:58:58,445 - feature_engineer - INFO - Đang chạy lựa chọn đặc trưng cho Target_Direction_t+1 từ 18 ứng cử viên...
2025-11-25 12:58:58,583 - feature_engineer - INFO - Đã chọn 13 đặc trưng 'vàng' cho Target_Direction_t+1 (Top 3: ['Volume', 'MACD', 'Volatility_14']).
2025-11-25 12:58:58,590 - feature_engineer - INFO - Sử dụng 'Vũ trụ Đặc trưng Ngắn hạn' cho t+3...
2025-11-25 12:58:58,591 - feature_engineer - INFO - Đang chạy lựa chọn đặc trưng cho Target_Direction_t+3 từ 18 ứng cử viên...
2025-11-25 12:58:58,740 - feature_engineer - INFO - Đã chọn 13 đặc trưng 'vàng' cho Target_Direction_t+3 (Top 3: ['MACD', 'Close_MA7', 'Volatility_14']).
2025-11-25 12:58:58,746 - feature_engineer - INFO - Sử dụng 'Vũ trụ Đặc trưng Ngắn hạn' cho t+5...
2025-11-25 12:58:58,747 - feature_engineer - INFO - Đang chạy lựa chọn đặc trưng cho Target_Direction_t+5 từ 18 ứng cử viên...
2025-11-25 12:58:58,880 - feature_engineer - INFO - Đã chọn 13 đặc trưng 'vàng' cho Target_Direction_t+5 (Top 3: ['Close_MA7', 'MACD', 'Volatility_14']).
2025-11-25 12:58:58,886 - feature_engineer - INFO - Sử dụng 'Vũ trụ Đặc trưng Đầy đủ' cho t+30...
2025-11-25 12:58:58,887 - feature_engineer - INFO - Đang chạy lựa chọn đặc trưng cho Target_Direction_t+30 từ 64 ứng cử viên...
2025-11-25 12:58:59,053 - feature_engineer - INFO - Đã chọn 30 đặc trưng 'vàng' cho Target_Direction_t+30 (Top 3: ['Close', 'Volatility_60', 'MACD']).
2025-11-25 12:58:59,062 - feature_engineer - INFO - Sử dụng 'Vũ trụ Đặc trưng Đầy đủ' cho t+60...
2025-11-25 12:58:59,063 - feature_engineer - INFO - Đang chạy lựa chọn đặc trưng cho Target_Direction_t+60 từ 64 ứng cử viên...
2025-11-25 12:58:59,224 - feature_engineer - INFO - Đã chọn 30 đặc trưng 'vàng' cho Target_Direction_t+60 (Top 3: ['Close', 'MACD', 'Volatility_60']).
2025-11-25 12:58:59,234 - feature_engineer - INFO - Sử dụng 'Vũ trụ Đặc trưng Đầy đủ' cho t+90...
2025-11-25 12:58:59,234 - feature_engineer - INFO - Đang chạy lựa chọn đặc trưng cho Target_Direction_t+90 từ 64 ứng cử viên...
2025-11-25 12:58:59,396 - feature_engineer - INFO - Đã chọn 30 đặc trưng 'vàng' cho Target_Direction_t+90 (Top 3: ['Close', 'Volatility_60', 'MACD']).
2025-11-25 12:58:59,406 - feature_engineer - INFO - Fit Main Scaler trên 3200 mẫu (proxy)...
2025-11-25 12:58:59,418 - feature_engineer - INFO - Transform Main Scaler trên 4000 mẫu (toàn bộ)...
2025-11-25 12:58:59,663 - feature_engineer - INFO - Đã xử lý và lưu dữ liệu/metadata (an toàn, lọc nhiễu) cho CTG
2025-11-25 12:58:59,684 - feature_engineer - INFO - Đang merge_asof dữ liệu cơ bản cho TCB (direction='backward')...
2025-11-25 12:58:59,706 - feature_engineer - INFO - Đang tạo nhãn với ngưỡng lọc nhiễu (noise threshold) = 0.005...
2025-11-25 12:58:59,737 - feature_engineer - INFO - Đang fit scaler dựa trên 1519 mẫu (80% dữ liệu đầu).
2025-11-25 12:58:59,738 - feature_engineer - INFO - Sử dụng 'Vũ trụ Đặc trưng Ngắn hạn' cho t+1...
2025-11-25 12:58:59,738 - feature_engineer - INFO - Đang chạy lựa chọn đặc trưng cho Target_Direction_t+1 từ 18 ứng cử viên...
2025-11-25 12:58:59,862 - feature_engineer - INFO - Đã chọn 13 đặc trưng 'vàng' cho Target_Direction_t+1 (Top 3: ['Volume', 'Close_to_Open', 'MACD']).
2025-11-25 12:58:59,867 - feature_engineer - INFO - Sử dụng 'Vũ trụ Đặc trưng Ngắn hạn' cho t+3...
2025-11-25 12:58:59,867 - feature_engineer - INFO - Đang chạy lựa chọn đặc trưng cho Target_Direction_t+3 từ 18 ứng cử viên...
2025-11-25 12:58:59,987 - feature_engineer - INFO - Đã chọn 13 đặc trưng 'vàng' cho Target_Direction_t+3 (Top 3: ['Close_MA7', 'Volatility_14', 'MACD']).
2025-11-25 12:58:59,992 - feature_engineer - INFO - Sử dụng 'Vũ trụ Đặc trưng Ngắn hạn' cho t+5...
2025-11-25 12:58:59,992 - feature_engineer - INFO - Đang chạy lựa chọn đặc trưng cho Target_Direction_t+5 từ 18 ứng cử viên...
2025-11-25 12:59:00,128 - feature_engineer - INFO - Đã chọn 13 đặc trưng 'vàng' cho Target_Direction_t+5 (Top 3: ['Close_MA7', 'Volatility_14', 'MACD']).
2025-11-25 12:59:00,135 - feature_engineer - INFO - Sử dụng 'Vũ trụ Đặc trưng Đầy đủ' cho t+30...
2025-11-25 12:59:00,135 - feature_engineer - INFO - Đang chạy lựa chọn đặc trưng cho Target_Direction_t+30 từ 64 ứng cử viên...
2025-11-25 12:59:00,283 - feature_engineer - INFO - Đã chọn 30 đặc trưng 'vàng' cho Target_Direction_t+30 (Top 3: ['time_index', 'Volatility_60', 'Close']).
2025-11-25 12:59:00,289 - feature_engineer - INFO - Sử dụng 'Vũ trụ Đặc trưng Đầy đủ' cho t+60...
2025-11-25 12:59:00,290 - feature_engineer - INFO - Đang chạy lựa chọn đặc trưng cho Target_Direction_t+60 từ 64 ứng cử viên...
2025-11-25 12:59:00,424 - feature_engineer - INFO - Đã chọn 30 đặc trưng 'vàng' cho Target_Direction_t+60 (Top 3: ['time_index', 'Close', 'Close_MA200']).
2025-11-25 12:59:00,433 - feature_engineer - INFO - Sử dụng 'Vũ trụ Đặc trưng Đầy đủ' cho t+90...
2025-11-25 12:59:00,433 - feature_engineer - INFO - Đang chạy lựa chọn đặc trưng cho Target_Direction_t+90 từ 64 ứng cử viên...
2025-11-25 12:59:00,703 - feature_engineer - INFO - Đã chọn 30 đặc trưng 'vàng' cho Target_Direction_t+90 (Top 3: ['time_index', 'Close', 'Close_MA200']).
2025-11-25 12:59:00,711 - feature_engineer - INFO - Fit Main Scaler trên 1519 mẫu (proxy)...
2025-11-25 12:59:00,721 - feature_engineer - INFO - Transform Main Scaler trên 1899 mẫu (toàn bộ)...
2025-11-25 12:59:00,846 - feature_engineer - INFO - Đã xử lý và lưu dữ liệu/metadata (an toàn, lọc nhiễu) cho TCB
2025-11-25 12:59:00,871 - feature_engineer - INFO - Đang merge_asof dữ liệu cơ bản cho MBB (direction='backward')...
2025-11-25 12:59:00,898 - feature_engineer - INFO - Đang tạo nhãn với ngưỡng lọc nhiễu (noise threshold) = 0.005...
2025-11-25 12:59:00,934 - feature_engineer - INFO - Đang fit scaler dựa trên 2835 mẫu (80% dữ liệu đầu).
2025-11-25 12:59:00,934 - feature_engineer - INFO - Sử dụng 'Vũ trụ Đặc trưng Ngắn hạn' cho t+1...
2025-11-25 12:59:00,934 - feature_engineer - INFO - Đang chạy lựa chọn đặc trưng cho Target_Direction_t+1 từ 18 ứng cử viên...
2025-11-25 12:59:01,061 - feature_engineer - INFO - Đã chọn 13 đặc trưng 'vàng' cho Target_Direction_t+1 (Top 3: ['Volatility_14', 'High_to_Low', 'Volume']).
2025-11-25 12:59:01,066 - feature_engineer - INFO - Sử dụng 'Vũ trụ Đặc trưng Ngắn hạn' cho t+3...
2025-11-25 12:59:01,066 - feature_engineer - INFO - Đang chạy lựa chọn đặc trưng cho Target_Direction_t+3 từ 18 ứng cử viên...
2025-11-25 12:59:01,204 - feature_engineer - INFO - Đã chọn 13 đặc trưng 'vàng' cho Target_Direction_t+3 (Top 3: ['Volatility_14', 'Close_MA7', 'MACD']).
2025-11-25 12:59:01,210 - feature_engineer - INFO - Sử dụng 'Vũ trụ Đặc trưng Ngắn hạn' cho t+5...
2025-11-25 12:59:01,210 - feature_engineer - INFO - Đang chạy lựa chọn đặc trưng cho Target_Direction_t+5 từ 18 ứng cử viên...
2025-11-25 12:59:01,344 - feature_engineer - INFO - Đã chọn 13 đặc trưng 'vàng' cho Target_Direction_t+5 (Top 3: ['Close_MA7', 'MACD', 'Volatility_14']).
2025-11-25 12:59:01,351 - feature_engineer - INFO - Sử dụng 'Vũ trụ Đặc trưng Đầy đủ' cho t+30...
2025-11-25 12:59:01,351 - feature_engineer - INFO - Đang chạy lựa chọn đặc trưng cho Target_Direction_t+30 từ 64 ứng cử viên...
2025-11-25 12:59:01,516 - feature_engineer - INFO - Đã chọn 30 đặc trưng 'vàng' cho Target_Direction_t+30 (Top 3: ['time_index', 'Volatility_60', 'Close']).
2025-11-25 12:59:01,524 - feature_engineer - INFO - Sử dụng 'Vũ trụ Đặc trưng Đầy đủ' cho t+60...
2025-11-25 12:59:01,524 - feature_engineer - INFO - Đang chạy lựa chọn đặc trưng cho Target_Direction_t+60 từ 64 ứng cử viên...
2025-11-25 12:59:01,685 - feature_engineer - INFO - Đã chọn 30 đặc trưng 'vàng' cho Target_Direction_t+60 (Top 3: ['time_index', 'Close', 'month']).
2025-11-25 12:59:01,695 - feature_engineer - INFO - Sử dụng 'Vũ trụ Đặc trưng Đầy đủ' cho t+90...
2025-11-25 12:59:01,695 - feature_engineer - INFO - Đang chạy lựa chọn đặc trưng cho Target_Direction_t+90 từ 64 ứng cử viên...
2025-11-25 12:59:01,859 - feature_engineer - INFO - Đã chọn 30 đặc trưng 'vàng' cho Target_Direction_t+90 (Top 3: ['time_index', 'Close', 'book_value_per_share_change']).
2025-11-25 12:59:01,869 - feature_engineer - INFO - Fit Main Scaler trên 2835 mẫu (proxy)...
2025-11-25 12:59:01,880 - feature_engineer - INFO - Transform Main Scaler trên 3544 mẫu (toàn bộ)...
2025-11-25 12:59:02,110 - feature_engineer - INFO - Đã xử lý và lưu dữ liệu/metadata (an toàn, lọc nhiễu) cho MBB
2025-11-25 12:59:02,193 - feature_engineer - INFO - Đang merge_asof dữ liệu cơ bản cho VPB (direction='backward')...
2025-11-25 12:59:02,221 - feature_engineer - INFO - Đang tạo nhãn với ngưỡng lọc nhiễu (noise threshold) = 0.005...
2025-11-25 12:59:02,249 - feature_engineer - INFO - Đang fit scaler dựa trên 1676 mẫu (80% dữ liệu đầu).
2025-11-25 12:59:02,250 - feature_engineer - INFO - Sử dụng 'Vũ trụ Đặc trưng Ngắn hạn' cho t+1...
2025-11-25 12:59:02,250 - feature_engineer - INFO - Đang chạy lựa chọn đặc trưng cho Target_Direction_t+1 từ 18 ứng cử viên...
2025-11-25 12:59:02,373 - feature_engineer - INFO - Đã chọn 13 đặc trưng 'vàng' cho Target_Direction_t+1 (Top 3: ['High_to_Low', 'RSI_14', 'MACD']).
2025-11-25 12:59:02,378 - feature_engineer - INFO - Sử dụng 'Vũ trụ Đặc trưng Ngắn hạn' cho t+3...
2025-11-25 12:59:02,378 - feature_engineer - INFO - Đang chạy lựa chọn đặc trưng cho Target_Direction_t+3 từ 18 ứng cử viên...
2025-11-25 12:59:02,496 - feature_engineer - INFO - Đã chọn 13 đặc trưng 'vàng' cho Target_Direction_t+3 (Top 3: ['Close_MA7', 'MACD', 'RSI_14']).
2025-11-25 12:59:02,501 - feature_engineer - INFO - Sử dụng 'Vũ trụ Đặc trưng Ngắn hạn' cho t+5...
2025-11-25 12:59:02,501 - feature_engineer - INFO - Đang chạy lựa chọn đặc trưng cho Target_Direction_t+5 từ 18 ứng cử viên...
2025-11-25 12:59:02,637 - feature_engineer - INFO - Đã chọn 13 đặc trưng 'vàng' cho Target_Direction_t+5 (Top 3: ['Close_MA7', 'MACD', 'Volatility_14']).
2025-11-25 12:59:02,641 - feature_engineer - INFO - Sử dụng 'Vũ trụ Đặc trưng Đầy đủ' cho t+30...
2025-11-25 12:59:02,641 - feature_engineer - INFO - Đang chạy lựa chọn đặc trưng cho Target_Direction_t+30 từ 64 ứng cử viên...
2025-11-25 12:59:02,778 - feature_engineer - INFO - Đã chọn 30 đặc trưng 'vàng' cho Target_Direction_t+30 (Top 3: ['Close', 'time_index', 'MACD']).
2025-11-25 12:59:02,786 - feature_engineer - INFO - Sử dụng 'Vũ trụ Đặc trưng Đầy đủ' cho t+60...
2025-11-25 12:59:02,786 - feature_engineer - INFO - Đang chạy lựa chọn đặc trưng cho Target_Direction_t+60 từ 64 ứng cử viên...
2025-11-25 12:59:02,934 - feature_engineer - INFO - Đã chọn 30 đặc trưng 'vàng' cho Target_Direction_t+60 (Top 3: ['Close', 'time_index', 'Close_MA100']).
2025-11-25 12:59:02,942 - feature_engineer - INFO - Sử dụng 'Vũ trụ Đặc trưng Đầy đủ' cho t+90...
2025-11-25 12:59:02,942 - feature_engineer - INFO - Đang chạy lựa chọn đặc trưng cho Target_Direction_t+90 từ 64 ứng cử viên...
2025-11-25 12:59:03,075 - feature_engineer - INFO - Đã chọn 30 đặc trưng 'vàng' cho Target_Direction_t+90 (Top 3: ['time_index', 'Provision_Coverage (%)', 'Close_MA100']).
2025-11-25 12:59:03,083 - feature_engineer - INFO - Fit Main Scaler trên 1676 mẫu (proxy)...
2025-11-25 12:59:03,094 - feature_engineer - INFO - Transform Main Scaler trên 2096 mẫu (toàn bộ)...
2025-11-25 12:59:03,237 - feature_engineer - INFO - Đã xử lý và lưu dữ liệu/metadata (an toàn, lọc nhiễu) cho VPB
2025-11-25 12:59:03,269 - feature_engineer - INFO - Đang merge_asof dữ liệu cơ bản cho ACB (direction='backward')...
2025-11-25 12:59:03,297 - feature_engineer - INFO - Đang tạo nhãn với ngưỡng lọc nhiễu (noise threshold) = 0.005...
2025-11-25 12:59:03,332 - feature_engineer - INFO - Đang fit scaler dựa trên 3200 mẫu (80% dữ liệu đầu).
2025-11-25 12:59:03,333 - feature_engineer - INFO - Sử dụng 'Vũ trụ Đặc trưng Ngắn hạn' cho t+1...
2025-11-25 12:59:03,333 - feature_engineer - INFO - Đang chạy lựa chọn đặc trưng cho Target_Direction_t+1 từ 18 ứng cử viên...
2025-11-25 12:59:03,464 - feature_engineer - INFO - Đã chọn 13 đặc trưng 'vàng' cho Target_Direction_t+1 (Top 3: ['Volatility_14', 'Volume', 'RSI_14']).
2025-11-25 12:59:03,470 - feature_engineer - INFO - Sử dụng 'Vũ trụ Đặc trưng Ngắn hạn' cho t+3...
2025-11-25 12:59:03,471 - feature_engineer - INFO - Đang chạy lựa chọn đặc trưng cho Target_Direction_t+3 từ 18 ứng cử viên...
2025-11-25 12:59:03,605 - feature_engineer - INFO - Đã chọn 14 đặc trưng 'vàng' cho Target_Direction_t+3 (Top 3: ['Close_MA7', 'Volatility_14', 'MACD']).
2025-11-25 12:59:03,612 - feature_engineer - INFO - Sử dụng 'Vũ trụ Đặc trưng Ngắn hạn' cho t+5...
2025-11-25 12:59:03,612 - feature_engineer - INFO - Đang chạy lựa chọn đặc trưng cho Target_Direction_t+5 từ 18 ứng cử viên...
2025-11-25 12:59:03,745 - feature_engineer - INFO - Đã chọn 13 đặc trưng 'vàng' cho Target_Direction_t+5 (Top 3: ['Close_MA7', 'Volatility_14', 'MACD']).
2025-11-25 12:59:03,753 - feature_engineer - INFO - Sử dụng 'Vũ trụ Đặc trưng Đầy đủ' cho t+30...
2025-11-25 12:59:03,753 - feature_engineer - INFO - Đang chạy lựa chọn đặc trưng cho Target_Direction_t+30 từ 64 ứng cử viên...
2025-11-25 12:59:03,964 - feature_engineer - INFO - Đã chọn 30 đặc trưng 'vàng' cho Target_Direction_t+30 (Top 3: ['time_index', 'Close', 'MACD']).
2025-11-25 12:59:03,974 - feature_engineer - INFO - Sử dụng 'Vũ trụ Đặc trưng Đầy đủ' cho t+60...
2025-11-25 12:59:03,975 - feature_engineer - INFO - Đang chạy lựa chọn đặc trưng cho Target_Direction_t+60 từ 64 ứng cử viên...
2025-11-25 12:59:04,136 - feature_engineer - INFO - Đã chọn 30 đặc trưng 'vàng' cho Target_Direction_t+60 (Top 3: ['Close', 'time_index', 'MACD']).
2025-11-25 12:59:04,145 - feature_engineer - INFO - Sử dụng 'Vũ trụ Đặc trưng Đầy đủ' cho t+90...
2025-11-25 12:59:04,145 - feature_engineer - INFO - Đang chạy lựa chọn đặc trưng cho Target_Direction_t+90 từ 64 ứng cử viên...
2025-11-25 12:59:04,306 - feature_engineer - INFO - Đã chọn 30 đặc trưng 'vàng' cho Target_Direction_t+90 (Top 3: ['time_index', 'Close', 'Volatility_60']).
2025-11-25 12:59:04,316 - feature_engineer - INFO - Fit Main Scaler trên 3200 mẫu (proxy)...
2025-11-25 12:59:04,327 - feature_engineer - INFO - Transform Main Scaler trên 4000 mẫu (toàn bộ)...
2025-11-25 12:59:04,568 - feature_engineer - INFO - Đã xử lý và lưu dữ liệu/metadata (an toàn, lọc nhiễu) cho ACB
2025-11-25 12:59:04,591 - feature_engineer - INFO - Đang merge_asof dữ liệu cơ bản cho STB (direction='backward')...
2025-11-25 12:59:04,616 - feature_engineer - INFO - Đang tạo nhãn với ngưỡng lọc nhiễu (noise threshold) = 0.005...
2025-11-25 12:59:04,651 - feature_engineer - INFO - Đang fit scaler dựa trên 3200 mẫu (80% dữ liệu đầu).
2025-11-25 12:59:04,652 - feature_engineer - INFO - Sử dụng 'Vũ trụ Đặc trưng Ngắn hạn' cho t+1...
2025-11-25 12:59:04,652 - feature_engineer - INFO - Đang chạy lựa chọn đặc trưng cho Target_Direction_t+1 từ 18 ứng cử viên...
2025-11-25 12:59:04,793 - feature_engineer - INFO - Đã chọn 13 đặc trưng 'vàng' cho Target_Direction_t+1 (Top 3: ['Volume', 'Volatility_14', 'Close_MA7']).
2025-11-25 12:59:04,799 - feature_engineer - INFO - Sử dụng 'Vũ trụ Đặc trưng Ngắn hạn' cho t+3...
2025-11-25 12:59:04,800 - feature_engineer - INFO - Đang chạy lựa chọn đặc trưng cho Target_Direction_t+3 từ 18 ứng cử viên...
2025-11-25 12:59:04,932 - feature_engineer - INFO - Đã chọn 13 đặc trưng 'vàng' cho Target_Direction_t+3 (Top 3: ['Close_MA7', 'MACD', 'Volatility_14']).
2025-11-25 12:59:04,939 - feature_engineer - INFO - Sử dụng 'Vũ trụ Đặc trưng Ngắn hạn' cho t+5...
2025-11-25 12:59:04,939 - feature_engineer - INFO - Đang chạy lựa chọn đặc trưng cho Target_Direction_t+5 từ 18 ứng cử viên...
2025-11-25 12:59:05,090 - feature_engineer - INFO - Đã chọn 13 đặc trưng 'vàng' cho Target_Direction_t+5 (Top 3: ['Close_MA7', 'Volatility_14', 'MACD']).
2025-11-25 12:59:05,098 - feature_engineer - INFO - Sử dụng 'Vũ trụ Đặc trưng Đầy đủ' cho t+30...
2025-11-25 12:59:05,098 - feature_engineer - INFO - Đang chạy lựa chọn đặc trưng cho Target_Direction_t+30 từ 64 ứng cử viên...
2025-11-25 12:59:05,263 - feature_engineer - INFO - Đã chọn 30 đặc trưng 'vàng' cho Target_Direction_t+30 (Top 3: ['time_index', 'Close', 'Volatility_60']).
2025-11-25 12:59:05,272 - feature_engineer - INFO - Sử dụng 'Vũ trụ Đặc trưng Đầy đủ' cho t+60...
2025-11-25 12:59:05,272 - feature_engineer - INFO - Đang chạy lựa chọn đặc trưng cho Target_Direction_t+60 từ 64 ứng cử viên...
2025-11-25 12:59:05,436 - feature_engineer - INFO - Đã chọn 30 đặc trưng 'vàng' cho Target_Direction_t+60 (Top 3: ['time_index', 'Close', 'Credit_Growth (%)']).
2025-11-25 12:59:05,445 - feature_engineer - INFO - Sử dụng 'Vũ trụ Đặc trưng Đầy đủ' cho t+90...
2025-11-25 12:59:05,445 - feature_engineer - INFO - Đang chạy lựa chọn đặc trưng cho Target_Direction_t+90 từ 64 ứng cử viên...
2025-11-25 12:59:05,608 - feature_engineer - INFO - Đã chọn 30 đặc trưng 'vàng' cho Target_Direction_t+90 (Top 3: ['time_index', 'Close', 'Credit_Growth (%)']).
2025-11-25 12:59:05,616 - feature_engineer - INFO - Fit Main Scaler trên 3200 mẫu (proxy)...
2025-11-25 12:59:05,628 - feature_engineer - INFO - Transform Main Scaler trên 4000 mẫu (toàn bộ)...
2025-11-25 12:59:05,864 - feature_engineer - INFO - Đã xử lý và lưu dữ liệu/metadata (an toàn, lọc nhiễu) cho STB
2025-11-25 12:59:05,884 - feature_engineer - INFO - Đang merge_asof dữ liệu cơ bản cho HDB (direction='backward')...
2025-11-25 12:59:05,908 - feature_engineer - INFO - Đang tạo nhãn với ngưỡng lọc nhiễu (noise threshold) = 0.005...
2025-11-25 12:59:05,937 - feature_engineer - INFO - Đang fit scaler dựa trên 1597 mẫu (80% dữ liệu đầu).
2025-11-25 12:59:05,937 - feature_engineer - INFO - Sử dụng 'Vũ trụ Đặc trưng Ngắn hạn' cho t+1...
2025-11-25 12:59:05,937 - feature_engineer - INFO - Đang chạy lựa chọn đặc trưng cho Target_Direction_t+1 từ 18 ứng cử viên...
2025-11-25 12:59:06,061 - feature_engineer - INFO - Đã chọn 13 đặc trưng 'vàng' cho Target_Direction_t+1 (Top 3: ['RSI_14', 'High_to_Low', 'Close_MA7']).
2025-11-25 12:59:06,066 - feature_engineer - INFO - Sử dụng 'Vũ trụ Đặc trưng Ngắn hạn' cho t+3...
2025-11-25 12:59:06,066 - feature_engineer - INFO - Đang chạy lựa chọn đặc trưng cho Target_Direction_t+3 từ 18 ứng cử viên...
2025-11-25 12:59:06,185 - feature_engineer - INFO - Đã chọn 13 đặc trưng 'vàng' cho Target_Direction_t+3 (Top 3: ['Close_MA7', 'High_to_Low', 'MACD']).
2025-11-25 12:59:06,190 - feature_engineer - INFO - Sử dụng 'Vũ trụ Đặc trưng Ngắn hạn' cho t+5...
2025-11-25 12:59:06,191 - feature_engineer - INFO - Đang chạy lựa chọn đặc trưng cho Target_Direction_t+5 từ 18 ứng cử viên...
2025-11-25 12:59:06,326 - feature_engineer - INFO - Đã chọn 13 đặc trưng 'vàng' cho Target_Direction_t+5 (Top 3: ['Close_MA7', 'MACD', 'Volatility_14']).
2025-11-25 12:59:06,331 - feature_engineer - INFO - Sử dụng 'Vũ trụ Đặc trưng Đầy đủ' cho t+30...
2025-11-25 12:59:06,331 - feature_engineer - INFO - Đang chạy lựa chọn đặc trưng cho Target_Direction_t+30 từ 64 ứng cử viên...
2025-11-25 12:59:06,466 - feature_engineer - INFO - Đã chọn 30 đặc trưng 'vàng' cho Target_Direction_t+30 (Top 3: ['time_index', 'Close', 'MACD']).
2025-11-25 12:59:06,474 - feature_engineer - INFO - Sử dụng 'Vũ trụ Đặc trưng Đầy đủ' cho t+60...
2025-11-25 12:59:06,474 - feature_engineer - INFO - Đang chạy lựa chọn đặc trưng cho Target_Direction_t+60 từ 64 ứng cử viên...
2025-11-25 12:59:06,607 - feature_engineer - INFO - Đã chọn 30 đặc trưng 'vàng' cho Target_Direction_t+60 (Top 3: ['time_index', 'Close', 'Volatility_60']).
2025-11-25 12:59:06,615 - feature_engineer - INFO - Sử dụng 'Vũ trụ Đặc trưng Đầy đủ' cho t+90...
2025-11-25 12:59:06,615 - feature_engineer - INFO - Đang chạy lựa chọn đặc trưng cho Target_Direction_t+90 từ 64 ứng cử viên...
2025-11-25 12:59:06,762 - feature_engineer - INFO - Đã chọn 30 đặc trưng 'vàng' cho Target_Direction_t+90 (Top 3: ['time_index', 'NIM (%)', 'Close']).
2025-11-25 12:59:06,770 - feature_engineer - INFO - Fit Main Scaler trên 1597 mẫu (proxy)...
2025-11-25 12:59:06,779 - feature_engineer - INFO - Transform Main Scaler trên 1997 mẫu (toàn bộ)...
2025-11-25 12:59:06,903 - feature_engineer - INFO - Đã xử lý và lưu dữ liệu/metadata (an toàn, lọc nhiễu) cho HDB
2025-11-25 12:59:06,922 - feature_engineer - INFO - Đang merge_asof dữ liệu cơ bản cho TPB (direction='backward')...
2025-11-25 12:59:06,944 - feature_engineer - INFO - Đang tạo nhãn với ngưỡng lọc nhiễu (noise threshold) = 0.005...
2025-11-25 12:59:06,975 - feature_engineer - INFO - Đang fit scaler dựa trên 1542 mẫu (80% dữ liệu đầu).
2025-11-25 12:59:06,975 - feature_engineer - INFO - Sử dụng 'Vũ trụ Đặc trưng Ngắn hạn' cho t+1...
2025-11-25 12:59:06,975 - feature_engineer - INFO - Đang chạy lựa chọn đặc trưng cho Target_Direction_t+1 từ 18 ứng cử viên...
2025-11-25 12:59:07,105 - feature_engineer - INFO - Đã chọn 13 đặc trưng 'vàng' cho Target_Direction_t+1 (Top 3: ['High_to_Low', 'Close_MA7', 'Volatility_14']).
2025-11-25 12:59:07,110 - feature_engineer - INFO - Sử dụng 'Vũ trụ Đặc trưng Ngắn hạn' cho t+3...
2025-11-25 12:59:07,110 - feature_engineer - INFO - Đang chạy lựa chọn đặc trưng cho Target_Direction_t+3 từ 18 ứng cử viên...
2025-11-25 12:59:07,230 - feature_engineer - INFO - Đã chọn 13 đặc trưng 'vàng' cho Target_Direction_t+3 (Top 3: ['Close_MA7', 'Volatility_14', 'MACD']).
2025-11-25 12:59:07,235 - feature_engineer - INFO - Sử dụng 'Vũ trụ Đặc trưng Ngắn hạn' cho t+5...
2025-11-25 12:59:07,235 - feature_engineer - INFO - Đang chạy lựa chọn đặc trưng cho Target_Direction_t+5 từ 18 ứng cử viên...
2025-11-25 12:59:07,371 - feature_engineer - INFO - Đã chọn 13 đặc trưng 'vàng' cho Target_Direction_t+5 (Top 3: ['Close_MA7', 'MACD', 'Volume']).
2025-11-25 12:59:07,376 - feature_engineer - INFO - Sử dụng 'Vũ trụ Đặc trưng Đầy đủ' cho t+30...
2025-11-25 12:59:07,376 - feature_engineer - INFO - Đang chạy lựa chọn đặc trưng cho Target_Direction_t+30 từ 64 ứng cử viên...
2025-11-25 12:59:07,527 - feature_engineer - INFO - Đã chọn 30 đặc trưng 'vàng' cho Target_Direction_t+30 (Top 3: ['time_index', 'Close_MA100', 'Close_MA200']).
2025-11-25 12:59:07,543 - feature_engineer - INFO - Sử dụng 'Vũ trụ Đặc trưng Đầy đủ' cho t+60...
2025-11-25 12:59:07,544 - feature_engineer - INFO - Đang chạy lựa chọn đặc trưng cho Target_Direction_t+60 từ 64 ứng cử viên...
2025-11-25 12:59:07,684 - feature_engineer - INFO - Đã chọn 30 đặc trưng 'vàng' cho Target_Direction_t+60 (Top 3: ['Close', 'Close_MA100', 'time_index']).
2025-11-25 12:59:07,692 - feature_engineer - INFO - Sử dụng 'Vũ trụ Đặc trưng Đầy đủ' cho t+90...
2025-11-25 12:59:07,692 - feature_engineer - INFO - Đang chạy lựa chọn đặc trưng cho Target_Direction_t+90 từ 64 ứng cử viên...
2025-11-25 12:59:07,838 - feature_engineer - INFO - Đã chọn 30 đặc trưng 'vàng' cho Target_Direction_t+90 (Top 3: ['Close', 'Close_MA100', 'time_index']).
2025-11-25 12:59:07,844 - feature_engineer - INFO - Fit Main Scaler trên 1542 mẫu (proxy)...
2025-11-25 12:59:07,857 - feature_engineer - INFO - Transform Main Scaler trên 1928 mẫu (toàn bộ)...
2025-11-25 12:59:08,009 - feature_engineer - INFO - Đã xử lý và lưu dữ liệu/metadata (an toàn, lọc nhiễu) cho TPB
2025-11-25 13:26:15,404 - feature_engineer - ERROR - Không tìm thấy file VNINDEX.csv. Bỏ qua đặc trưng thị trường.
2025-11-25 13:26:15,454 - feature_engineer - INFO - Đang merge_asof dữ liệu cơ bản cho VCB (direction='backward')...
2025-11-25 13:26:15,508 - feature_engineer - INFO - Đang tạo nhãn với ngưỡng lọc nhiễu thích nghi (Adaptive Thresholding)...
2025-11-25 13:26:15,565 - feature_engineer - INFO - Đang fit scaler dựa trên 3200 mẫu (80% dữ liệu đầu).
2025-11-25 13:26:15,565 - feature_engineer - INFO - Sử dụng 'Vũ trụ Đặc trưng Ngắn hạn' cho t+1...
2025-11-25 13:26:15,565 - feature_engineer - INFO - Đang chạy lựa chọn đặc trưng cho Target_Direction_t+1 từ 18 ứng cử viên...
2025-11-25 13:26:15,711 - feature_engineer - INFO - Đã chọn 14 đặc trưng 'vàng' cho Target_Direction_t+1 (Top 3: ['High_to_Low', 'Close_MA7', 'RSI_14']).
2025-11-25 13:26:15,718 - feature_engineer - INFO - Sử dụng 'Vũ trụ Đặc trưng Ngắn hạn' cho t+3...
2025-11-25 13:26:15,718 - feature_engineer - INFO - Đang chạy lựa chọn đặc trưng cho Target_Direction_t+3 từ 18 ứng cử viên...
2025-11-25 13:26:15,852 - feature_engineer - INFO - Đã chọn 14 đặc trưng 'vàng' cho Target_Direction_t+3 (Top 3: ['Close_MA7', 'MACD', 'Volatility_14']).
2025-11-25 13:26:15,859 - feature_engineer - INFO - Sử dụng 'Vũ trụ Đặc trưng Ngắn hạn' cho t+5...
2025-11-25 13:26:15,859 - feature_engineer - INFO - Đang chạy lựa chọn đặc trưng cho Target_Direction_t+5 từ 18 ứng cử viên...
2025-11-25 13:26:15,992 - feature_engineer - INFO - Đã chọn 14 đặc trưng 'vàng' cho Target_Direction_t+5 (Top 3: ['Close_MA7', 'MACD_Signal', 'MACD']).
2025-11-25 13:26:15,999 - feature_engineer - INFO - Sử dụng 'Vũ trụ Đặc trưng Đầy đủ' cho t+30...
2025-11-25 13:26:15,999 - feature_engineer - INFO - Đang chạy lựa chọn đặc trưng cho Target_Direction_t+30 từ 64 ứng cử viên...
2025-11-25 13:26:16,148 - feature_engineer - INFO - Đã chọn 30 đặc trưng 'vàng' cho Target_Direction_t+30 (Top 3: ['Close', 'Volatility_60', 'MACD']).
2025-11-25 13:26:16,157 - feature_engineer - INFO - Sử dụng 'Vũ trụ Đặc trưng Đầy đủ' cho t+60...
2025-11-25 13:26:16,157 - feature_engineer - INFO - Đang chạy lựa chọn đặc trưng cho Target_Direction_t+60 từ 64 ứng cử viên...
2025-11-25 13:26:16,287 - feature_engineer - INFO - Đã chọn 30 đặc trưng 'vàng' cho Target_Direction_t+60 (Top 3: ['MACD', 'BVPS (VND)', 'Close']).
2025-11-25 13:26:16,296 - feature_engineer - INFO - Sử dụng 'Vũ trụ Đặc trưng Đầy đủ' cho t+90...
2025-11-25 13:26:16,296 - feature_engineer - INFO - Đang chạy lựa chọn đặc trưng cho Target_Direction_t+90 từ 64 ứng cử viên...
2025-11-25 13:26:16,428 - feature_engineer - INFO - Đã chọn 30 đặc trưng 'vàng' cho Target_Direction_t+90 (Top 3: ['P/E', 'Close', 'Provision_Coverage (%)']).
2025-11-25 13:26:16,436 - feature_engineer - INFO - Fit Main Scaler trên 3200 mẫu (proxy)...
2025-11-25 13:26:16,448 - feature_engineer - INFO - Transform Main Scaler trên 4000 mẫu (toàn bộ)...
2025-11-25 13:26:16,693 - feature_engineer - INFO - Đã xử lý và lưu dữ liệu/metadata (an toàn, lọc nhiễu) cho VCB
2025-11-25 13:26:16,718 - feature_engineer - INFO - Đang merge_asof dữ liệu cơ bản cho BID (direction='backward')...
2025-11-25 13:26:16,744 - feature_engineer - INFO - Đang tạo nhãn với ngưỡng lọc nhiễu thích nghi (Adaptive Thresholding)...
2025-11-25 13:26:16,795 - feature_engineer - INFO - Đang fit scaler dựa trên 2384 mẫu (80% dữ liệu đầu).
2025-11-25 13:26:16,795 - feature_engineer - INFO - Sử dụng 'Vũ trụ Đặc trưng Ngắn hạn' cho t+1...
2025-11-25 13:26:16,796 - feature_engineer - INFO - Đang chạy lựa chọn đặc trưng cho Target_Direction_t+1 từ 18 ứng cử viên...
2025-11-25 13:26:16,927 - feature_engineer - INFO - Đã chọn 13 đặc trưng 'vàng' cho Target_Direction_t+1 (Top 3: ['RSI_14', 'Volatility_14', 'High_to_Low']).
2025-11-25 13:26:16,931 - feature_engineer - INFO - Sử dụng 'Vũ trụ Đặc trưng Ngắn hạn' cho t+3...
2025-11-25 13:26:16,932 - feature_engineer - INFO - Đang chạy lựa chọn đặc trưng cho Target_Direction_t+3 từ 18 ứng cử viên...
2025-11-25 13:26:17,067 - feature_engineer - INFO - Đã chọn 13 đặc trưng 'vàng' cho Target_Direction_t+3 (Top 3: ['Volatility_14', 'Close_MA7', 'MACD']).
2025-11-25 13:26:17,073 - feature_engineer - INFO - Sử dụng 'Vũ trụ Đặc trưng Ngắn hạn' cho t+5...
2025-11-25 13:26:17,073 - feature_engineer - INFO - Đang chạy lựa chọn đặc trưng cho Target_Direction_t+5 từ 18 ứng cử viên...
2025-11-25 13:26:17,207 - feature_engineer - INFO - Đã chọn 13 đặc trưng 'vàng' cho Target_Direction_t+5 (Top 3: ['Close_MA7', 'Volatility_14', 'MACD']).
2025-11-25 13:26:17,214 - feature_engineer - INFO - Sử dụng 'Vũ trụ Đặc trưng Đầy đủ' cho t+30...
2025-11-25 13:26:17,214 - feature_engineer - INFO - Đang chạy lựa chọn đặc trưng cho Target_Direction_t+30 từ 64 ứng cử viên...
2025-11-25 13:26:17,363 - feature_engineer - INFO - Đã chọn 30 đặc trưng 'vàng' cho Target_Direction_t+30 (Top 3: ['Close', 'Volatility_60', 'Non_Interest_Income (%)']).
2025-11-25 13:26:17,371 - feature_engineer - INFO - Sử dụng 'Vũ trụ Đặc trưng Đầy đủ' cho t+60...
2025-11-25 13:26:17,371 - feature_engineer - INFO - Đang chạy lựa chọn đặc trưng cho Target_Direction_t+60 từ 64 ứng cử viên...
2025-11-25 13:26:17,518 - feature_engineer - INFO - Đã chọn 30 đặc trưng 'vàng' cho Target_Direction_t+60 (Top 3: ['Close', 'Close_lag_365', 'NIM_CIR_Ratio']).
2025-11-25 13:26:17,525 - feature_engineer - INFO - Sử dụng 'Vũ trụ Đặc trưng Đầy đủ' cho t+90...
2025-11-25 13:26:17,525 - feature_engineer - INFO - Đang chạy lựa chọn đặc trưng cho Target_Direction_t+90 từ 64 ứng cử viên...
2025-11-25 13:26:17,656 - feature_engineer - INFO - Đã chọn 30 đặc trưng 'vàng' cho Target_Direction_t+90 (Top 3: ['NIM_CIR_Ratio', 'CIR (%)', 'Volatility_60']).
2025-11-25 13:26:17,664 - feature_engineer - INFO - Fit Main Scaler trên 2384 mẫu (proxy)...
2025-11-25 13:26:17,675 - feature_engineer - INFO - Transform Main Scaler trên 2981 mẫu (toàn bộ)...
2025-11-25 13:26:17,845 - feature_engineer - INFO - Đã xử lý và lưu dữ liệu/metadata (an toàn, lọc nhiễu) cho BID
2025-11-25 13:26:18,077 - feature_engineer - INFO - Đang merge_asof dữ liệu cơ bản cho CTG (direction='backward')...
2025-11-25 13:26:18,106 - feature_engineer - INFO - Đang tạo nhãn với ngưỡng lọc nhiễu thích nghi (Adaptive Thresholding)...
2025-11-25 13:26:18,164 - feature_engineer - INFO - Đang fit scaler dựa trên 3200 mẫu (80% dữ liệu đầu).
2025-11-25 13:26:18,165 - feature_engineer - INFO - Sử dụng 'Vũ trụ Đặc trưng Ngắn hạn' cho t+1...
2025-11-25 13:26:18,165 - feature_engineer - INFO - Đang chạy lựa chọn đặc trưng cho Target_Direction_t+1 từ 18 ứng cử viên...
2025-11-25 13:26:18,306 - feature_engineer - INFO - Đã chọn 13 đặc trưng 'vàng' cho Target_Direction_t+1 (Top 3: ['Volume', 'MACD', 'Volatility_14']).
2025-11-25 13:26:18,313 - feature_engineer - INFO - Sử dụng 'Vũ trụ Đặc trưng Ngắn hạn' cho t+3...
2025-11-25 13:26:18,313 - feature_engineer - INFO - Đang chạy lựa chọn đặc trưng cho Target_Direction_t+3 từ 18 ứng cử viên...
2025-11-25 13:26:18,446 - feature_engineer - INFO - Đã chọn 13 đặc trưng 'vàng' cho Target_Direction_t+3 (Top 3: ['MACD', 'Close_MA7', 'Volatility_14']).
2025-11-25 13:26:18,453 - feature_engineer - INFO - Sử dụng 'Vũ trụ Đặc trưng Ngắn hạn' cho t+5...
2025-11-25 13:26:18,454 - feature_engineer - INFO - Đang chạy lựa chọn đặc trưng cho Target_Direction_t+5 từ 18 ứng cử viên...
2025-11-25 13:26:18,601 - feature_engineer - INFO - Đã chọn 13 đặc trưng 'vàng' cho Target_Direction_t+5 (Top 3: ['Close_MA7', 'MACD', 'Volatility_14']).
2025-11-25 13:26:18,608 - feature_engineer - INFO - Sử dụng 'Vũ trụ Đặc trưng Đầy đủ' cho t+30...
2025-11-25 13:26:18,609 - feature_engineer - INFO - Đang chạy lựa chọn đặc trưng cho Target_Direction_t+30 từ 64 ứng cử viên...
2025-11-25 13:26:18,759 - feature_engineer - INFO - Đã chọn 30 đặc trưng 'vàng' cho Target_Direction_t+30 (Top 3: ['Volatility_60', 'Close', 'MACD']).
2025-11-25 13:26:18,767 - feature_engineer - INFO - Sử dụng 'Vũ trụ Đặc trưng Đầy đủ' cho t+60...
2025-11-25 13:26:18,767 - feature_engineer - INFO - Đang chạy lựa chọn đặc trưng cho Target_Direction_t+60 từ 64 ứng cử viên...
2025-11-25 13:26:18,898 - feature_engineer - INFO - Đã chọn 30 đặc trưng 'vàng' cho Target_Direction_t+60 (Top 3: ['Close', 'eps_change', 'CIR (%)']).
2025-11-25 13:26:18,906 - feature_engineer - INFO - Sử dụng 'Vũ trụ Đặc trưng Đầy đủ' cho t+90...
2025-11-25 13:26:18,907 - feature_engineer - INFO - Đang chạy lựa chọn đặc trưng cho Target_Direction_t+90 từ 64 ứng cử viên...
2025-11-25 13:26:19,053 - feature_engineer - INFO - Đã chọn 30 đặc trưng 'vàng' cho Target_Direction_t+90 (Top 3: ['CIR (%)', 'Close', 'P/E']).
2025-11-25 13:26:19,062 - feature_engineer - INFO - Fit Main Scaler trên 3200 mẫu (proxy)...
2025-11-25 13:26:19,073 - feature_engineer - INFO - Transform Main Scaler trên 4000 mẫu (toàn bộ)...
2025-11-25 13:26:19,313 - feature_engineer - INFO - Đã xử lý và lưu dữ liệu/metadata (an toàn, lọc nhiễu) cho CTG
2025-11-25 13:26:19,337 - feature_engineer - INFO - Đang merge_asof dữ liệu cơ bản cho TCB (direction='backward')...
2025-11-25 13:26:19,365 - feature_engineer - INFO - Đang tạo nhãn với ngưỡng lọc nhiễu thích nghi (Adaptive Thresholding)...
2025-11-25 13:26:19,408 - feature_engineer - INFO - Đang fit scaler dựa trên 1519 mẫu (80% dữ liệu đầu).
2025-11-25 13:26:19,409 - feature_engineer - INFO - Sử dụng 'Vũ trụ Đặc trưng Ngắn hạn' cho t+1...
2025-11-25 13:26:19,409 - feature_engineer - INFO - Đang chạy lựa chọn đặc trưng cho Target_Direction_t+1 từ 18 ứng cử viên...
2025-11-25 13:26:19,535 - feature_engineer - INFO - Đã chọn 13 đặc trưng 'vàng' cho Target_Direction_t+1 (Top 3: ['Volume', 'Close_to_Open', 'MACD']).
2025-11-25 13:26:19,540 - feature_engineer - INFO - Sử dụng 'Vũ trụ Đặc trưng Ngắn hạn' cho t+3...
2025-11-25 13:26:19,540 - feature_engineer - INFO - Đang chạy lựa chọn đặc trưng cho Target_Direction_t+3 từ 18 ứng cử viên...
2025-11-25 13:26:19,660 - feature_engineer - INFO - Đã chọn 13 đặc trưng 'vàng' cho Target_Direction_t+3 (Top 3: ['Close_MA7', 'Volatility_14', 'MACD']).
2025-11-25 13:26:19,665 - feature_engineer - INFO - Sử dụng 'Vũ trụ Đặc trưng Ngắn hạn' cho t+5...
2025-11-25 13:26:19,665 - feature_engineer - INFO - Đang chạy lựa chọn đặc trưng cho Target_Direction_t+5 từ 18 ứng cử viên...
2025-11-25 13:26:19,786 - feature_engineer - INFO - Đã chọn 13 đặc trưng 'vàng' cho Target_Direction_t+5 (Top 3: ['Close_MA7', 'Volatility_14', 'MACD']).
2025-11-25 13:26:19,791 - feature_engineer - INFO - Sử dụng 'Vũ trụ Đặc trưng Đầy đủ' cho t+30...
2025-11-25 13:26:19,791 - feature_engineer - INFO - Đang chạy lựa chọn đặc trưng cho Target_Direction_t+30 từ 64 ứng cử viên...
2025-11-25 13:26:19,925 - feature_engineer - INFO - Đã chọn 30 đặc trưng 'vàng' cho Target_Direction_t+30 (Top 3: ['Volatility_60', 'time_index', 'Close']).
2025-11-25 13:26:19,932 - feature_engineer - INFO - Sử dụng 'Vũ trụ Đặc trưng Đầy đủ' cho t+60...
2025-11-25 13:26:19,933 - feature_engineer - INFO - Đang chạy lựa chọn đặc trưng cho Target_Direction_t+60 từ 64 ứng cử viên...
2025-11-25 13:26:20,066 - feature_engineer - INFO - Đã chọn 30 đặc trưng 'vàng' cho Target_Direction_t+60 (Top 3: ['time_index', 'Equity_on_Loan (%)', 'Provision_Coverage (%)']).
2025-11-25 13:26:20,074 - feature_engineer - INFO - Sử dụng 'Vũ trụ Đặc trưng Đầy đủ' cho t+90...
2025-11-25 13:26:20,074 - feature_engineer - INFO - Đang chạy lựa chọn đặc trưng cho Target_Direction_t+90 từ 64 ứng cử viên...
2025-11-25 13:26:20,206 - feature_engineer - INFO - Đã chọn 30 đặc trưng 'vàng' cho Target_Direction_t+90 (Top 3: ['time_index', 'ROE (%)', 'Cost_of_Funds (%)']).
2025-11-25 13:26:20,213 - feature_engineer - INFO - Fit Main Scaler trên 1519 mẫu (proxy)...
2025-11-25 13:26:20,224 - feature_engineer - INFO - Transform Main Scaler trên 1899 mẫu (toàn bộ)...
2025-11-25 13:26:20,339 - feature_engineer - INFO - Đã xử lý và lưu dữ liệu/metadata (an toàn, lọc nhiễu) cho TCB
2025-11-25 13:26:20,361 - feature_engineer - INFO - Đang merge_asof dữ liệu cơ bản cho MBB (direction='backward')...
2025-11-25 13:26:20,390 - feature_engineer - INFO - Đang tạo nhãn với ngưỡng lọc nhiễu thích nghi (Adaptive Thresholding)...
2025-11-25 13:26:20,446 - feature_engineer - INFO - Đang fit scaler dựa trên 2835 mẫu (80% dữ liệu đầu).
2025-11-25 13:26:20,447 - feature_engineer - INFO - Sử dụng 'Vũ trụ Đặc trưng Ngắn hạn' cho t+1...
2025-11-25 13:26:20,447 - feature_engineer - INFO - Đang chạy lựa chọn đặc trưng cho Target_Direction_t+1 từ 18 ứng cử viên...
2025-11-25 13:26:20,577 - feature_engineer - INFO - Đã chọn 13 đặc trưng 'vàng' cho Target_Direction_t+1 (Top 3: ['Volatility_14', 'High_to_Low', 'Volume']).
2025-11-25 13:26:20,583 - feature_engineer - INFO - Sử dụng 'Vũ trụ Đặc trưng Ngắn hạn' cho t+3...
2025-11-25 13:26:20,583 - feature_engineer - INFO - Đang chạy lựa chọn đặc trưng cho Target_Direction_t+3 từ 18 ứng cử viên...
2025-11-25 13:26:20,717 - feature_engineer - INFO - Đã chọn 13 đặc trưng 'vàng' cho Target_Direction_t+3 (Top 3: ['Volatility_14', 'Close_MA7', 'MACD']).
2025-11-25 13:26:20,724 - feature_engineer - INFO - Sử dụng 'Vũ trụ Đặc trưng Ngắn hạn' cho t+5...
2025-11-25 13:26:20,725 - feature_engineer - INFO - Đang chạy lựa chọn đặc trưng cho Target_Direction_t+5 từ 18 ứng cử viên...
2025-11-25 13:26:20,857 - feature_engineer - INFO - Đã chọn 13 đặc trưng 'vàng' cho Target_Direction_t+5 (Top 3: ['Close_MA7', 'MACD', 'Volatility_14']).
2025-11-25 13:26:20,863 - feature_engineer - INFO - Sử dụng 'Vũ trụ Đặc trưng Đầy đủ' cho t+30...
2025-11-25 13:26:20,863 - feature_engineer - INFO - Đang chạy lựa chọn đặc trưng cho Target_Direction_t+30 từ 64 ứng cử viên...
2025-11-25 13:26:21,012 - feature_engineer - INFO - Đã chọn 30 đặc trưng 'vàng' cho Target_Direction_t+30 (Top 3: ['Volatility_60', 'Close', 'time_index']).
2025-11-25 13:26:21,019 - feature_engineer - INFO - Sử dụng 'Vũ trụ Đặc trưng Đầy đủ' cho t+60...
2025-11-25 13:26:21,020 - feature_engineer - INFO - Đang chạy lựa chọn đặc trưng cho Target_Direction_t+60 từ 64 ứng cử viên...
2025-11-25 13:26:21,152 - feature_engineer - INFO - Đã chọn 30 đặc trưng 'vàng' cho Target_Direction_t+60 (Top 3: ['time_index', 'Close', 'eps_change']).
2025-11-25 13:26:21,159 - feature_engineer - INFO - Sử dụng 'Vũ trụ Đặc trưng Đầy đủ' cho t+90...
2025-11-25 13:26:21,159 - feature_engineer - INFO - Đang chạy lựa chọn đặc trưng cho Target_Direction_t+90 từ 64 ứng cử viên...
2025-11-25 13:26:21,431 - feature_engineer - INFO - Đã chọn 30 đặc trưng 'vàng' cho Target_Direction_t+90 (Top 3: ['eps_change', 'BVPS (VND)', 'NIM (%)']).
2025-11-25 13:26:21,438 - feature_engineer - INFO - Fit Main Scaler trên 2835 mẫu (proxy)...
2025-11-25 13:26:21,449 - feature_engineer - INFO - Transform Main Scaler trên 3544 mẫu (toàn bộ)...
2025-11-25 13:26:21,656 - feature_engineer - INFO - Đã xử lý và lưu dữ liệu/metadata (an toàn, lọc nhiễu) cho MBB
2025-11-25 13:26:21,674 - feature_engineer - INFO - Đang merge_asof dữ liệu cơ bản cho VPB (direction='backward')...
2025-11-25 13:26:21,698 - feature_engineer - INFO - Đang tạo nhãn với ngưỡng lọc nhiễu thích nghi (Adaptive Thresholding)...
2025-11-25 13:26:21,741 - feature_engineer - INFO - Đang fit scaler dựa trên 1676 mẫu (80% dữ liệu đầu).
2025-11-25 13:26:21,741 - feature_engineer - INFO - Sử dụng 'Vũ trụ Đặc trưng Ngắn hạn' cho t+1...
2025-11-25 13:26:21,741 - feature_engineer - INFO - Đang chạy lựa chọn đặc trưng cho Target_Direction_t+1 từ 18 ứng cử viên...
2025-11-25 13:26:21,870 - feature_engineer - INFO - Đã chọn 13 đặc trưng 'vàng' cho Target_Direction_t+1 (Top 3: ['High_to_Low', 'RSI_14', 'MACD']).
2025-11-25 13:26:21,875 - feature_engineer - INFO - Sử dụng 'Vũ trụ Đặc trưng Ngắn hạn' cho t+3...
2025-11-25 13:26:21,875 - feature_engineer - INFO - Đang chạy lựa chọn đặc trưng cho Target_Direction_t+3 từ 18 ứng cử viên...
2025-11-25 13:26:21,994 - feature_engineer - INFO - Đã chọn 13 đặc trưng 'vàng' cho Target_Direction_t+3 (Top 3: ['Close_MA7', 'MACD', 'RSI_14']).
2025-11-25 13:26:21,999 - feature_engineer - INFO - Sử dụng 'Vũ trụ Đặc trưng Ngắn hạn' cho t+5...
2025-11-25 13:26:21,999 - feature_engineer - INFO - Đang chạy lựa chọn đặc trưng cho Target_Direction_t+5 từ 18 ứng cử viên...
2025-11-25 13:26:22,117 - feature_engineer - INFO - Đã chọn 13 đặc trưng 'vàng' cho Target_Direction_t+5 (Top 3: ['Close_MA7', 'MACD', 'Volatility_14']).
2025-11-25 13:26:22,123 - feature_engineer - INFO - Sử dụng 'Vũ trụ Đặc trưng Đầy đủ' cho t+30...
2025-11-25 13:26:22,124 - feature_engineer - INFO - Đang chạy lựa chọn đặc trưng cho Target_Direction_t+30 từ 64 ứng cử viên...
2025-11-25 13:26:22,260 - feature_engineer - INFO - Đã chọn 30 đặc trưng 'vàng' cho Target_Direction_t+30 (Top 3: ['Close', 'time_index', 'MACD']).
2025-11-25 13:26:22,267 - feature_engineer - INFO - Sử dụng 'Vũ trụ Đặc trưng Đầy đủ' cho t+60...
2025-11-25 13:26:22,267 - feature_engineer - INFO - Đang chạy lựa chọn đặc trưng cho Target_Direction_t+60 từ 64 ứng cử viên...
2025-11-25 13:26:22,398 - feature_engineer - INFO - Đã chọn 30 đặc trưng 'vàng' cho Target_Direction_t+60 (Top 3: ['time_index', 'Loan_to_Asset (%)', 'ROE (%)']).
2025-11-25 13:26:22,405 - feature_engineer - INFO - Sử dụng 'Vũ trụ Đặc trưng Đầy đủ' cho t+90...
2025-11-25 13:26:22,405 - feature_engineer - INFO - Đang chạy lựa chọn đặc trưng cho Target_Direction_t+90 từ 64 ứng cử viên...
2025-11-25 13:26:22,538 - feature_engineer - INFO - Đã chọn 30 đặc trưng 'vàng' cho Target_Direction_t+90 (Top 3: ['NPL (%)', 'EPS (VND)', 'Provision_Coverage (%)']).
2025-11-25 13:26:22,545 - feature_engineer - INFO - Fit Main Scaler trên 1676 mẫu (proxy)...
2025-11-25 13:26:22,554 - feature_engineer - INFO - Transform Main Scaler trên 2096 mẫu (toàn bộ)...
2025-11-25 13:26:22,679 - feature_engineer - INFO - Đã xử lý và lưu dữ liệu/metadata (an toàn, lọc nhiễu) cho VPB
2025-11-25 13:26:22,706 - feature_engineer - INFO - Đang merge_asof dữ liệu cơ bản cho ACB (direction='backward')...
2025-11-25 13:26:22,731 - feature_engineer - INFO - Đang tạo nhãn với ngưỡng lọc nhiễu thích nghi (Adaptive Thresholding)...
2025-11-25 13:26:22,785 - feature_engineer - INFO - Đang fit scaler dựa trên 3200 mẫu (80% dữ liệu đầu).
2025-11-25 13:26:22,786 - feature_engineer - INFO - Sử dụng 'Vũ trụ Đặc trưng Ngắn hạn' cho t+1...
2025-11-25 13:26:22,786 - feature_engineer - INFO - Đang chạy lựa chọn đặc trưng cho Target_Direction_t+1 từ 18 ứng cử viên...
2025-11-25 13:26:22,913 - feature_engineer - INFO - Đã chọn 13 đặc trưng 'vàng' cho Target_Direction_t+1 (Top 3: ['Volatility_14', 'Volume', 'RSI_14']).
2025-11-25 13:26:22,918 - feature_engineer - INFO - Sử dụng 'Vũ trụ Đặc trưng Ngắn hạn' cho t+3...
2025-11-25 13:26:22,918 - feature_engineer - INFO - Đang chạy lựa chọn đặc trưng cho Target_Direction_t+3 từ 18 ứng cử viên...
2025-11-25 13:26:23,053 - feature_engineer - INFO - Đã chọn 14 đặc trưng 'vàng' cho Target_Direction_t+3 (Top 3: ['Close_MA7', 'Volatility_14', 'MACD']).
2025-11-25 13:26:23,059 - feature_engineer - INFO - Sử dụng 'Vũ trụ Đặc trưng Ngắn hạn' cho t+5...
2025-11-25 13:26:23,060 - feature_engineer - INFO - Đang chạy lựa chọn đặc trưng cho Target_Direction_t+5 từ 18 ứng cử viên...
2025-11-25 13:26:23,194 - feature_engineer - INFO - Đã chọn 13 đặc trưng 'vàng' cho Target_Direction_t+5 (Top 3: ['Close_MA7', 'Volatility_14', 'MACD']).
2025-11-25 13:26:23,201 - feature_engineer - INFO - Sử dụng 'Vũ trụ Đặc trưng Đầy đủ' cho t+30...
2025-11-25 13:26:23,201 - feature_engineer - INFO - Đang chạy lựa chọn đặc trưng cho Target_Direction_t+30 từ 64 ứng cử viên...
2025-11-25 13:26:23,353 - feature_engineer - INFO - Đã chọn 30 đặc trưng 'vàng' cho Target_Direction_t+30 (Top 3: ['time_index', 'Close', 'MACD']).
2025-11-25 13:26:23,360 - feature_engineer - INFO - Sử dụng 'Vũ trụ Đặc trưng Đầy đủ' cho t+60...
2025-11-25 13:26:23,361 - feature_engineer - INFO - Đang chạy lựa chọn đặc trưng cho Target_Direction_t+60 từ 64 ứng cử viên...
2025-11-25 13:26:23,492 - feature_engineer - INFO - Đã chọn 30 đặc trưng 'vàng' cho Target_Direction_t+60 (Top 3: ['cancel_debt', 'time_index', 'eps_change']).
2025-11-25 13:26:23,499 - feature_engineer - INFO - Sử dụng 'Vũ trụ Đặc trưng Đầy đủ' cho t+90...
2025-11-25 13:26:23,499 - feature_engineer - INFO - Đang chạy lựa chọn đặc trưng cho Target_Direction_t+90 từ 64 ứng cử viên...
2025-11-25 13:26:23,632 - feature_engineer - INFO - Đã chọn 30 đặc trưng 'vàng' cho Target_Direction_t+90 (Top 3: ['cancel_debt', 'Close', 'time_index']).
2025-11-25 13:26:23,640 - feature_engineer - INFO - Fit Main Scaler trên 3200 mẫu (proxy)...
2025-11-25 13:26:23,650 - feature_engineer - INFO - Transform Main Scaler trên 4000 mẫu (toàn bộ)...
2025-11-25 13:26:23,878 - feature_engineer - INFO - Đã xử lý và lưu dữ liệu/metadata (an toàn, lọc nhiễu) cho ACB
2025-11-25 13:26:23,904 - feature_engineer - INFO - Đang merge_asof dữ liệu cơ bản cho STB (direction='backward')...
2025-11-25 13:26:23,932 - feature_engineer - INFO - Đang tạo nhãn với ngưỡng lọc nhiễu thích nghi (Adaptive Thresholding)...
2025-11-25 13:26:23,987 - feature_engineer - INFO - Đang fit scaler dựa trên 3200 mẫu (80% dữ liệu đầu).
2025-11-25 13:26:23,988 - feature_engineer - INFO - Sử dụng 'Vũ trụ Đặc trưng Ngắn hạn' cho t+1...
2025-11-25 13:26:23,988 - feature_engineer - INFO - Đang chạy lựa chọn đặc trưng cho Target_Direction_t+1 từ 18 ứng cử viên...
2025-11-25 13:26:24,127 - feature_engineer - INFO - Đã chọn 13 đặc trưng 'vàng' cho Target_Direction_t+1 (Top 3: ['Volume', 'Volatility_14', 'Close_MA7']).
2025-11-25 13:26:24,133 - feature_engineer - INFO - Sử dụng 'Vũ trụ Đặc trưng Ngắn hạn' cho t+3...
2025-11-25 13:26:24,133 - feature_engineer - INFO - Đang chạy lựa chọn đặc trưng cho Target_Direction_t+3 từ 18 ứng cử viên...
2025-11-25 13:26:24,268 - feature_engineer - INFO - Đã chọn 13 đặc trưng 'vàng' cho Target_Direction_t+3 (Top 3: ['Close_MA7', 'MACD', 'Volatility_14']).
2025-11-25 13:26:24,274 - feature_engineer - INFO - Sử dụng 'Vũ trụ Đặc trưng Ngắn hạn' cho t+5...
2025-11-25 13:26:24,275 - feature_engineer - INFO - Đang chạy lựa chọn đặc trưng cho Target_Direction_t+5 từ 18 ứng cử viên...
2025-11-25 13:26:24,406 - feature_engineer - INFO - Đã chọn 13 đặc trưng 'vàng' cho Target_Direction_t+5 (Top 3: ['Close_MA7', 'Volatility_14', 'MACD']).
2025-11-25 13:26:24,414 - feature_engineer - INFO - Sử dụng 'Vũ trụ Đặc trưng Đầy đủ' cho t+30...
2025-11-25 13:26:24,414 - feature_engineer - INFO - Đang chạy lựa chọn đặc trưng cho Target_Direction_t+30 từ 64 ứng cử viên...
2025-11-25 13:26:24,563 - feature_engineer - INFO - Đã chọn 30 đặc trưng 'vàng' cho Target_Direction_t+30 (Top 3: ['Close', 'time_index', 'Close_lag_365']).
2025-11-25 13:26:24,571 - feature_engineer - INFO - Sử dụng 'Vũ trụ Đặc trưng Đầy đủ' cho t+60...
2025-11-25 13:26:24,571 - feature_engineer - INFO - Đang chạy lựa chọn đặc trưng cho Target_Direction_t+60 từ 64 ứng cử viên...
2025-11-25 13:26:24,718 - feature_engineer - INFO - Đã chọn 30 đặc trưng 'vàng' cho Target_Direction_t+60 (Top 3: ['Credit_Growth (%)', 'Close', 'time_index']).
2025-11-25 13:26:24,726 - feature_engineer - INFO - Sử dụng 'Vũ trụ Đặc trưng Đầy đủ' cho t+90...
2025-11-25 13:26:24,726 - feature_engineer - INFO - Đang chạy lựa chọn đặc trưng cho Target_Direction_t+90 từ 64 ứng cử viên...
2025-11-25 13:26:24,872 - feature_engineer - INFO - Đã chọn 30 đặc trưng 'vàng' cho Target_Direction_t+90 (Top 3: ['Credit_Growth (%)', 'time_index', 'Close']).
2025-11-25 13:26:24,880 - feature_engineer - INFO - Fit Main Scaler trên 3200 mẫu (proxy)...
2025-11-25 13:26:24,892 - feature_engineer - INFO - Transform Main Scaler trên 4000 mẫu (toàn bộ)...
2025-11-25 13:26:25,119 - feature_engineer - INFO - Đã xử lý và lưu dữ liệu/metadata (an toàn, lọc nhiễu) cho STB
2025-11-25 13:26:25,139 - feature_engineer - INFO - Đang merge_asof dữ liệu cơ bản cho HDB (direction='backward')...
2025-11-25 13:26:25,160 - feature_engineer - INFO - Đang tạo nhãn với ngưỡng lọc nhiễu thích nghi (Adaptive Thresholding)...
2025-11-25 13:26:25,203 - feature_engineer - INFO - Đang fit scaler dựa trên 1597 mẫu (80% dữ liệu đầu).
2025-11-25 13:26:25,204 - feature_engineer - INFO - Sử dụng 'Vũ trụ Đặc trưng Ngắn hạn' cho t+1...
2025-11-25 13:26:25,204 - feature_engineer - INFO - Đang chạy lựa chọn đặc trưng cho Target_Direction_t+1 từ 18 ứng cử viên...
2025-11-25 13:26:25,326 - feature_engineer - INFO - Đã chọn 13 đặc trưng 'vàng' cho Target_Direction_t+1 (Top 3: ['RSI_14', 'High_to_Low', 'Close_MA7']).
2025-11-25 13:26:25,331 - feature_engineer - INFO - Sử dụng 'Vũ trụ Đặc trưng Ngắn hạn' cho t+3...
2025-11-25 13:26:25,331 - feature_engineer - INFO - Đang chạy lựa chọn đặc trưng cho Target_Direction_t+3 từ 18 ứng cử viên...
2025-11-25 13:26:25,451 - feature_engineer - INFO - Đã chọn 13 đặc trưng 'vàng' cho Target_Direction_t+3 (Top 3: ['Close_MA7', 'High_to_Low', 'MACD']).
2025-11-25 13:26:25,456 - feature_engineer - INFO - Sử dụng 'Vũ trụ Đặc trưng Ngắn hạn' cho t+5...
2025-11-25 13:26:25,456 - feature_engineer - INFO - Đang chạy lựa chọn đặc trưng cho Target_Direction_t+5 từ 18 ứng cử viên...
2025-11-25 13:26:25,591 - feature_engineer - INFO - Đã chọn 13 đặc trưng 'vàng' cho Target_Direction_t+5 (Top 3: ['Close_MA7', 'MACD', 'Volatility_14']).
2025-11-25 13:26:25,596 - feature_engineer - INFO - Sử dụng 'Vũ trụ Đặc trưng Đầy đủ' cho t+30...
2025-11-25 13:26:25,596 - feature_engineer - INFO - Đang chạy lựa chọn đặc trưng cho Target_Direction_t+30 từ 64 ứng cử viên...
2025-11-25 13:26:25,731 - feature_engineer - INFO - Đã chọn 30 đặc trưng 'vàng' cho Target_Direction_t+30 (Top 3: ['Close', 'time_index', 'Provision_Coverage (%)']).
2025-11-25 13:26:25,738 - feature_engineer - INFO - Sử dụng 'Vũ trụ Đặc trưng Đầy đủ' cho t+60...
2025-11-25 13:26:25,738 - feature_engineer - INFO - Đang chạy lựa chọn đặc trưng cho Target_Direction_t+60 từ 64 ứng cử viên...
2025-11-25 13:26:25,870 - feature_engineer - INFO - Đã chọn 30 đặc trưng 'vàng' cho Target_Direction_t+60 (Top 3: ['time_index', 'NPL (%)', 'Provision_Coverage (%)']).
2025-11-25 13:26:25,878 - feature_engineer - INFO - Sử dụng 'Vũ trụ Đặc trưng Đầy đủ' cho t+90...
2025-11-25 13:26:25,878 - feature_engineer - INFO - Đang chạy lựa chọn đặc trưng cho Target_Direction_t+90 từ 64 ứng cử viên...
2025-11-25 13:26:26,010 - feature_engineer - INFO - Đã chọn 30 đặc trưng 'vàng' cho Target_Direction_t+90 (Top 3: ['NIM (%)', 'time_index', 'EPS (VND)']).
2025-11-25 13:26:26,016 - feature_engineer - INFO - Fit Main Scaler trên 1597 mẫu (proxy)...
2025-11-25 13:26:26,026 - feature_engineer - INFO - Transform Main Scaler trên 1997 mẫu (toàn bộ)...
2025-11-25 13:26:26,158 - feature_engineer - INFO - Đã xử lý và lưu dữ liệu/metadata (an toàn, lọc nhiễu) cho HDB
2025-11-25 13:26:26,180 - feature_engineer - INFO - Đang merge_asof dữ liệu cơ bản cho TPB (direction='backward')...
2025-11-25 13:26:26,201 - feature_engineer - INFO - Đang tạo nhãn với ngưỡng lọc nhiễu thích nghi (Adaptive Thresholding)...
2025-11-25 13:26:26,248 - feature_engineer - INFO - Đang fit scaler dựa trên 1542 mẫu (80% dữ liệu đầu).
2025-11-25 13:26:26,248 - feature_engineer - INFO - Sử dụng 'Vũ trụ Đặc trưng Ngắn hạn' cho t+1...
2025-11-25 13:26:26,249 - feature_engineer - INFO - Đang chạy lựa chọn đặc trưng cho Target_Direction_t+1 từ 18 ứng cử viên...
2025-11-25 13:26:26,370 - feature_engineer - INFO - Đã chọn 13 đặc trưng 'vàng' cho Target_Direction_t+1 (Top 3: ['High_to_Low', 'Close_MA7', 'Volatility_14']).
2025-11-25 13:26:26,375 - feature_engineer - INFO - Sử dụng 'Vũ trụ Đặc trưng Ngắn hạn' cho t+3...
2025-11-25 13:26:26,375 - feature_engineer - INFO - Đang chạy lựa chọn đặc trưng cho Target_Direction_t+3 từ 18 ứng cử viên...
2025-11-25 13:26:26,496 - feature_engineer - INFO - Đã chọn 13 đặc trưng 'vàng' cho Target_Direction_t+3 (Top 3: ['Close_MA7', 'Volatility_14', 'MACD']).
2025-11-25 13:26:26,501 - feature_engineer - INFO - Sử dụng 'Vũ trụ Đặc trưng Ngắn hạn' cho t+5...
2025-11-25 13:26:26,501 - feature_engineer - INFO - Đang chạy lựa chọn đặc trưng cho Target_Direction_t+5 từ 18 ứng cử viên...
2025-11-25 13:26:26,620 - feature_engineer - INFO - Đã chọn 13 đặc trưng 'vàng' cho Target_Direction_t+5 (Top 3: ['Close_MA7', 'MACD', 'Volume']).
2025-11-25 13:26:26,625 - feature_engineer - INFO - Sử dụng 'Vũ trụ Đặc trưng Đầy đủ' cho t+30...
2025-11-25 13:26:26,625 - feature_engineer - INFO - Đang chạy lựa chọn đặc trưng cho Target_Direction_t+30 từ 64 ứng cử viên...
2025-11-25 13:26:26,758 - feature_engineer - INFO - Đã chọn 30 đặc trưng 'vàng' cho Target_Direction_t+30 (Top 3: ['Close_MA200', 'Close', 'Close_MA100']).
2025-11-25 13:26:26,776 - feature_engineer - INFO - Sử dụng 'Vũ trụ Đặc trưng Đầy đủ' cho t+60...
2025-11-25 13:26:26,776 - feature_engineer - INFO - Đang chạy lựa chọn đặc trưng cho Target_Direction_t+60 từ 64 ứng cử viên...
2025-11-25 13:26:26,915 - feature_engineer - INFO - Đã chọn 30 đặc trưng 'vàng' cho Target_Direction_t+60 (Top 3: ['Close_MA200', 'EPS (VND)', 'Loan_to_Deposit (%)']).
2025-11-25 13:26:26,923 - feature_engineer - INFO - Sử dụng 'Vũ trụ Đặc trưng Đầy đủ' cho t+90...
2025-11-25 13:26:26,923 - feature_engineer - INFO - Đang chạy lựa chọn đặc trưng cho Target_Direction_t+90 từ 64 ứng cử viên...
2025-11-25 13:26:27,054 - feature_engineer - INFO - Đã chọn 30 đặc trưng 'vàng' cho Target_Direction_t+90 (Top 3: ['Close_MA100', 'Close_MA200', 'EPS (VND)']).
2025-11-25 13:26:27,061 - feature_engineer - INFO - Fit Main Scaler trên 1542 mẫu (proxy)...
2025-11-25 13:26:27,071 - feature_engineer - INFO - Transform Main Scaler trên 1928 mẫu (toàn bộ)...
2025-11-25 13:26:27,186 - feature_engineer - INFO - Đã xử lý và lưu dữ liệu/metadata (an toàn, lọc nhiễu) cho TPB
2025-11-25 13:38:13,376 - feature_engineer - ERROR - Không tìm thấy file VNINDEX.csv. Bỏ qua đặc trưng thị trường.
2025-11-25 13:38:13,419 - feature_engineer - INFO - Đang merge_asof dữ liệu cơ bản cho VCB (direction='backward')...
2025-11-25 13:38:13,468 - feature_engineer - INFO - Đang tạo nhãn với ngưỡng lọc nhiễu thích nghi (Adaptive Thresholding)...
2025-11-25 13:38:13,519 - feature_engineer - INFO - Đang fit scaler dựa trên 3200 mẫu (80% dữ liệu đầu).
2025-11-25 13:38:13,519 - feature_engineer - INFO - Sử dụng 'Vũ trụ Đặc trưng Ngắn hạn' cho t+1...
2025-11-25 13:38:13,520 - feature_engineer - INFO - Đang chạy lựa chọn đặc trưng cho Target_Direction_t+1 từ 18 ứng cử viên...
2025-11-25 13:38:13,664 - feature_engineer - INFO - Đã chọn 14 đặc trưng 'vàng' cho Target_Direction_t+1 (Top 3: ['Volume', 'Close_MA7', 'High_to_Low']).
2025-11-25 13:38:13,671 - feature_engineer - INFO - Sử dụng 'Vũ trụ Đặc trưng Ngắn hạn' cho t+3...
2025-11-25 13:38:13,671 - feature_engineer - INFO - Đang chạy lựa chọn đặc trưng cho Target_Direction_t+3 từ 18 ứng cử viên...
2025-11-25 13:38:13,804 - feature_engineer - INFO - Đã chọn 14 đặc trưng 'vàng' cho Target_Direction_t+3 (Top 3: ['Close_MA7', 'MACD_Signal', 'Volatility_14']).
2025-11-25 13:38:13,812 - feature_engineer - INFO - Sử dụng 'Vũ trụ Đặc trưng Ngắn hạn' cho t+5...
2025-11-25 13:38:13,812 - feature_engineer - INFO - Đang chạy lựa chọn đặc trưng cho Target_Direction_t+5 từ 18 ứng cử viên...
2025-11-25 13:38:13,946 - feature_engineer - INFO - Đã chọn 14 đặc trưng 'vàng' cho Target_Direction_t+5 (Top 3: ['Close_MA7', 'MACD_Signal', 'MACD']).
2025-11-25 13:38:13,953 - feature_engineer - INFO - Sử dụng 'Vũ trụ Đặc trưng Đầy đủ' cho t+30...
2025-11-25 13:38:13,954 - feature_engineer - INFO - Đang chạy lựa chọn đặc trưng cho Target_Direction_t+30 từ 64 ứng cử viên...
2025-11-25 13:38:14,117 - feature_engineer - INFO - Đã chọn 30 đặc trưng 'vàng' cho Target_Direction_t+30 (Top 3: ['Close', 'Volatility_60', 'MACD']).
2025-11-25 13:38:14,125 - feature_engineer - INFO - Sử dụng 'Vũ trụ Đặc trưng Đầy đủ' cho t+60...
2025-11-25 13:38:14,125 - feature_engineer - INFO - Đang chạy lựa chọn đặc trưng cho Target_Direction_t+60 từ 64 ứng cử viên...
2025-11-25 13:38:14,271 - feature_engineer - INFO - Đã chọn 30 đặc trưng 'vàng' cho Target_Direction_t+60 (Top 3: ['Close', 'MACD', 'Volatility_60']).
2025-11-25 13:38:14,279 - feature_engineer - INFO - Sử dụng 'Vũ trụ Đặc trưng Đầy đủ' cho t+90...
2025-11-25 13:38:14,279 - feature_engineer - INFO - Đang chạy lựa chọn đặc trưng cho Target_Direction_t+90 từ 64 ứng cử viên...
2025-11-25 13:38:14,427 - feature_engineer - INFO - Đã chọn 30 đặc trưng 'vàng' cho Target_Direction_t+90 (Top 3: ['Close', 'P/E', 'Provision_Coverage (%)']).
2025-11-25 13:38:14,434 - feature_engineer - INFO - Fit Main Scaler trên 3200 mẫu (proxy)...
2025-11-25 13:38:14,446 - feature_engineer - INFO - Transform Main Scaler trên 4000 mẫu (toàn bộ)...
2025-11-25 13:38:14,689 - feature_engineer - INFO - Đã xử lý và lưu dữ liệu/metadata (an toàn, lọc nhiễu) cho VCB
2025-11-25 13:38:14,715 - feature_engineer - INFO - Đang merge_asof dữ liệu cơ bản cho BID (direction='backward')...
2025-11-25 13:38:14,739 - feature_engineer - INFO - Đang tạo nhãn với ngưỡng lọc nhiễu thích nghi (Adaptive Thresholding)...
2025-11-25 13:38:14,789 - feature_engineer - INFO - Đang fit scaler dựa trên 2384 mẫu (80% dữ liệu đầu).
2025-11-25 13:38:14,789 - feature_engineer - INFO - Sử dụng 'Vũ trụ Đặc trưng Ngắn hạn' cho t+1...
2025-11-25 13:38:14,789 - feature_engineer - INFO - Đang chạy lựa chọn đặc trưng cho Target_Direction_t+1 từ 18 ứng cử viên...
2025-11-25 13:38:14,924 - feature_engineer - INFO - Đã chọn 13 đặc trưng 'vàng' cho Target_Direction_t+1 (Top 3: ['RSI_14', 'Close_to_Open', 'High_to_Low']).
2025-11-25 13:38:14,929 - feature_engineer - INFO - Sử dụng 'Vũ trụ Đặc trưng Ngắn hạn' cho t+3...
2025-11-25 13:38:14,929 - feature_engineer - INFO - Đang chạy lựa chọn đặc trưng cho Target_Direction_t+3 từ 18 ứng cử viên...
2025-11-25 13:38:15,063 - feature_engineer - INFO - Đã chọn 13 đặc trưng 'vàng' cho Target_Direction_t+3 (Top 3: ['Volatility_14', 'Close_MA7', 'MACD']).
2025-11-25 13:38:15,069 - feature_engineer - INFO - Sử dụng 'Vũ trụ Đặc trưng Ngắn hạn' cho t+5...
2025-11-25 13:38:15,069 - feature_engineer - INFO - Đang chạy lựa chọn đặc trưng cho Target_Direction_t+5 từ 18 ứng cử viên...
2025-11-25 13:38:15,203 - feature_engineer - INFO - Đã chọn 13 đặc trưng 'vàng' cho Target_Direction_t+5 (Top 3: ['Close_MA7', 'MACD', 'Volatility_14']).
2025-11-25 13:38:15,210 - feature_engineer - INFO - Sử dụng 'Vũ trụ Đặc trưng Đầy đủ' cho t+30...
2025-11-25 13:38:15,210 - feature_engineer - INFO - Đang chạy lựa chọn đặc trưng cho Target_Direction_t+30 từ 64 ứng cử viên...
2025-11-25 13:38:15,358 - feature_engineer - INFO - Đã chọn 30 đặc trưng 'vàng' cho Target_Direction_t+30 (Top 3: ['Close', 'Volatility_60', 'Non_Interest_Income (%)']).
2025-11-25 13:38:15,366 - feature_engineer - INFO - Sử dụng 'Vũ trụ Đặc trưng Đầy đủ' cho t+60...
2025-11-25 13:38:15,366 - feature_engineer - INFO - Đang chạy lựa chọn đặc trưng cho Target_Direction_t+60 từ 64 ứng cử viên...
2025-11-25 13:38:15,514 - feature_engineer - INFO - Đã chọn 30 đặc trưng 'vàng' cho Target_Direction_t+60 (Top 3: ['Close', 'Close_MA200', 'MACD']).
2025-11-25 13:38:15,520 - feature_engineer - INFO - Sử dụng 'Vũ trụ Đặc trưng Đầy đủ' cho t+90...
2025-11-25 13:38:15,521 - feature_engineer - INFO - Đang chạy lựa chọn đặc trưng cho Target_Direction_t+90 từ 64 ứng cử viên...
2025-11-25 13:38:15,668 - feature_engineer - INFO - Đã chọn 30 đặc trưng 'vàng' cho Target_Direction_t+90 (Top 3: ['Close', 'MACD', 'Close_MA200']).
2025-11-25 13:38:15,676 - feature_engineer - INFO - Fit Main Scaler trên 2384 mẫu (proxy)...
2025-11-25 13:38:15,687 - feature_engineer - INFO - Transform Main Scaler trên 2981 mẫu (toàn bộ)...
2025-11-25 13:38:15,857 - feature_engineer - INFO - Đã xử lý và lưu dữ liệu/metadata (an toàn, lọc nhiễu) cho BID
2025-11-25 13:38:15,883 - feature_engineer - INFO - Đang merge_asof dữ liệu cơ bản cho CTG (direction='backward')...
2025-11-25 13:38:15,909 - feature_engineer - INFO - Đang tạo nhãn với ngưỡng lọc nhiễu thích nghi (Adaptive Thresholding)...
2025-11-25 13:38:15,957 - feature_engineer - INFO - Đang fit scaler dựa trên 3200 mẫu (80% dữ liệu đầu).
2025-11-25 13:38:15,957 - feature_engineer - INFO - Sử dụng 'Vũ trụ Đặc trưng Ngắn hạn' cho t+1...
2025-11-25 13:38:15,957 - feature_engineer - INFO - Đang chạy lựa chọn đặc trưng cho Target_Direction_t+1 từ 18 ứng cử viên...
2025-11-25 13:38:16,089 - feature_engineer - INFO - Đã chọn 13 đặc trưng 'vàng' cho Target_Direction_t+1 (Top 3: ['High_to_Low', 'MACD', 'Volatility_14']).
2025-11-25 13:38:16,095 - feature_engineer - INFO - Sử dụng 'Vũ trụ Đặc trưng Ngắn hạn' cho t+3...
2025-11-25 13:38:16,095 - feature_engineer - INFO - Đang chạy lựa chọn đặc trưng cho Target_Direction_t+3 từ 18 ứng cử viên...
2025-11-25 13:38:16,230 - feature_engineer - INFO - Đã chọn 13 đặc trưng 'vàng' cho Target_Direction_t+3 (Top 3: ['Close_MA7', 'MACD', 'Volatility_14']).
2025-11-25 13:38:16,236 - feature_engineer - INFO - Sử dụng 'Vũ trụ Đặc trưng Ngắn hạn' cho t+5...
2025-11-25 13:38:16,237 - feature_engineer - INFO - Đang chạy lựa chọn đặc trưng cho Target_Direction_t+5 từ 18 ứng cử viên...
2025-11-25 13:38:16,383 - feature_engineer - INFO - Đã chọn 13 đặc trưng 'vàng' cho Target_Direction_t+5 (Top 3: ['MACD', 'Close_MA7', 'Volatility_14']).
2025-11-25 13:38:16,390 - feature_engineer - INFO - Sử dụng 'Vũ trụ Đặc trưng Đầy đủ' cho t+30...
2025-11-25 13:38:16,390 - feature_engineer - INFO - Đang chạy lựa chọn đặc trưng cho Target_Direction_t+30 từ 64 ứng cử viên...
2025-11-25 13:38:16,539 - feature_engineer - INFO - Đã chọn 30 đặc trưng 'vàng' cho Target_Direction_t+30 (Top 3: ['Volatility_60', 'Close', 'MACD']).
2025-11-25 13:38:16,547 - feature_engineer - INFO - Sử dụng 'Vũ trụ Đặc trưng Đầy đủ' cho t+60...
2025-11-25 13:38:16,547 - feature_engineer - INFO - Đang chạy lựa chọn đặc trưng cho Target_Direction_t+60 từ 64 ứng cử viên...
2025-11-25 13:38:16,694 - feature_engineer - INFO - Đã chọn 30 đặc trưng 'vàng' cho Target_Direction_t+60 (Top 3: ['Close', 'CIR (%)', 'Volatility_60']).
2025-11-25 13:38:16,702 - feature_engineer - INFO - Sử dụng 'Vũ trụ Đặc trưng Đầy đủ' cho t+90...
2025-11-25 13:38:16,703 - feature_engineer - INFO - Đang chạy lựa chọn đặc trưng cho Target_Direction_t+90 từ 64 ứng cử viên...
2025-11-25 13:38:16,849 - feature_engineer - INFO - Đã chọn 30 đặc trưng 'vàng' cho Target_Direction_t+90 (Top 3: ['Close', 'CIR (%)', 'eps_change']).
2025-11-25 13:38:16,857 - feature_engineer - INFO - Fit Main Scaler trên 3200 mẫu (proxy)...
2025-11-25 13:38:16,869 - feature_engineer - INFO - Transform Main Scaler trên 4000 mẫu (toàn bộ)...
2025-11-25 13:38:17,102 - feature_engineer - INFO - Đã xử lý và lưu dữ liệu/metadata (an toàn, lọc nhiễu) cho CTG
2025-11-25 13:38:17,126 - feature_engineer - INFO - Đang merge_asof dữ liệu cơ bản cho TCB (direction='backward')...
2025-11-25 13:38:17,147 - feature_engineer - INFO - Đang tạo nhãn với ngưỡng lọc nhiễu thích nghi (Adaptive Thresholding)...
2025-11-25 13:38:17,189 - feature_engineer - INFO - Đang fit scaler dựa trên 1519 mẫu (80% dữ liệu đầu).
2025-11-25 13:38:17,190 - feature_engineer - INFO - Sử dụng 'Vũ trụ Đặc trưng Ngắn hạn' cho t+1...
2025-11-25 13:38:17,190 - feature_engineer - INFO - Đang chạy lựa chọn đặc trưng cho Target_Direction_t+1 từ 18 ứng cử viên...
2025-11-25 13:38:17,317 - feature_engineer - INFO - Đã chọn 13 đặc trưng 'vàng' cho Target_Direction_t+1 (Top 3: ['Volatility_14', 'Close_MA7', 'Volume']).
2025-11-25 13:38:17,321 - feature_engineer - INFO - Sử dụng 'Vũ trụ Đặc trưng Ngắn hạn' cho t+3...
2025-11-25 13:38:17,322 - feature_engineer - INFO - Đang chạy lựa chọn đặc trưng cho Target_Direction_t+3 từ 18 ứng cử viên...
2025-11-25 13:38:17,440 - feature_engineer - INFO - Đã chọn 13 đặc trưng 'vàng' cho Target_Direction_t+3 (Top 3: ['Close_MA7', 'RSI_14', 'Volatility_14']).
2025-11-25 13:38:17,444 - feature_engineer - INFO - Sử dụng 'Vũ trụ Đặc trưng Ngắn hạn' cho t+5...
2025-11-25 13:38:17,444 - feature_engineer - INFO - Đang chạy lựa chọn đặc trưng cho Target_Direction_t+5 từ 18 ứng cử viên...
2025-11-25 13:38:17,580 - feature_engineer - INFO - Đã chọn 13 đặc trưng 'vàng' cho Target_Direction_t+5 (Top 3: ['Close_MA7', 'MACD', 'Volatility_14']).
2025-11-25 13:38:17,585 - feature_engineer - INFO - Sử dụng 'Vũ trụ Đặc trưng Đầy đủ' cho t+30...
2025-11-25 13:38:17,585 - feature_engineer - INFO - Đang chạy lựa chọn đặc trưng cho Target_Direction_t+30 từ 64 ứng cử viên...
2025-11-25 13:38:17,721 - feature_engineer - INFO - Đã chọn 30 đặc trưng 'vàng' cho Target_Direction_t+30 (Top 3: ['Volatility_60', 'time_index', 'Close']).
2025-11-25 13:38:17,728 - feature_engineer - INFO - Sử dụng 'Vũ trụ Đặc trưng Đầy đủ' cho t+60...
2025-11-25 13:38:17,728 - feature_engineer - INFO - Đang chạy lựa chọn đặc trưng cho Target_Direction_t+60 từ 64 ứng cử viên...
2025-11-25 13:38:17,861 - feature_engineer - INFO - Đã chọn 30 đặc trưng 'vàng' cho Target_Direction_t+60 (Top 3: ['time_index', 'Close', 'Provision_Coverage (%)']).
2025-11-25 13:38:17,868 - feature_engineer - INFO - Sử dụng 'Vũ trụ Đặc trưng Đầy đủ' cho t+90...
2025-11-25 13:38:17,868 - feature_engineer - INFO - Đang chạy lựa chọn đặc trưng cho Target_Direction_t+90 từ 64 ứng cử viên...
2025-11-25 13:38:18,000 - feature_engineer - INFO - Đã chọn 30 đặc trưng 'vàng' cho Target_Direction_t+90 (Top 3: ['Cost_of_Funds (%)', 'time_index', 'Close']).
2025-11-25 13:38:18,008 - feature_engineer - INFO - Fit Main Scaler trên 1519 mẫu (proxy)...
2025-11-25 13:38:18,018 - feature_engineer - INFO - Transform Main Scaler trên 1899 mẫu (toàn bộ)...
2025-11-25 13:38:18,131 - feature_engineer - INFO - Đã xử lý và lưu dữ liệu/metadata (an toàn, lọc nhiễu) cho TCB
2025-11-25 13:38:18,154 - feature_engineer - INFO - Đang merge_asof dữ liệu cơ bản cho MBB (direction='backward')...
2025-11-25 13:38:18,180 - feature_engineer - INFO - Đang tạo nhãn với ngưỡng lọc nhiễu thích nghi (Adaptive Thresholding)...
2025-11-25 13:38:18,230 - feature_engineer - INFO - Đang fit scaler dựa trên 2835 mẫu (80% dữ liệu đầu).
2025-11-25 13:38:18,230 - feature_engineer - INFO - Sử dụng 'Vũ trụ Đặc trưng Ngắn hạn' cho t+1...
2025-11-25 13:38:18,231 - feature_engineer - INFO - Đang chạy lựa chọn đặc trưng cho Target_Direction_t+1 từ 18 ứng cử viên...
2025-11-25 13:38:18,358 - feature_engineer - INFO - Đã chọn 13 đặc trưng 'vàng' cho Target_Direction_t+1 (Top 3: ['Volume', 'Close_to_Open', 'Volatility_14']).
2025-11-25 13:38:18,363 - feature_engineer - INFO - Sử dụng 'Vũ trụ Đặc trưng Ngắn hạn' cho t+3...
2025-11-25 13:38:18,363 - feature_engineer - INFO - Đang chạy lựa chọn đặc trưng cho Target_Direction_t+3 từ 18 ứng cử viên...
2025-11-25 13:38:18,498 - feature_engineer - INFO - Đã chọn 13 đặc trưng 'vàng' cho Target_Direction_t+3 (Top 3: ['MACD', 'Volatility_14', 'Close_MA7']).
2025-11-25 13:38:18,503 - feature_engineer - INFO - Sử dụng 'Vũ trụ Đặc trưng Ngắn hạn' cho t+5...
2025-11-25 13:38:18,503 - feature_engineer - INFO - Đang chạy lựa chọn đặc trưng cho Target_Direction_t+5 từ 18 ứng cử viên...
2025-11-25 13:38:18,640 - feature_engineer - INFO - Đã chọn 13 đặc trưng 'vàng' cho Target_Direction_t+5 (Top 3: ['Close_MA7', 'Volatility_14', 'MACD']).
2025-11-25 13:38:18,646 - feature_engineer - INFO - Sử dụng 'Vũ trụ Đặc trưng Đầy đủ' cho t+30...
2025-11-25 13:38:18,646 - feature_engineer - INFO - Đang chạy lựa chọn đặc trưng cho Target_Direction_t+30 từ 64 ứng cử viên...
2025-11-25 13:38:18,781 - feature_engineer - INFO - Đã chọn 30 đặc trưng 'vàng' cho Target_Direction_t+30 (Top 3: ['Volatility_60', 'Close', 'time_index']).
2025-11-25 13:38:18,788 - feature_engineer - INFO - Sử dụng 'Vũ trụ Đặc trưng Đầy đủ' cho t+60...
2025-11-25 13:38:18,788 - feature_engineer - INFO - Đang chạy lựa chọn đặc trưng cho Target_Direction_t+60 từ 64 ứng cử viên...
2025-11-25 13:38:18,937 - feature_engineer - INFO - Đã chọn 30 đặc trưng 'vàng' cho Target_Direction_t+60 (Top 3: ['time_index', 'Close', 'Volatility_60']).
2025-11-25 13:38:18,944 - feature_engineer - INFO - Sử dụng 'Vũ trụ Đặc trưng Đầy đủ' cho t+90...
2025-11-25 13:38:18,945 - feature_engineer - INFO - Đang chạy lựa chọn đặc trưng cho Target_Direction_t+90 từ 64 ứng cử viên...
2025-11-25 13:38:19,216 - feature_engineer - INFO - Đã chọn 30 đặc trưng 'vàng' cho Target_Direction_t+90 (Top 3: ['time_index', 'eps_change', 'NIM (%)']).
2025-11-25 13:38:19,224 - feature_engineer - INFO - Fit Main Scaler trên 2835 mẫu (proxy)...
2025-11-25 13:38:19,234 - feature_engineer - INFO - Transform Main Scaler trên 3544 mẫu (toàn bộ)...
2025-11-25 13:38:19,439 - feature_engineer - INFO - Đã xử lý và lưu dữ liệu/metadata (an toàn, lọc nhiễu) cho MBB
2025-11-25 13:38:19,458 - feature_engineer - INFO - Đang merge_asof dữ liệu cơ bản cho VPB (direction='backward')...
2025-11-25 13:38:19,479 - feature_engineer - INFO - Đang tạo nhãn với ngưỡng lọc nhiễu thích nghi (Adaptive Thresholding)...
2025-11-25 13:38:19,523 - feature_engineer - INFO - Đang fit scaler dựa trên 1676 mẫu (80% dữ liệu đầu).
2025-11-25 13:38:19,523 - feature_engineer - INFO - Sử dụng 'Vũ trụ Đặc trưng Ngắn hạn' cho t+1...
2025-11-25 13:38:19,523 - feature_engineer - INFO - Đang chạy lựa chọn đặc trưng cho Target_Direction_t+1 từ 18 ứng cử viên...
2025-11-25 13:38:19,650 - feature_engineer - INFO - Đã chọn 13 đặc trưng 'vàng' cho Target_Direction_t+1 (Top 3: ['RSI_14', 'High_to_Low', 'Close_MA7']).
2025-11-25 13:38:19,655 - feature_engineer - INFO - Sử dụng 'Vũ trụ Đặc trưng Ngắn hạn' cho t+3...
2025-11-25 13:38:19,655 - feature_engineer - INFO - Đang chạy lựa chọn đặc trưng cho Target_Direction_t+3 từ 18 ứng cử viên...
2025-11-25 13:38:19,774 - feature_engineer - INFO - Đã chọn 13 đặc trưng 'vàng' cho Target_Direction_t+3 (Top 3: ['Close_MA7', 'RSI_14', 'MACD']).
2025-11-25 13:38:19,779 - feature_engineer - INFO - Sử dụng 'Vũ trụ Đặc trưng Ngắn hạn' cho t+5...
2025-11-25 13:38:19,779 - feature_engineer - INFO - Đang chạy lựa chọn đặc trưng cho Target_Direction_t+5 từ 18 ứng cử viên...
2025-11-25 13:38:19,900 - feature_engineer - INFO - Đã chọn 13 đặc trưng 'vàng' cho Target_Direction_t+5 (Top 3: ['Close_MA7', 'MACD', 'Volatility_14']).
2025-11-25 13:38:19,905 - feature_engineer - INFO - Sử dụng 'Vũ trụ Đặc trưng Đầy đủ' cho t+30...
2025-11-25 13:38:19,905 - feature_engineer - INFO - Đang chạy lựa chọn đặc trưng cho Target_Direction_t+30 từ 64 ứng cử viên...
2025-11-25 13:38:20,041 - feature_engineer - INFO - Đã chọn 30 đặc trưng 'vàng' cho Target_Direction_t+30 (Top 3: ['Close', 'time_index', 'MACD']).
2025-11-25 13:38:20,049 - feature_engineer - INFO - Sử dụng 'Vũ trụ Đặc trưng Đầy đủ' cho t+60...
2025-11-25 13:38:20,049 - feature_engineer - INFO - Đang chạy lựa chọn đặc trưng cho Target_Direction_t+60 từ 64 ứng cử viên...
2025-11-25 13:38:20,180 - feature_engineer - INFO - Đã chọn 30 đặc trưng 'vàng' cho Target_Direction_t+60 (Top 3: ['Close', 'time_index', 'Close_lag_90']).
2025-11-25 13:38:20,187 - feature_engineer - INFO - Sử dụng 'Vũ trụ Đặc trưng Đầy đủ' cho t+90...
2025-11-25 13:38:20,187 - feature_engineer - INFO - Đang chạy lựa chọn đặc trưng cho Target_Direction_t+90 từ 64 ứng cử viên...
2025-11-25 13:38:20,321 - feature_engineer - INFO - Đã chọn 30 đặc trưng 'vàng' cho Target_Direction_t+90 (Top 3: ['time_index', 'Provision_Coverage (%)', 'EPS (VND)']).
2025-11-25 13:38:20,328 - feature_engineer - INFO - Fit Main Scaler trên 1676 mẫu (proxy)...
2025-11-25 13:38:20,337 - feature_engineer - INFO - Transform Main Scaler trên 2096 mẫu (toàn bộ)...
2025-11-25 13:38:20,465 - feature_engineer - INFO - Đã xử lý và lưu dữ liệu/metadata (an toàn, lọc nhiễu) cho VPB
2025-11-25 13:38:20,493 - feature_engineer - INFO - Đang merge_asof dữ liệu cơ bản cho ACB (direction='backward')...
2025-11-25 13:38:20,519 - feature_engineer - INFO - Đang tạo nhãn với ngưỡng lọc nhiễu thích nghi (Adaptive Thresholding)...
2025-11-25 13:38:20,569 - feature_engineer - INFO - Đang fit scaler dựa trên 3200 mẫu (80% dữ liệu đầu).
2025-11-25 13:38:20,570 - feature_engineer - INFO - Sử dụng 'Vũ trụ Đặc trưng Ngắn hạn' cho t+1...
2025-11-25 13:38:20,570 - feature_engineer - INFO - Đang chạy lựa chọn đặc trưng cho Target_Direction_t+1 từ 18 ứng cử viên...
2025-11-25 13:38:20,692 - feature_engineer - INFO - Đã chọn 13 đặc trưng 'vàng' cho Target_Direction_t+1 (Top 3: ['Volatility_14', 'Volume', 'High_to_Low']).
2025-11-25 13:38:20,697 - feature_engineer - INFO - Sử dụng 'Vũ trụ Đặc trưng Ngắn hạn' cho t+3...
2025-11-25 13:38:20,697 - feature_engineer - INFO - Đang chạy lựa chọn đặc trưng cho Target_Direction_t+3 từ 18 ứng cử viên...
2025-11-25 13:38:20,831 - feature_engineer - INFO - Đã chọn 14 đặc trưng 'vàng' cho Target_Direction_t+3 (Top 3: ['Close_MA7', 'Volatility_14', 'MACD_Signal']).
2025-11-25 13:38:20,836 - feature_engineer - INFO - Sử dụng 'Vũ trụ Đặc trưng Ngắn hạn' cho t+5...
2025-11-25 13:38:20,837 - feature_engineer - INFO - Đang chạy lựa chọn đặc trưng cho Target_Direction_t+5 từ 18 ứng cử viên...
2025-11-25 13:38:20,970 - feature_engineer - INFO - Đã chọn 13 đặc trưng 'vàng' cho Target_Direction_t+5 (Top 3: ['Close_MA7', 'Volatility_14', 'MACD']).
2025-11-25 13:38:20,976 - feature_engineer - INFO - Sử dụng 'Vũ trụ Đặc trưng Đầy đủ' cho t+30...
2025-11-25 13:38:20,976 - feature_engineer - INFO - Đang chạy lựa chọn đặc trưng cho Target_Direction_t+30 từ 64 ứng cử viên...
2025-11-25 13:38:21,111 - feature_engineer - INFO - Đã chọn 30 đặc trưng 'vàng' cho Target_Direction_t+30 (Top 3: ['time_index', 'Close', 'MACD']).
2025-11-25 13:38:21,119 - feature_engineer - INFO - Sử dụng 'Vũ trụ Đặc trưng Đầy đủ' cho t+60...
2025-11-25 13:38:21,119 - feature_engineer - INFO - Đang chạy lựa chọn đặc trưng cho Target_Direction_t+60 từ 64 ứng cử viên...
2025-11-25 13:38:21,269 - feature_engineer - INFO - Đã chọn 30 đặc trưng 'vàng' cho Target_Direction_t+60 (Top 3: ['Close', 'time_index', 'cancel_debt']).
2025-11-25 13:38:21,276 - feature_engineer - INFO - Sử dụng 'Vũ trụ Đặc trưng Đầy đủ' cho t+90...
2025-11-25 13:38:21,277 - feature_engineer - INFO - Đang chạy lựa chọn đặc trưng cho Target_Direction_t+90 từ 64 ứng cử viên...
2025-11-25 13:38:21,422 - feature_engineer - INFO - Đã chọn 30 đặc trưng 'vàng' cho Target_Direction_t+90 (Top 3: ['Close', 'cancel_debt', 'time_index']).
2025-11-25 13:38:21,430 - feature_engineer - INFO - Fit Main Scaler trên 3200 mẫu (proxy)...
2025-11-25 13:38:21,441 - feature_engineer - INFO - Transform Main Scaler trên 4000 mẫu (toàn bộ)...
2025-11-25 13:38:21,667 - feature_engineer - INFO - Đã xử lý và lưu dữ liệu/metadata (an toàn, lọc nhiễu) cho ACB
2025-11-25 13:38:21,693 - feature_engineer - INFO - Đang merge_asof dữ liệu cơ bản cho STB (direction='backward')...
2025-11-25 13:38:21,718 - feature_engineer - INFO - Đang tạo nhãn với ngưỡng lọc nhiễu thích nghi (Adaptive Thresholding)...
2025-11-25 13:38:21,767 - feature_engineer - INFO - Đang fit scaler dựa trên 3200 mẫu (80% dữ liệu đầu).
2025-11-25 13:38:21,767 - feature_engineer - INFO - Sử dụng 'Vũ trụ Đặc trưng Ngắn hạn' cho t+1...
2025-11-25 13:38:21,767 - feature_engineer - INFO - Đang chạy lựa chọn đặc trưng cho Target_Direction_t+1 từ 18 ứng cử viên...
2025-11-25 13:38:21,890 - feature_engineer - INFO - Đã chọn 13 đặc trưng 'vàng' cho Target_Direction_t+1 (Top 3: ['Volume', 'MACD', 'RSI_14']).
2025-11-25 13:38:21,895 - feature_engineer - INFO - Sử dụng 'Vũ trụ Đặc trưng Ngắn hạn' cho t+3...
2025-11-25 13:38:21,895 - feature_engineer - INFO - Đang chạy lựa chọn đặc trưng cho Target_Direction_t+3 từ 18 ứng cử viên...
2025-11-25 13:38:22,029 - feature_engineer - INFO - Đã chọn 13 đặc trưng 'vàng' cho Target_Direction_t+3 (Top 3: ['MACD', 'Close_MA7', 'Volume']).
2025-11-25 13:38:22,034 - feature_engineer - INFO - Sử dụng 'Vũ trụ Đặc trưng Ngắn hạn' cho t+5...
2025-11-25 13:38:22,034 - feature_engineer - INFO - Đang chạy lựa chọn đặc trưng cho Target_Direction_t+5 từ 18 ứng cử viên...
2025-11-25 13:38:22,169 - feature_engineer - INFO - Đã chọn 13 đặc trưng 'vàng' cho Target_Direction_t+5 (Top 3: ['Close_MA7', 'MACD', 'Volatility_14']).
2025-11-25 13:38:22,174 - feature_engineer - INFO - Sử dụng 'Vũ trụ Đặc trưng Đầy đủ' cho t+30...
2025-11-25 13:38:22,174 - feature_engineer - INFO - Đang chạy lựa chọn đặc trưng cho Target_Direction_t+30 từ 64 ứng cử viên...
2025-11-25 13:38:22,324 - feature_engineer - INFO - Đã chọn 30 đặc trưng 'vàng' cho Target_Direction_t+30 (Top 3: ['Close', 'time_index', 'Close_lag_365']).
2025-11-25 13:38:22,331 - feature_engineer - INFO - Sử dụng 'Vũ trụ Đặc trưng Đầy đủ' cho t+60...
2025-11-25 13:38:22,331 - feature_engineer - INFO - Đang chạy lựa chọn đặc trưng cho Target_Direction_t+60 từ 64 ứng cử viên...
2025-11-25 13:38:22,479 - feature_engineer - INFO - Đã chọn 30 đặc trưng 'vàng' cho Target_Direction_t+60 (Top 3: ['Close', 'time_index', 'Credit_Growth (%)']).
2025-11-25 13:38:22,487 - feature_engineer - INFO - Sử dụng 'Vũ trụ Đặc trưng Đầy đủ' cho t+90...
2025-11-25 13:38:22,487 - feature_engineer - INFO - Đang chạy lựa chọn đặc trưng cho Target_Direction_t+90 từ 64 ứng cử viên...
2025-11-25 13:38:22,635 - feature_engineer - INFO - Đã chọn 30 đặc trưng 'vàng' cho Target_Direction_t+90 (Top 3: ['Credit_Growth (%)', 'Close', 'time_index']).
2025-11-25 13:38:22,643 - feature_engineer - INFO - Fit Main Scaler trên 3200 mẫu (proxy)...
2025-11-25 13:38:22,653 - feature_engineer - INFO - Transform Main Scaler trên 4000 mẫu (toàn bộ)...
2025-11-25 13:38:22,882 - feature_engineer - INFO - Đã xử lý và lưu dữ liệu/metadata (an toàn, lọc nhiễu) cho STB
2025-11-25 13:38:22,901 - feature_engineer - INFO - Đang merge_asof dữ liệu cơ bản cho HDB (direction='backward')...
2025-11-25 13:38:22,922 - feature_engineer - INFO - Đang tạo nhãn với ngưỡng lọc nhiễu thích nghi (Adaptive Thresholding)...
2025-11-25 13:38:22,960 - feature_engineer - INFO - Đang fit scaler dựa trên 1597 mẫu (80% dữ liệu đầu).
2025-11-25 13:38:22,960 - feature_engineer - INFO - Sử dụng 'Vũ trụ Đặc trưng Ngắn hạn' cho t+1...
2025-11-25 13:38:22,960 - feature_engineer - INFO - Đang chạy lựa chọn đặc trưng cho Target_Direction_t+1 từ 18 ứng cử viên...
2025-11-25 13:38:23,087 - feature_engineer - INFO - Đã chọn 13 đặc trưng 'vàng' cho Target_Direction_t+1 (Top 3: ['Close_MA7', 'MACD', 'High_to_Low']).
2025-11-25 13:38:23,092 - feature_engineer - INFO - Sử dụng 'Vũ trụ Đặc trưng Ngắn hạn' cho t+3...
2025-11-25 13:38:23,092 - feature_engineer - INFO - Đang chạy lựa chọn đặc trưng cho Target_Direction_t+3 từ 18 ứng cử viên...
2025-11-25 13:38:23,211 - feature_engineer - INFO - Đã chọn 13 đặc trưng 'vàng' cho Target_Direction_t+3 (Top 3: ['Close_MA7', 'High_to_Low', 'MACD']).
2025-11-25 13:38:23,217 - feature_engineer - INFO - Sử dụng 'Vũ trụ Đặc trưng Ngắn hạn' cho t+5...
2025-11-25 13:38:23,217 - feature_engineer - INFO - Đang chạy lựa chọn đặc trưng cho Target_Direction_t+5 từ 18 ứng cử viên...
2025-11-25 13:38:23,336 - feature_engineer - INFO - Đã chọn 13 đặc trưng 'vàng' cho Target_Direction_t+5 (Top 3: ['Close_MA7', 'MACD', 'Volatility_14']).
2025-11-25 13:38:23,341 - feature_engineer - INFO - Sử dụng 'Vũ trụ Đặc trưng Đầy đủ' cho t+30...
2025-11-25 13:38:23,341 - feature_engineer - INFO - Đang chạy lựa chọn đặc trưng cho Target_Direction_t+30 từ 64 ứng cử viên...
2025-11-25 13:38:23,476 - feature_engineer - INFO - Đã chọn 30 đặc trưng 'vàng' cho Target_Direction_t+30 (Top 3: ['Close', 'time_index', 'Provision_Coverage (%)']).
2025-11-25 13:38:23,482 - feature_engineer - INFO - Sử dụng 'Vũ trụ Đặc trưng Đầy đủ' cho t+60...
2025-11-25 13:38:23,482 - feature_engineer - INFO - Đang chạy lựa chọn đặc trưng cho Target_Direction_t+60 từ 64 ứng cử viên...
2025-11-25 13:38:23,630 - feature_engineer - INFO - Đã chọn 30 đặc trưng 'vàng' cho Target_Direction_t+60 (Top 3: ['time_index', 'Close', 'Volatility_60']).
2025-11-25 13:38:23,636 - feature_engineer - INFO - Sử dụng 'Vũ trụ Đặc trưng Đầy đủ' cho t+90...
2025-11-25 13:38:23,637 - feature_engineer - INFO - Đang chạy lựa chọn đặc trưng cho Target_Direction_t+90 từ 64 ứng cử viên...
2025-11-25 13:38:23,769 - feature_engineer - INFO - Đã chọn 30 đặc trưng 'vàng' cho Target_Direction_t+90 (Top 3: ['NIM (%)', 'Provision_Coverage (%)', 'time_index']).
2025-11-25 13:38:23,776 - feature_engineer - INFO - Fit Main Scaler trên 1597 mẫu (proxy)...
2025-11-25 13:38:23,786 - feature_engineer - INFO - Transform Main Scaler trên 1997 mẫu (toàn bộ)...
2025-11-25 13:38:23,904 - feature_engineer - INFO - Đã xử lý và lưu dữ liệu/metadata (an toàn, lọc nhiễu) cho HDB
2025-11-25 13:38:23,926 - feature_engineer - INFO - Đang merge_asof dữ liệu cơ bản cho TPB (direction='backward')...
2025-11-25 13:38:23,946 - feature_engineer - INFO - Đang tạo nhãn với ngưỡng lọc nhiễu thích nghi (Adaptive Thresholding)...
2025-11-25 13:38:23,989 - feature_engineer - INFO - Đang fit scaler dựa trên 1542 mẫu (80% dữ liệu đầu).
2025-11-25 13:38:23,989 - feature_engineer - INFO - Sử dụng 'Vũ trụ Đặc trưng Ngắn hạn' cho t+1...
2025-11-25 13:38:23,989 - feature_engineer - INFO - Đang chạy lựa chọn đặc trưng cho Target_Direction_t+1 từ 18 ứng cử viên...
2025-11-25 13:38:24,109 - feature_engineer - INFO - Đã chọn 13 đặc trưng 'vàng' cho Target_Direction_t+1 (Top 3: ['High_to_Low', 'Close_to_Open', 'RSI_14']).
2025-11-25 13:38:24,114 - feature_engineer - INFO - Sử dụng 'Vũ trụ Đặc trưng Ngắn hạn' cho t+3...
2025-11-25 13:38:24,115 - feature_engineer - INFO - Đang chạy lựa chọn đặc trưng cho Target_Direction_t+3 từ 18 ứng cử viên...
2025-11-25 13:38:24,233 - feature_engineer - INFO - Đã chọn 13 đặc trưng 'vàng' cho Target_Direction_t+3 (Top 3: ['Close_MA7', 'MACD', 'High_to_Low']).
2025-11-25 13:38:24,238 - feature_engineer - INFO - Sử dụng 'Vũ trụ Đặc trưng Ngắn hạn' cho t+5...
2025-11-25 13:38:24,238 - feature_engineer - INFO - Đang chạy lựa chọn đặc trưng cho Target_Direction_t+5 từ 18 ứng cử viên...
2025-11-25 13:38:24,358 - feature_engineer - INFO - Đã chọn 13 đặc trưng 'vàng' cho Target_Direction_t+5 (Top 3: ['Close_MA7', 'MACD', 'Volatility_14']).
2025-11-25 13:38:24,363 - feature_engineer - INFO - Sử dụng 'Vũ trụ Đặc trưng Đầy đủ' cho t+30...
2025-11-25 13:38:24,363 - feature_engineer - INFO - Đang chạy lựa chọn đặc trưng cho Target_Direction_t+30 từ 64 ứng cử viên...
2025-11-25 13:38:24,496 - feature_engineer - INFO - Đã chọn 30 đặc trưng 'vàng' cho Target_Direction_t+30 (Top 3: ['Close_MA200', 'Close', 'Close_MA100']).
2025-11-25 13:38:24,503 - feature_engineer - INFO - Sử dụng 'Vũ trụ Đặc trưng Đầy đủ' cho t+60...
2025-11-25 13:38:24,503 - feature_engineer - INFO - Đang chạy lựa chọn đặc trưng cho Target_Direction_t+60 từ 64 ứng cử viên...
2025-11-25 13:38:24,638 - feature_engineer - INFO - Đã chọn 30 đặc trưng 'vàng' cho Target_Direction_t+60 (Top 3: ['Close_MA100', 'EPS (VND)', 'Close']).
2025-11-25 13:38:24,645 - feature_engineer - INFO - Sử dụng 'Vũ trụ Đặc trưng Đầy đủ' cho t+90...
2025-11-25 13:38:24,645 - feature_engineer - INFO - Đang chạy lựa chọn đặc trưng cho Target_Direction_t+90 từ 64 ứng cử viên...
2025-11-25 13:38:24,777 - feature_engineer - INFO - Đã chọn 30 đặc trưng 'vàng' cho Target_Direction_t+90 (Top 3: ['Close_MA100', 'Close', 'EPS (VND)']).
2025-11-25 13:38:24,784 - feature_engineer - INFO - Fit Main Scaler trên 1542 mẫu (proxy)...
2025-11-25 13:38:24,793 - feature_engineer - INFO - Transform Main Scaler trên 1928 mẫu (toàn bộ)...
2025-11-25 13:38:24,908 - feature_engineer - INFO - Đã xử lý và lưu dữ liệu/metadata (an toàn, lọc nhiễu) cho TPB
2025-11-25 13:57:27,728 - feature_engineer - ERROR - Không tìm thấy file VNINDEX.csv. Bỏ qua đặc trưng thị trường.
2025-11-25 13:57:27,778 - feature_engineer - INFO - Đang merge_asof dữ liệu cơ bản cho VCB (direction='backward')...
2025-11-25 13:57:27,837 - feature_engineer - INFO - Đang tạo nhãn cho VCB với 'Volatility-Based Dynamic Thresholding'...
2025-11-25 13:57:27,838 - feature_engineer - INFO - Ticker VCB - t+1 Vol-based Threshold: 0.92%
2025-11-25 13:57:27,844 - feature_engineer - INFO - Ticker VCB - t+3 Vol-based Threshold: 1.59%
2025-11-25 13:57:27,848 - feature_engineer - INFO - Ticker VCB - t+5 Vol-based Threshold: 2.06%
2025-11-25 13:57:27,853 - feature_engineer - INFO - Ticker VCB - t+30 Vol-based Threshold: 5.04%
2025-11-25 13:57:27,858 - feature_engineer - INFO - Ticker VCB - t+60 Vol-based Threshold: 7.13%
2025-11-25 13:57:27,863 - feature_engineer - INFO - Ticker VCB - t+90 Vol-based Threshold: 8.73%
2025-11-25 13:57:27,898 - feature_engineer - INFO - Đang fit scaler dựa trên 3200 mẫu (80% dữ liệu đầu).
2025-11-25 13:57:27,898 - feature_engineer - INFO - Sử dụng 'Vũ trụ Đặc trưng Ngắn hạn' cho t+1...
2025-11-25 13:57:27,898 - feature_engineer - INFO - Đang chạy lựa chọn đặc trưng cho Target_Direction_t+1 từ 18 ứng cử viên...
2025-11-25 13:57:28,035 - feature_engineer - INFO - Đã chọn 13 đặc trưng 'vàng' cho Target_Direction_t+1 (Top 3: ['Volume', 'Volatility_14', 'RSI_14']).
2025-11-25 13:57:28,043 - feature_engineer - INFO - Sử dụng 'Vũ trụ Đặc trưng Ngắn hạn' cho t+3...
2025-11-25 13:57:28,043 - feature_engineer - INFO - Đang chạy lựa chọn đặc trưng cho Target_Direction_t+3 từ 18 ứng cử viên...
2025-11-25 13:57:28,174 - feature_engineer - INFO - Đã chọn 14 đặc trưng 'vàng' cho Target_Direction_t+3 (Top 3: ['RSI_14', 'Close_MA7', 'MACD_Signal']).
2025-11-25 13:57:28,181 - feature_engineer - INFO - Sử dụng 'Vũ trụ Đặc trưng Ngắn hạn' cho t+5...
2025-11-25 13:57:28,181 - feature_engineer - INFO - Đang chạy lựa chọn đặc trưng cho Target_Direction_t+5 từ 18 ứng cử viên...
2025-11-25 13:57:28,313 - feature_engineer - INFO - Đã chọn 13 đặc trưng 'vàng' cho Target_Direction_t+5 (Top 3: ['Close_MA7', 'MACD', 'Volatility_14']).
2025-11-25 13:57:28,319 - feature_engineer - INFO - Sử dụng 'Vũ trụ Đặc trưng Đầy đủ' cho t+30...
2025-11-25 13:57:28,319 - feature_engineer - INFO - Đang chạy lựa chọn đặc trưng cho Target_Direction_t+30 từ 64 ứng cử viên...
2025-11-25 13:57:28,467 - feature_engineer - INFO - Đã chọn 30 đặc trưng 'vàng' cho Target_Direction_t+30 (Top 3: ['Close', 'MACD', 'Volatility_60']).
2025-11-25 13:57:28,475 - feature_engineer - INFO - Sử dụng 'Vũ trụ Đặc trưng Đầy đủ' cho t+60...
2025-11-25 13:57:28,475 - feature_engineer - INFO - Đang chạy lựa chọn đặc trưng cho Target_Direction_t+60 từ 64 ứng cử viên...
2025-11-25 13:57:28,620 - feature_engineer - INFO - Đã chọn 30 đặc trưng 'vàng' cho Target_Direction_t+60 (Top 3: ['Close', 'MACD', 'BVPS (VND)']).
2025-11-25 13:57:28,627 - feature_engineer - INFO - Sử dụng 'Vũ trụ Đặc trưng Đầy đủ' cho t+90...
2025-11-25 13:57:28,628 - feature_engineer - INFO - Đang chạy lựa chọn đặc trưng cho Target_Direction_t+90 từ 64 ứng cử viên...
2025-11-25 13:57:28,775 - feature_engineer - INFO - Đã chọn 30 đặc trưng 'vàng' cho Target_Direction_t+90 (Top 3: ['Close', 'Provision_Coverage (%)', 'P/E']).
2025-11-25 13:57:28,782 - feature_engineer - INFO - Fit Main Scaler trên 3200 mẫu (proxy)...
2025-11-25 13:57:28,794 - feature_engineer - INFO - Transform Main Scaler trên 4000 mẫu (toàn bộ)...
2025-11-25 13:57:29,037 - feature_engineer - INFO - Đã xử lý và lưu dữ liệu/metadata (an toàn, lọc nhiễu) cho VCB
2025-11-25 13:57:29,058 - feature_engineer - INFO - Đang merge_asof dữ liệu cơ bản cho BID (direction='backward')...
2025-11-25 13:57:29,093 - feature_engineer - INFO - Đang tạo nhãn cho BID với 'Volatility-Based Dynamic Thresholding'...
2025-11-25 13:57:29,094 - feature_engineer - INFO - Ticker BID - t+1 Vol-based Threshold: 1.08%
2025-11-25 13:57:29,102 - feature_engineer - INFO - Ticker BID - t+3 Vol-based Threshold: 1.87%
2025-11-25 13:57:29,107 - feature_engineer - INFO - Ticker BID - t+5 Vol-based Threshold: 2.41%
2025-11-25 13:57:29,112 - feature_engineer - INFO - Ticker BID - t+30 Vol-based Threshold: 5.91%
2025-11-25 13:57:29,115 - feature_engineer - INFO - Ticker BID - t+60 Vol-based Threshold: 8.35%
2025-11-25 13:57:29,120 - feature_engineer - INFO - Ticker BID - t+90 Vol-based Threshold: 10.23%
2025-11-25 13:57:29,150 - feature_engineer - INFO - Đang fit scaler dựa trên 2384 mẫu (80% dữ liệu đầu).
2025-11-25 13:57:29,151 - feature_engineer - INFO - Sử dụng 'Vũ trụ Đặc trưng Ngắn hạn' cho t+1...
2025-11-25 13:57:29,151 - feature_engineer - INFO - Đang chạy lựa chọn đặc trưng cho Target_Direction_t+1 từ 18 ứng cử viên...
2025-11-25 13:57:29,284 - feature_engineer - INFO - Đã chọn 13 đặc trưng 'vàng' cho Target_Direction_t+1 (Top 3: ['Close_to_Open', 'Volatility_14', 'RSI_14']).
2025-11-25 13:57:29,290 - feature_engineer - INFO - Sử dụng 'Vũ trụ Đặc trưng Ngắn hạn' cho t+3...
2025-11-25 13:57:29,290 - feature_engineer - INFO - Đang chạy lựa chọn đặc trưng cho Target_Direction_t+3 từ 18 ứng cử viên...
2025-11-25 13:57:29,424 - feature_engineer - INFO - Đã chọn 13 đặc trưng 'vàng' cho Target_Direction_t+3 (Top 3: ['Close_MA7', 'MACD', 'Volatility_14']).
2025-11-25 13:57:29,430 - feature_engineer - INFO - Sử dụng 'Vũ trụ Đặc trưng Ngắn hạn' cho t+5...
2025-11-25 13:57:29,431 - feature_engineer - INFO - Đang chạy lựa chọn đặc trưng cho Target_Direction_t+5 từ 18 ứng cử viên...
2025-11-25 13:57:29,564 - feature_engineer - INFO - Đã chọn 13 đặc trưng 'vàng' cho Target_Direction_t+5 (Top 3: ['Close_MA7', 'Volatility_14', 'MACD']).
2025-11-25 13:57:29,573 - feature_engineer - INFO - Sử dụng 'Vũ trụ Đặc trưng Đầy đủ' cho t+30...
2025-11-25 13:57:29,573 - feature_engineer - INFO - Đang chạy lựa chọn đặc trưng cho Target_Direction_t+30 từ 64 ứng cử viên...
2025-11-25 13:57:29,717 - feature_engineer - INFO - Đã chọn 30 đặc trưng 'vàng' cho Target_Direction_t+30 (Top 3: ['Close', 'Non_Interest_Income (%)', 'Volatility_60']).
2025-11-25 13:57:29,725 - feature_engineer - INFO - Sử dụng 'Vũ trụ Đặc trưng Đầy đủ' cho t+60...
2025-11-25 13:57:29,726 - feature_engineer - INFO - Đang chạy lựa chọn đặc trưng cho Target_Direction_t+60 từ 64 ứng cử viên...
2025-11-25 13:57:29,858 - feature_engineer - INFO - Đã chọn 30 đặc trưng 'vàng' cho Target_Direction_t+60 (Top 3: ['Close', 'MACD', 'Close_lag_365']).
2025-11-25 13:57:29,864 - feature_engineer - INFO - Sử dụng 'Vũ trụ Đặc trưng Đầy đủ' cho t+90...
2025-11-25 13:57:29,865 - feature_engineer - INFO - Đang chạy lựa chọn đặc trưng cho Target_Direction_t+90 từ 64 ứng cử viên...
2025-11-25 13:57:29,997 - feature_engineer - INFO - Đã chọn 30 đặc trưng 'vàng' cho Target_Direction_t+90 (Top 3: ['NIM_CIR_Ratio', 'CIR (%)', 'Close']).
2025-11-25 13:57:30,005 - feature_engineer - INFO - Fit Main Scaler trên 2384 mẫu (proxy)...
2025-11-25 13:57:30,016 - feature_engineer - INFO - Transform Main Scaler trên 2981 mẫu (toàn bộ)...
2025-11-25 13:57:30,187 - feature_engineer - INFO - Đã xử lý và lưu dữ liệu/metadata (an toàn, lọc nhiễu) cho BID
2025-11-25 13:57:30,208 - feature_engineer - INFO - Đang merge_asof dữ liệu cơ bản cho CTG (direction='backward')...
2025-11-25 13:57:30,234 - feature_engineer - INFO - Đang tạo nhãn cho CTG với 'Volatility-Based Dynamic Thresholding'...
2025-11-25 13:57:30,235 - feature_engineer - INFO - Ticker CTG - t+1 Vol-based Threshold: 1.03%
2025-11-25 13:57:30,239 - feature_engineer - INFO - Ticker CTG - t+3 Vol-based Threshold: 1.78%
2025-11-25 13:57:30,243 - feature_engineer - INFO - Ticker CTG - t+5 Vol-based Threshold: 2.30%
2025-11-25 13:57:30,247 - feature_engineer - INFO - Ticker CTG - t+30 Vol-based Threshold: 5.63%
2025-11-25 13:57:30,250 - feature_engineer - INFO - Ticker CTG - t+60 Vol-based Threshold: 7.96%
2025-11-25 13:57:30,254 - feature_engineer - INFO - Ticker CTG - t+90 Vol-based Threshold: 9.75%
2025-11-25 13:57:30,285 - feature_engineer - INFO - Đang fit scaler dựa trên 3200 mẫu (80% dữ liệu đầu).
2025-11-25 13:57:30,285 - feature_engineer - INFO - Sử dụng 'Vũ trụ Đặc trưng Ngắn hạn' cho t+1...
2025-11-25 13:57:30,285 - feature_engineer - INFO - Đang chạy lựa chọn đặc trưng cho Target_Direction_t+1 từ 18 ứng cử viên...
2025-11-25 13:57:30,411 - feature_engineer - INFO - Đã chọn 13 đặc trưng 'vàng' cho Target_Direction_t+1 (Top 3: ['High_to_Low', 'MACD', 'RSI_14']).
2025-11-25 13:57:30,416 - feature_engineer - INFO - Sử dụng 'Vũ trụ Đặc trưng Ngắn hạn' cho t+3...
2025-11-25 13:57:30,416 - feature_engineer - INFO - Đang chạy lựa chọn đặc trưng cho Target_Direction_t+3 từ 18 ứng cử viên...
2025-11-25 13:57:30,550 - feature_engineer - INFO - Đã chọn 13 đặc trưng 'vàng' cho Target_Direction_t+3 (Top 3: ['MACD', 'Close_MA7', 'Volatility_14']).
2025-11-25 13:57:30,555 - feature_engineer - INFO - Sử dụng 'Vũ trụ Đặc trưng Ngắn hạn' cho t+5...
2025-11-25 13:57:30,556 - feature_engineer - INFO - Đang chạy lựa chọn đặc trưng cho Target_Direction_t+5 từ 18 ứng cử viên...
2025-11-25 13:57:30,673 - feature_engineer - INFO - Đã chọn 13 đặc trưng 'vàng' cho Target_Direction_t+5 (Top 3: ['MACD', 'Close_MA7', 'Volatility_14']).
2025-11-25 13:57:30,681 - feature_engineer - INFO - Sử dụng 'Vũ trụ Đặc trưng Đầy đủ' cho t+30...
2025-11-25 13:57:30,681 - feature_engineer - INFO - Đang chạy lựa chọn đặc trưng cho Target_Direction_t+30 từ 64 ứng cử viên...
2025-11-25 13:57:30,827 - feature_engineer - INFO - Đã chọn 30 đặc trưng 'vàng' cho Target_Direction_t+30 (Top 3: ['Close', 'Volatility_60', 'CIR (%)']).
2025-11-25 13:57:30,835 - feature_engineer - INFO - Sử dụng 'Vũ trụ Đặc trưng Đầy đủ' cho t+60...
2025-11-25 13:57:30,835 - feature_engineer - INFO - Đang chạy lựa chọn đặc trưng cho Target_Direction_t+60 từ 64 ứng cử viên...
2025-11-25 13:57:30,981 - feature_engineer - INFO - Đã chọn 30 đặc trưng 'vàng' cho Target_Direction_t+60 (Top 3: ['Close', 'CIR (%)', 'EPS (VND)']).
2025-11-25 13:57:30,988 - feature_engineer - INFO - Sử dụng 'Vũ trụ Đặc trưng Đầy đủ' cho t+90...
2025-11-25 13:57:30,988 - feature_engineer - INFO - Đang chạy lựa chọn đặc trưng cho Target_Direction_t+90 từ 64 ứng cử viên...
2025-11-25 13:57:31,137 - feature_engineer - INFO - Đã chọn 30 đặc trưng 'vàng' cho Target_Direction_t+90 (Top 3: ['eps_change', 'CIR (%)', 'EPS (VND)']).
2025-11-25 13:57:31,144 - feature_engineer - INFO - Fit Main Scaler trên 3200 mẫu (proxy)...
2025-11-25 13:57:31,157 - feature_engineer - INFO - Transform Main Scaler trên 4000 mẫu (toàn bộ)...
2025-11-25 13:57:31,391 - feature_engineer - INFO - Đã xử lý và lưu dữ liệu/metadata (an toàn, lọc nhiễu) cho CTG
2025-11-25 13:57:31,409 - feature_engineer - INFO - Đang merge_asof dữ liệu cơ bản cho TCB (direction='backward')...
2025-11-25 13:57:31,430 - feature_engineer - INFO - Đang tạo nhãn cho TCB với 'Volatility-Based Dynamic Thresholding'...
2025-11-25 13:57:31,431 - feature_engineer - INFO - Ticker TCB - t+1 Vol-based Threshold: 1.03%
2025-11-25 13:57:31,434 - feature_engineer - INFO - Ticker TCB - t+3 Vol-based Threshold: 1.78%
2025-11-25 13:57:31,437 - feature_engineer - INFO - Ticker TCB - t+5 Vol-based Threshold: 2.30%
2025-11-25 13:57:31,439 - feature_engineer - INFO - Ticker TCB - t+30 Vol-based Threshold: 5.62%
2025-11-25 13:57:31,442 - feature_engineer - INFO - Ticker TCB - t+60 Vol-based Threshold: 7.95%
2025-11-25 13:57:31,445 - feature_engineer - INFO - Ticker TCB - t+90 Vol-based Threshold: 9.74%
2025-11-25 13:57:31,474 - feature_engineer - INFO - Đang fit scaler dựa trên 1519 mẫu (80% dữ liệu đầu).
2025-11-25 13:57:31,474 - feature_engineer - INFO - Sử dụng 'Vũ trụ Đặc trưng Ngắn hạn' cho t+1...
2025-11-25 13:57:31,474 - feature_engineer - INFO - Đang chạy lựa chọn đặc trưng cho Target_Direction_t+1 từ 18 ứng cử viên...
2025-11-25 13:57:31,597 - feature_engineer - INFO - Đã chọn 13 đặc trưng 'vàng' cho Target_Direction_t+1 (Top 3: ['Close_MA7', 'Close_to_Open', 'High_to_Low']).
2025-11-25 13:57:31,603 - feature_engineer - INFO - Sử dụng 'Vũ trụ Đặc trưng Ngắn hạn' cho t+3...
2025-11-25 13:57:31,603 - feature_engineer - INFO - Đang chạy lựa chọn đặc trưng cho Target_Direction_t+3 từ 18 ứng cử viên...
2025-11-25 13:57:31,722 - feature_engineer - INFO - Đã chọn 13 đặc trưng 'vàng' cho Target_Direction_t+3 (Top 3: ['Close_MA7', 'Volatility_14', 'Volume']).
2025-11-25 13:57:31,727 - feature_engineer - INFO - Sử dụng 'Vũ trụ Đặc trưng Ngắn hạn' cho t+5...
2025-11-25 13:57:31,727 - feature_engineer - INFO - Đang chạy lựa chọn đặc trưng cho Target_Direction_t+5 từ 18 ứng cử viên...
2025-11-25 13:57:31,844 - feature_engineer - INFO - Đã chọn 13 đặc trưng 'vàng' cho Target_Direction_t+5 (Top 3: ['Close_MA7', 'Volatility_14', 'MACD']).
2025-11-25 13:57:31,849 - feature_engineer - INFO - Sử dụng 'Vũ trụ Đặc trưng Đầy đủ' cho t+30...
2025-11-25 13:57:31,850 - feature_engineer - INFO - Đang chạy lựa chọn đặc trưng cho Target_Direction_t+30 từ 64 ứng cử viên...
2025-11-25 13:57:31,983 - feature_engineer - INFO - Đã chọn 30 đặc trưng 'vàng' cho Target_Direction_t+30 (Top 3: ['time_index', 'Volatility_60', 'Close']).
2025-11-25 13:57:31,990 - feature_engineer - INFO - Sử dụng 'Vũ trụ Đặc trưng Đầy đủ' cho t+60...
2025-11-25 13:57:31,991 - feature_engineer - INFO - Đang chạy lựa chọn đặc trưng cho Target_Direction_t+60 từ 64 ứng cử viên...
2025-11-25 13:57:32,125 - feature_engineer - INFO - Đã chọn 30 đặc trưng 'vàng' cho Target_Direction_t+60 (Top 3: ['Provision_Coverage (%)', 'time_index', 'NIM_CIR_Ratio']).
2025-11-25 13:57:32,132 - feature_engineer - INFO - Sử dụng 'Vũ trụ Đặc trưng Đầy đủ' cho t+90...
2025-11-25 13:57:32,132 - feature_engineer - INFO - Đang chạy lựa chọn đặc trưng cho Target_Direction_t+90 từ 64 ứng cử viên...
2025-11-25 13:57:32,264 - feature_engineer - INFO - Đã chọn 30 đặc trưng 'vàng' cho Target_Direction_t+90 (Top 3: ['time_index', 'Cost_of_Funds (%)', 'ROE (%)']).
2025-11-25 13:57:32,278 - feature_engineer - INFO - Fit Main Scaler trên 1519 mẫu (proxy)...
2025-11-25 13:57:32,287 - feature_engineer - INFO - Transform Main Scaler trên 1899 mẫu (toàn bộ)...
2025-11-25 13:57:32,400 - feature_engineer - INFO - Đã xử lý và lưu dữ liệu/metadata (an toàn, lọc nhiễu) cho TCB
2025-11-25 13:57:32,427 - feature_engineer - INFO - Đang merge_asof dữ liệu cơ bản cho MBB (direction='backward')...
2025-11-25 13:57:32,451 - feature_engineer - INFO - Đang tạo nhãn cho MBB với 'Volatility-Based Dynamic Thresholding'...
2025-11-25 13:57:32,452 - feature_engineer - INFO - Ticker MBB - t+1 Vol-based Threshold: 0.89%
2025-11-25 13:57:32,455 - feature_engineer - INFO - Ticker MBB - t+3 Vol-based Threshold: 1.55%
2025-11-25 13:57:32,459 - feature_engineer - INFO - Ticker MBB - t+5 Vol-based Threshold: 2.00%
2025-11-25 13:57:32,463 - feature_engineer - INFO - Ticker MBB - t+30 Vol-based Threshold: 4.90%
2025-11-25 13:57:32,467 - feature_engineer - INFO - Ticker MBB - t+60 Vol-based Threshold: 6.93%
2025-11-25 13:57:32,472 - feature_engineer - INFO - Ticker MBB - t+90 Vol-based Threshold: 8.48%
2025-11-25 13:57:32,505 - feature_engineer - INFO - Đang fit scaler dựa trên 2835 mẫu (80% dữ liệu đầu).
2025-11-25 13:57:32,505 - feature_engineer - INFO - Sử dụng 'Vũ trụ Đặc trưng Ngắn hạn' cho t+1...
2025-11-25 13:57:32,506 - feature_engineer - INFO - Đang chạy lựa chọn đặc trưng cho Target_Direction_t+1 từ 18 ứng cử viên...
2025-11-25 13:57:32,636 - feature_engineer - INFO - Đã chọn 13 đặc trưng 'vàng' cho Target_Direction_t+1 (Top 3: ['High_to_Low', 'Volume', 'Close_MA7']).
2025-11-25 13:57:32,642 - feature_engineer - INFO - Sử dụng 'Vũ trụ Đặc trưng Ngắn hạn' cho t+3...
2025-11-25 13:57:32,642 - feature_engineer - INFO - Đang chạy lựa chọn đặc trưng cho Target_Direction_t+3 từ 18 ứng cử viên...
2025-11-25 13:57:32,761 - feature_engineer - INFO - Đã chọn 13 đặc trưng 'vàng' cho Target_Direction_t+3 (Top 3: ['Close_MA7', 'Volatility_14', 'Volume']).
2025-11-25 13:57:32,768 - feature_engineer - INFO - Sử dụng 'Vũ trụ Đặc trưng Ngắn hạn' cho t+5...
2025-11-25 13:57:32,768 - feature_engineer - INFO - Đang chạy lựa chọn đặc trưng cho Target_Direction_t+5 từ 18 ứng cử viên...
2025-11-25 13:57:32,884 - feature_engineer - INFO - Đã chọn 13 đặc trưng 'vàng' cho Target_Direction_t+5 (Top 3: ['Close_MA7', 'Volatility_14', 'MACD']).
2025-11-25 13:57:32,889 - feature_engineer - INFO - Sử dụng 'Vũ trụ Đặc trưng Đầy đủ' cho t+30...
2025-11-25 13:57:32,889 - feature_engineer - INFO - Đang chạy lựa chọn đặc trưng cho Target_Direction_t+30 từ 64 ứng cử viên...
2025-11-25 13:57:33,039 - feature_engineer - INFO - Đã chọn 30 đặc trưng 'vàng' cho Target_Direction_t+30 (Top 3: ['Volatility_60', 'Close', 'time_index']).
2025-11-25 13:57:33,047 - feature_engineer - INFO - Sử dụng 'Vũ trụ Đặc trưng Đầy đủ' cho t+60...
2025-11-25 13:57:33,047 - feature_engineer - INFO - Đang chạy lựa chọn đặc trưng cho Target_Direction_t+60 từ 64 ứng cử viên...
2025-11-25 13:57:33,192 - feature_engineer - INFO - Đã chọn 30 đặc trưng 'vàng' cho Target_Direction_t+60 (Top 3: ['Close', 'Volatility_60', 'eps_change']).
2025-11-25 13:57:33,200 - feature_engineer - INFO - Sử dụng 'Vũ trụ Đặc trưng Đầy đủ' cho t+90...
2025-11-25 13:57:33,200 - feature_engineer - INFO - Đang chạy lựa chọn đặc trưng cho Target_Direction_t+90 từ 64 ứng cử viên...
2025-11-25 13:57:33,471 - feature_engineer - INFO - Đã chọn 30 đặc trưng 'vàng' cho Target_Direction_t+90 (Top 3: ['eps_change', 'time_index', 'NIM (%)']).
2025-11-25 13:57:33,480 - feature_engineer - INFO - Fit Main Scaler trên 2835 mẫu (proxy)...
2025-11-25 13:57:33,491 - feature_engineer - INFO - Transform Main Scaler trên 3544 mẫu (toàn bộ)...
2025-11-25 13:57:33,699 - feature_engineer - INFO - Đã xử lý và lưu dữ liệu/metadata (an toàn, lọc nhiễu) cho MBB
2025-11-25 13:57:33,719 - feature_engineer - INFO - Đang merge_asof dữ liệu cơ bản cho VPB (direction='backward')...
2025-11-25 13:57:33,743 - feature_engineer - INFO - Đang tạo nhãn cho VPB với 'Volatility-Based Dynamic Thresholding'...
2025-11-25 13:57:33,744 - feature_engineer - INFO - Ticker VPB - t+1 Vol-based Threshold: 1.10%
2025-11-25 13:57:33,748 - feature_engineer - INFO - Ticker VPB - t+3 Vol-based Threshold: 1.91%
2025-11-25 13:57:33,752 - feature_engineer - INFO - Ticker VPB - t+5 Vol-based Threshold: 2.47%
2025-11-25 13:57:33,757 - feature_engineer - INFO - Ticker VPB - t+30 Vol-based Threshold: 6.04%
2025-11-25 13:57:33,760 - feature_engineer - INFO - Ticker VPB - t+60 Vol-based Threshold: 8.54%
2025-11-25 13:57:33,763 - feature_engineer - INFO - Ticker VPB - t+90 Vol-based Threshold: 10.46%
2025-11-25 13:57:33,791 - feature_engineer - INFO - Đang fit scaler dựa trên 1676 mẫu (80% dữ liệu đầu).
2025-11-25 13:57:33,791 - feature_engineer - INFO - Sử dụng 'Vũ trụ Đặc trưng Ngắn hạn' cho t+1...
2025-11-25 13:57:33,791 - feature_engineer - INFO - Đang chạy lựa chọn đặc trưng cho Target_Direction_t+1 từ 18 ứng cử viên...
2025-11-25 13:57:33,906 - feature_engineer - INFO - Đã chọn 13 đặc trưng 'vàng' cho Target_Direction_t+1 (Top 3: ['High_to_Low', 'RSI_14', 'Volatility_14']).
2025-11-25 13:57:33,911 - feature_engineer - INFO - Sử dụng 'Vũ trụ Đặc trưng Ngắn hạn' cho t+3...
2025-11-25 13:57:33,911 - feature_engineer - INFO - Đang chạy lựa chọn đặc trưng cho Target_Direction_t+3 từ 18 ứng cử viên...
2025-11-25 13:57:34,029 - feature_engineer - INFO - Đã chọn 13 đặc trưng 'vàng' cho Target_Direction_t+3 (Top 3: ['Close_MA7', 'MACD', 'Volatility_14']).
2025-11-25 13:57:34,034 - feature_engineer - INFO - Sử dụng 'Vũ trụ Đặc trưng Ngắn hạn' cho t+5...
2025-11-25 13:57:34,034 - feature_engineer - INFO - Đang chạy lựa chọn đặc trưng cho Target_Direction_t+5 từ 18 ứng cử viên...
2025-11-25 13:57:34,154 - feature_engineer - INFO - Đã chọn 13 đặc trưng 'vàng' cho Target_Direction_t+5 (Top 3: ['Close_MA7', 'MACD', 'RSI_14']).
2025-11-25 13:57:34,159 - feature_engineer - INFO - Sử dụng 'Vũ trụ Đặc trưng Đầy đủ' cho t+30...
2025-11-25 13:57:34,159 - feature_engineer - INFO - Đang chạy lựa chọn đặc trưng cho Target_Direction_t+30 từ 64 ứng cử viên...
2025-11-25 13:57:34,296 - feature_engineer - INFO - Đã chọn 30 đặc trưng 'vàng' cho Target_Direction_t+30 (Top 3: ['Close', 'time_index', 'Close_MA200']).
2025-11-25 13:57:34,303 - feature_engineer - INFO - Sử dụng 'Vũ trụ Đặc trưng Đầy đủ' cho t+60...
2025-11-25 13:57:34,303 - feature_engineer - INFO - Đang chạy lựa chọn đặc trưng cho Target_Direction_t+60 từ 64 ứng cử viên...
2025-11-25 13:57:34,435 - feature_engineer - INFO - Đã chọn 30 đặc trưng 'vàng' cho Target_Direction_t+60 (Top 3: ['time_index', 'Close', 'Close_MA200']).
2025-11-25 13:57:34,442 - feature_engineer - INFO - Sử dụng 'Vũ trụ Đặc trưng Đầy đủ' cho t+90...
2025-11-25 13:57:34,442 - feature_engineer - INFO - Đang chạy lựa chọn đặc trưng cho Target_Direction_t+90 từ 64 ứng cử viên...
2025-11-25 13:57:34,571 - feature_engineer - INFO - Đã chọn 30 đặc trưng 'vàng' cho Target_Direction_t+90 (Top 3: ['NPL (%)', 'EPS (VND)', 'Provision_Coverage (%)']).
2025-11-25 13:57:34,577 - feature_engineer - INFO - Fit Main Scaler trên 1676 mẫu (proxy)...
2025-11-25 13:57:34,588 - feature_engineer - INFO - Transform Main Scaler trên 2096 mẫu (toàn bộ)...
2025-11-25 13:57:34,716 - feature_engineer - INFO - Đã xử lý và lưu dữ liệu/metadata (an toàn, lọc nhiễu) cho VPB
2025-11-25 13:57:34,740 - feature_engineer - INFO - Đang merge_asof dữ liệu cơ bản cho ACB (direction='backward')...
2025-11-25 13:57:34,765 - feature_engineer - INFO - Đang tạo nhãn cho ACB với 'Volatility-Based Dynamic Thresholding'...
2025-11-25 13:57:34,767 - feature_engineer - INFO - Ticker ACB - t+1 Vol-based Threshold: 0.85%
2025-11-25 13:57:34,770 - feature_engineer - INFO - Ticker ACB - t+3 Vol-based Threshold: 1.48%
2025-11-25 13:57:34,773 - feature_engineer - INFO - Ticker ACB - t+5 Vol-based Threshold: 1.91%
2025-11-25 13:57:34,777 - feature_engineer - INFO - Ticker ACB - t+30 Vol-based Threshold: 4.67%
2025-11-25 13:57:34,779 - feature_engineer - INFO - Ticker ACB - t+60 Vol-based Threshold: 6.61%
2025-11-25 13:57:34,783 - feature_engineer - INFO - Ticker ACB - t+90 Vol-based Threshold: 8.09%
2025-11-25 13:57:34,814 - feature_engineer - INFO - Đang fit scaler dựa trên 3200 mẫu (80% dữ liệu đầu).
2025-11-25 13:57:34,815 - feature_engineer - INFO - Sử dụng 'Vũ trụ Đặc trưng Ngắn hạn' cho t+1...
2025-11-25 13:57:34,815 - feature_engineer - INFO - Đang chạy lựa chọn đặc trưng cho Target_Direction_t+1 từ 18 ứng cử viên...
2025-11-25 13:57:34,945 - feature_engineer - INFO - Đã chọn 13 đặc trưng 'vàng' cho Target_Direction_t+1 (Top 3: ['Volatility_14', 'Volume', 'RSI_14']).
2025-11-25 13:57:34,951 - feature_engineer - INFO - Sử dụng 'Vũ trụ Đặc trưng Ngắn hạn' cho t+3...
2025-11-25 13:57:34,952 - feature_engineer - INFO - Đang chạy lựa chọn đặc trưng cho Target_Direction_t+3 từ 18 ứng cử viên...
2025-11-25 13:57:35,071 - feature_engineer - INFO - Đã chọn 13 đặc trưng 'vàng' cho Target_Direction_t+3 (Top 3: ['Close_MA7', 'Volatility_14', 'MACD']).
2025-11-25 13:57:35,076 - feature_engineer - INFO - Sử dụng 'Vũ trụ Đặc trưng Ngắn hạn' cho t+5...
2025-11-25 13:57:35,076 - feature_engineer - INFO - Đang chạy lựa chọn đặc trưng cho Target_Direction_t+5 từ 18 ứng cử viên...
2025-11-25 13:57:35,194 - feature_engineer - INFO - Đã chọn 13 đặc trưng 'vàng' cho Target_Direction_t+5 (Top 3: ['Close_MA7', 'Volatility_14', 'MACD']).
2025-11-25 13:57:35,199 - feature_engineer - INFO - Sử dụng 'Vũ trụ Đặc trưng Đầy đủ' cho t+30...
2025-11-25 13:57:35,199 - feature_engineer - INFO - Đang chạy lựa chọn đặc trưng cho Target_Direction_t+30 từ 64 ứng cử viên...
2025-11-25 13:57:35,347 - feature_engineer - INFO - Đã chọn 30 đặc trưng 'vàng' cho Target_Direction_t+30 (Top 3: ['Close', 'time_index', 'MACD']).
2025-11-25 13:57:35,354 - feature_engineer - INFO - Sử dụng 'Vũ trụ Đặc trưng Đầy đủ' cho t+60...
2025-11-25 13:57:35,354 - feature_engineer - INFO - Đang chạy lựa chọn đặc trưng cho Target_Direction_t+60 từ 64 ứng cử viên...
2025-11-25 13:57:35,500 - feature_engineer - INFO - Đã chọn 30 đặc trưng 'vàng' cho Target_Direction_t+60 (Top 3: ['time_index', 'cancel_debt', 'Close']).
2025-11-25 13:57:35,508 - feature_engineer - INFO - Sử dụng 'Vũ trụ Đặc trưng Đầy đủ' cho t+90...
2025-11-25 13:57:35,508 - feature_engineer - INFO - Đang chạy lựa chọn đặc trưng cho Target_Direction_t+90 từ 64 ứng cử viên...
2025-11-25 13:57:35,654 - feature_engineer - INFO - Đã chọn 30 đặc trưng 'vàng' cho Target_Direction_t+90 (Top 3: ['cancel_debt', 'time_index', 'Close']).
2025-11-25 13:57:35,662 - feature_engineer - INFO - Fit Main Scaler trên 3200 mẫu (proxy)...
2025-11-25 13:57:35,673 - feature_engineer - INFO - Transform Main Scaler trên 4000 mẫu (toàn bộ)...
2025-11-25 13:57:35,901 - feature_engineer - INFO - Đã xử lý và lưu dữ liệu/metadata (an toàn, lọc nhiễu) cho ACB
2025-11-25 13:57:35,927 - feature_engineer - INFO - Đang merge_asof dữ liệu cơ bản cho STB (direction='backward')...
2025-11-25 13:57:35,954 - feature_engineer - INFO - Đang tạo nhãn cho STB với 'Volatility-Based Dynamic Thresholding'...
2025-11-25 13:57:35,955 - feature_engineer - INFO - Ticker STB - t+1 Vol-based Threshold: 1.08%
2025-11-25 13:57:35,958 - feature_engineer - INFO - Ticker STB - t+3 Vol-based Threshold: 1.87%
2025-11-25 13:57:35,961 - feature_engineer - INFO - Ticker STB - t+5 Vol-based Threshold: 2.41%
2025-11-25 13:57:35,965 - feature_engineer - INFO - Ticker STB - t+30 Vol-based Threshold: 5.91%
2025-11-25 13:57:35,969 - feature_engineer - INFO - Ticker STB - t+60 Vol-based Threshold: 8.35%
2025-11-25 13:57:35,973 - feature_engineer - INFO - Ticker STB - t+90 Vol-based Threshold: 10.23%
2025-11-25 13:57:36,004 - feature_engineer - INFO - Đang fit scaler dựa trên 3200 mẫu (80% dữ liệu đầu).
2025-11-25 13:57:36,004 - feature_engineer - INFO - Sử dụng 'Vũ trụ Đặc trưng Ngắn hạn' cho t+1...
2025-11-25 13:57:36,004 - feature_engineer - INFO - Đang chạy lựa chọn đặc trưng cho Target_Direction_t+1 từ 18 ứng cử viên...
2025-11-25 13:57:36,132 - feature_engineer - INFO - Đã chọn 13 đặc trưng 'vàng' cho Target_Direction_t+1 (Top 3: ['Volume', 'RSI_14', 'Close_to_Open']).
2025-11-25 13:57:36,137 - feature_engineer - INFO - Sử dụng 'Vũ trụ Đặc trưng Ngắn hạn' cho t+3...
2025-11-25 13:57:36,137 - feature_engineer - INFO - Đang chạy lựa chọn đặc trưng cho Target_Direction_t+3 từ 18 ứng cử viên...
2025-11-25 13:57:36,255 - feature_engineer - INFO - Đã chọn 13 đặc trưng 'vàng' cho Target_Direction_t+3 (Top 3: ['Close_MA7', 'MACD', 'RSI_14']).
2025-11-25 13:57:36,261 - feature_engineer - INFO - Sử dụng 'Vũ trụ Đặc trưng Ngắn hạn' cho t+5...
2025-11-25 13:57:36,261 - feature_engineer - INFO - Đang chạy lựa chọn đặc trưng cho Target_Direction_t+5 từ 18 ứng cử viên...
2025-11-25 13:57:36,394 - feature_engineer - INFO - Đã chọn 13 đặc trưng 'vàng' cho Target_Direction_t+5 (Top 3: ['Close_MA7', 'MACD', 'Volume']).
2025-11-25 13:57:36,399 - feature_engineer - INFO - Sử dụng 'Vũ trụ Đặc trưng Đầy đủ' cho t+30...
2025-11-25 13:57:36,400 - feature_engineer - INFO - Đang chạy lựa chọn đặc trưng cho Target_Direction_t+30 từ 64 ứng cử viên...
2025-11-25 13:57:36,547 - feature_engineer - INFO - Đã chọn 30 đặc trưng 'vàng' cho Target_Direction_t+30 (Top 3: ['time_index', 'Close', 'Close_lag_365']).
2025-11-25 13:57:36,555 - feature_engineer - INFO - Sử dụng 'Vũ trụ Đặc trưng Đầy đủ' cho t+60...
2025-11-25 13:57:36,555 - feature_engineer - INFO - Đang chạy lựa chọn đặc trưng cho Target_Direction_t+60 từ 64 ứng cử viên...
2025-11-25 13:57:36,700 - feature_engineer - INFO - Đã chọn 30 đặc trưng 'vàng' cho Target_Direction_t+60 (Top 3: ['time_index', 'Credit_Growth (%)', 'Close']).
2025-11-25 13:57:36,707 - feature_engineer - INFO - Sử dụng 'Vũ trụ Đặc trưng Đầy đủ' cho t+90...
2025-11-25 13:57:36,707 - feature_engineer - INFO - Đang chạy lựa chọn đặc trưng cho Target_Direction_t+90 từ 64 ứng cử viên...
2025-11-25 13:57:36,855 - feature_engineer - INFO - Đã chọn 30 đặc trưng 'vàng' cho Target_Direction_t+90 (Top 3: ['Credit_Growth (%)', 'time_index', 'Close']).
2025-11-25 13:57:36,862 - feature_engineer - INFO - Fit Main Scaler trên 3200 mẫu (proxy)...
2025-11-25 13:57:36,873 - feature_engineer - INFO - Transform Main Scaler trên 4000 mẫu (toàn bộ)...
2025-11-25 13:57:37,102 - feature_engineer - INFO - Đã xử lý và lưu dữ liệu/metadata (an toàn, lọc nhiễu) cho STB
2025-11-25 13:57:37,124 - feature_engineer - INFO - Đang merge_asof dữ liệu cơ bản cho HDB (direction='backward')...
2025-11-25 13:57:37,146 - feature_engineer - INFO - Đang tạo nhãn cho HDB với 'Volatility-Based Dynamic Thresholding'...
2025-11-25 13:57:37,147 - feature_engineer - INFO - Ticker HDB - t+1 Vol-based Threshold: 1.04%
2025-11-25 13:57:37,151 - feature_engineer - INFO - Ticker HDB - t+3 Vol-based Threshold: 1.80%
2025-11-25 13:57:37,154 - feature_engineer - INFO - Ticker HDB - t+5 Vol-based Threshold: 2.32%
2025-11-25 13:57:37,157 - feature_engineer - INFO - Ticker HDB - t+30 Vol-based Threshold: 5.68%
2025-11-25 13:57:37,160 - feature_engineer - INFO - Ticker HDB - t+60 Vol-based Threshold: 8.03%
2025-11-25 13:57:37,163 - feature_engineer - INFO - Ticker HDB - t+90 Vol-based Threshold: 9.84%
2025-11-25 13:57:37,192 - feature_engineer - INFO - Đang fit scaler dựa trên 1597 mẫu (80% dữ liệu đầu).
2025-11-25 13:57:37,192 - feature_engineer - INFO - Sử dụng 'Vũ trụ Đặc trưng Ngắn hạn' cho t+1...
2025-11-25 13:57:37,192 - feature_engineer - INFO - Đang chạy lựa chọn đặc trưng cho Target_Direction_t+1 từ 18 ứng cử viên...
2025-11-25 13:57:37,305 - feature_engineer - INFO - Đã chọn 13 đặc trưng 'vàng' cho Target_Direction_t+1 (Top 3: ['High_to_Low', 'Close_Pct_Change', 'Volatility_14']).
2025-11-25 13:57:37,310 - feature_engineer - INFO - Sử dụng 'Vũ trụ Đặc trưng Ngắn hạn' cho t+3...
2025-11-25 13:57:37,310 - feature_engineer - INFO - Đang chạy lựa chọn đặc trưng cho Target_Direction_t+3 từ 18 ứng cử viên...
2025-11-25 13:57:37,429 - feature_engineer - INFO - Đã chọn 13 đặc trưng 'vàng' cho Target_Direction_t+3 (Top 3: ['Close_MA7', 'MACD', 'High_to_Low']).
2025-11-25 13:57:37,434 - feature_engineer - INFO - Sử dụng 'Vũ trụ Đặc trưng Ngắn hạn' cho t+5...
2025-11-25 13:57:37,434 - feature_engineer - INFO - Đang chạy lựa chọn đặc trưng cho Target_Direction_t+5 từ 18 ứng cử viên...
2025-11-25 13:57:37,554 - feature_engineer - INFO - Đã chọn 13 đặc trưng 'vàng' cho Target_Direction_t+5 (Top 3: ['Close_MA7', 'Volume', 'MACD']).
2025-11-25 13:57:37,559 - feature_engineer - INFO - Sử dụng 'Vũ trụ Đặc trưng Đầy đủ' cho t+30...
2025-11-25 13:57:37,560 - feature_engineer - INFO - Đang chạy lựa chọn đặc trưng cho Target_Direction_t+30 từ 64 ứng cử viên...
2025-11-25 13:57:37,693 - feature_engineer - INFO - Đã chọn 30 đặc trưng 'vàng' cho Target_Direction_t+30 (Top 3: ['Close', 'time_index', 'Provision_Coverage (%)']).
2025-11-25 13:57:37,700 - feature_engineer - INFO - Sử dụng 'Vũ trụ Đặc trưng Đầy đủ' cho t+60...
2025-11-25 13:57:37,700 - feature_engineer - INFO - Đang chạy lựa chọn đặc trưng cho Target_Direction_t+60 từ 64 ứng cử viên...
2025-11-25 13:57:37,831 - feature_engineer - INFO - Đã chọn 30 đặc trưng 'vàng' cho Target_Direction_t+60 (Top 3: ['time_index', 'NPL (%)', 'Close']).
2025-11-25 13:57:37,838 - feature_engineer - INFO - Sử dụng 'Vũ trụ Đặc trưng Đầy đủ' cho t+90...
2025-11-25 13:57:37,838 - feature_engineer - INFO - Đang chạy lựa chọn đặc trưng cho Target_Direction_t+90 từ 64 ứng cử viên...
2025-11-25 13:57:37,971 - feature_engineer - INFO - Đã chọn 30 đặc trưng 'vàng' cho Target_Direction_t+90 (Top 3: ['NIM (%)', 'time_index', 'NIM_CIR_Ratio']).
2025-11-25 13:57:37,978 - feature_engineer - INFO - Fit Main Scaler trên 1597 mẫu (proxy)...
2025-11-25 13:57:37,987 - feature_engineer - INFO - Transform Main Scaler trên 1997 mẫu (toàn bộ)...
2025-11-25 13:57:38,110 - feature_engineer - INFO - Đã xử lý và lưu dữ liệu/metadata (an toàn, lọc nhiễu) cho HDB
2025-11-25 13:57:38,133 - feature_engineer - INFO - Đang merge_asof dữ liệu cơ bản cho TPB (direction='backward')...
2025-11-25 13:57:38,155 - feature_engineer - INFO - Đang tạo nhãn cho TPB với 'Volatility-Based Dynamic Thresholding'...
2025-11-25 13:57:38,157 - feature_engineer - INFO - Ticker TPB - t+1 Vol-based Threshold: 1.03%
2025-11-25 13:57:38,160 - feature_engineer - INFO - Ticker TPB - t+3 Vol-based Threshold: 1.79%
2025-11-25 13:57:38,164 - feature_engineer - INFO - Ticker TPB - t+5 Vol-based Threshold: 2.31%
2025-11-25 13:57:38,167 - feature_engineer - INFO - Ticker TPB - t+30 Vol-based Threshold: 5.65%
2025-11-25 13:57:38,172 - feature_engineer - INFO - Ticker TPB - t+60 Vol-based Threshold: 7.99%
2025-11-25 13:57:38,175 - feature_engineer - INFO - Ticker TPB - t+90 Vol-based Threshold: 9.79%
2025-11-25 13:57:38,204 - feature_engineer - INFO - Đang fit scaler dựa trên 1542 mẫu (80% dữ liệu đầu).
2025-11-25 13:57:38,204 - feature_engineer - INFO - Sử dụng 'Vũ trụ Đặc trưng Ngắn hạn' cho t+1...
2025-11-25 13:57:38,204 - feature_engineer - INFO - Đang chạy lựa chọn đặc trưng cho Target_Direction_t+1 từ 18 ứng cử viên...
2025-11-25 13:57:38,324 - feature_engineer - INFO - Đã chọn 13 đặc trưng 'vàng' cho Target_Direction_t+1 (Top 3: ['High_to_Low', 'Close_Pct_Change', 'Close_MA7']).
2025-11-25 13:57:38,329 - feature_engineer - INFO - Sử dụng 'Vũ trụ Đặc trưng Ngắn hạn' cho t+3...
2025-11-25 13:57:38,329 - feature_engineer - INFO - Đang chạy lựa chọn đặc trưng cho Target_Direction_t+3 từ 18 ứng cử viên...
2025-11-25 13:57:38,449 - feature_engineer - INFO - Đã chọn 13 đặc trưng 'vàng' cho Target_Direction_t+3 (Top 3: ['Close_MA7', 'MACD', 'Volatility_14']).
2025-11-25 13:57:38,454 - feature_engineer - INFO - Sử dụng 'Vũ trụ Đặc trưng Ngắn hạn' cho t+5...
2025-11-25 13:57:38,454 - feature_engineer - INFO - Đang chạy lựa chọn đặc trưng cho Target_Direction_t+5 từ 18 ứng cử viên...
2025-11-25 13:57:38,571 - feature_engineer - INFO - Đã chọn 13 đặc trưng 'vàng' cho Target_Direction_t+5 (Top 3: ['Close_MA7', 'MACD', 'Volatility_14']).
2025-11-25 13:57:38,576 - feature_engineer - INFO - Sử dụng 'Vũ trụ Đặc trưng Đầy đủ' cho t+30...
2025-11-25 13:57:38,576 - feature_engineer - INFO - Đang chạy lựa chọn đặc trưng cho Target_Direction_t+30 từ 64 ứng cử viên...
2025-11-25 13:57:38,711 - feature_engineer - INFO - Đã chọn 30 đặc trưng 'vàng' cho Target_Direction_t+30 (Top 3: ['Close', 'Close_MA200', 'Close_MA100']).
2025-11-25 13:57:38,718 - feature_engineer - INFO - Sử dụng 'Vũ trụ Đặc trưng Đầy đủ' cho t+60...
2025-11-25 13:57:38,718 - feature_engineer - INFO - Đang chạy lựa chọn đặc trưng cho Target_Direction_t+60 từ 64 ứng cử viên...
2025-11-25 13:57:38,850 - feature_engineer - INFO - Đã chọn 30 đặc trưng 'vàng' cho Target_Direction_t+60 (Top 3: ['EPS (VND)', 'Close_MA100', 'Close_MA200']).
2025-11-25 13:57:38,857 - feature_engineer - INFO - Sử dụng 'Vũ trụ Đặc trưng Đầy đủ' cho t+90...
2025-11-25 13:57:38,857 - feature_engineer - INFO - Đang chạy lựa chọn đặc trưng cho Target_Direction_t+90 từ 64 ứng cử viên...
2025-11-25 13:57:38,988 - feature_engineer - INFO - Đã chọn 30 đặc trưng 'vàng' cho Target_Direction_t+90 (Top 3: ['Close_MA100', 'Close', 'EPS (VND)']).
2025-11-25 13:57:38,995 - feature_engineer - INFO - Fit Main Scaler trên 1542 mẫu (proxy)...
2025-11-25 13:57:39,005 - feature_engineer - INFO - Transform Main Scaler trên 1928 mẫu (toàn bộ)...
2025-11-25 13:57:39,121 - feature_engineer - INFO - Đã xử lý và lưu dữ liệu/metadata (an toàn, lọc nhiễu) cho TPB
2025-11-25 15:26:44,417 - feature_engineer - ERROR - Không tìm thấy file VNINDEX.csv. Bỏ qua đặc trưng thị trường.
2025-11-25 15:26:44,455 - feature_engineer - INFO - Đang merge_asof dữ liệu cơ bản cho VCB (direction='backward')...
2025-11-25 15:26:44,503 - feature_engineer - INFO - Đang tạo nhãn cho VCB với 'Asymmetric Volatility-Based Thresholding'...
2025-11-25 15:26:44,504 - feature_engineer - INFO - VCB t+1 Thresholds -> Up: 1.10%, Down: -0.74%
2025-11-25 15:26:44,509 - feature_engineer - INFO - VCB t+3 Thresholds -> Up: 1.91%, Down: -1.28%
2025-11-25 15:26:44,513 - feature_engineer - INFO - VCB t+5 Thresholds -> Up: 2.47%, Down: -1.65%
2025-11-25 15:26:44,517 - feature_engineer - INFO - VCB t+30 Thresholds -> Up: 6.05%, Down: -4.03%
2025-11-25 15:26:44,520 - feature_engineer - INFO - VCB t+60 Thresholds -> Up: 8.56%, Down: -5.70%
2025-11-25 15:26:44,524 - feature_engineer - INFO - VCB t+90 Thresholds -> Up: 10.48%, Down: -6.99%
2025-11-25 15:26:44,558 - feature_engineer - INFO - Đang fit scaler dựa trên 3200 mẫu (80% dữ liệu đầu).
2025-11-25 15:26:44,558 - feature_engineer - INFO - Sử dụng 'Vũ trụ Đặc trưng Ngắn hạn' cho t+1...
2025-11-25 15:26:44,558 - feature_engineer - INFO - Đang chạy lựa chọn đặc trưng cho Target_Direction_t+1 từ 18 ứng cử viên...
2025-11-25 15:26:44,696 - feature_engineer - INFO - Đã chọn 13 đặc trưng 'vàng' cho Target_Direction_t+1 (Top 3: ['Volume', 'RSI_14', 'MACD']).
2025-11-25 15:26:44,702 - feature_engineer - INFO - Sử dụng 'Vũ trụ Đặc trưng Ngắn hạn' cho t+3...
2025-11-25 15:26:44,702 - feature_engineer - INFO - Đang chạy lựa chọn đặc trưng cho Target_Direction_t+3 từ 18 ứng cử viên...
2025-11-25 15:26:44,835 - feature_engineer - INFO - Đã chọn 14 đặc trưng 'vàng' cho Target_Direction_t+3 (Top 3: ['Close_MA7', 'RSI_14', 'MACD']).
2025-11-25 15:26:44,841 - feature_engineer - INFO - Sử dụng 'Vũ trụ Đặc trưng Ngắn hạn' cho t+5...
2025-11-25 15:26:44,841 - feature_engineer - INFO - Đang chạy lựa chọn đặc trưng cho Target_Direction_t+5 từ 18 ứng cử viên...
2025-11-25 15:26:44,976 - feature_engineer - INFO - Đã chọn 13 đặc trưng 'vàng' cho Target_Direction_t+5 (Top 3: ['MACD', 'Close_MA7', 'RSI_14']).
2025-11-25 15:26:44,981 - feature_engineer - INFO - Sử dụng 'Vũ trụ Đặc trưng Đầy đủ' cho t+30...
2025-11-25 15:26:44,982 - feature_engineer - INFO - Đang chạy lựa chọn đặc trưng cho Target_Direction_t+30 từ 64 ứng cử viên...
2025-11-25 15:26:45,130 - feature_engineer - INFO - Đã chọn 30 đặc trưng 'vàng' cho Target_Direction_t+30 (Top 3: ['Close', 'Volatility_60', 'MACD']).
2025-11-25 15:26:45,138 - feature_engineer - INFO - Sử dụng 'Vũ trụ Đặc trưng Đầy đủ' cho t+60...
2025-11-25 15:26:45,138 - feature_engineer - INFO - Đang chạy lựa chọn đặc trưng cho Target_Direction_t+60 từ 64 ứng cử viên...
2025-11-25 15:26:45,286 - feature_engineer - INFO - Đã chọn 30 đặc trưng 'vàng' cho Target_Direction_t+60 (Top 3: ['Close', 'MACD', 'Provision_Coverage (%)']).
2025-11-25 15:26:45,293 - feature_engineer - INFO - Sử dụng 'Vũ trụ Đặc trưng Đầy đủ' cho t+90...
2025-11-25 15:26:45,293 - feature_engineer - INFO - Đang chạy lựa chọn đặc trưng cho Target_Direction_t+90 từ 64 ứng cử viên...
2025-11-25 15:26:45,442 - feature_engineer - INFO - Đã chọn 30 đặc trưng 'vàng' cho Target_Direction_t+90 (Top 3: ['P/E', 'Close', 'Provision_Coverage (%)']).
2025-11-25 15:26:45,449 - feature_engineer - INFO - Fit Main Scaler trên 3200 mẫu (proxy)...
2025-11-25 15:26:45,461 - feature_engineer - INFO - Transform Main Scaler trên 4000 mẫu (toàn bộ)...
2025-11-25 15:26:45,702 - feature_engineer - INFO - Đã xử lý và lưu dữ liệu/metadata (an toàn, lọc nhiễu) cho VCB
2025-11-25 15:26:45,718 - feature_engineer - INFO - Đang merge_asof dữ liệu cơ bản cho BID (direction='backward')...
2025-11-25 15:26:45,742 - feature_engineer - INFO - Đang tạo nhãn cho BID với 'Asymmetric Volatility-Based Thresholding'...
2025-11-25 15:26:45,742 - feature_engineer - INFO - BID t+1 Thresholds -> Up: 1.29%, Down: -0.86%
2025-11-25 15:26:45,746 - feature_engineer - INFO - BID t+3 Thresholds -> Up: 2.24%, Down: -1.49%
2025-11-25 15:26:45,749 - feature_engineer - INFO - BID t+5 Thresholds -> Up: 2.89%, Down: -1.93%
2025-11-25 15:26:45,752 - feature_engineer - INFO - BID t+30 Thresholds -> Up: 7.09%, Down: -4.73%
2025-11-25 15:26:45,756 - feature_engineer - INFO - BID t+60 Thresholds -> Up: 10.02%, Down: -6.68%
2025-11-25 15:26:45,759 - feature_engineer - INFO - BID t+90 Thresholds -> Up: 12.28%, Down: -8.18%
2025-11-25 15:26:45,791 - feature_engineer - INFO - Đang fit scaler dựa trên 2384 mẫu (80% dữ liệu đầu).
2025-11-25 15:26:45,791 - feature_engineer - INFO - Sử dụng 'Vũ trụ Đặc trưng Ngắn hạn' cho t+1...
2025-11-25 15:26:45,791 - feature_engineer - INFO - Đang chạy lựa chọn đặc trưng cho Target_Direction_t+1 từ 18 ứng cử viên...
2025-11-25 15:26:45,920 - feature_engineer - INFO - Đã chọn 13 đặc trưng 'vàng' cho Target_Direction_t+1 (Top 3: ['Volatility_14', 'Close_Pct_Change', 'Close_to_Open']).
2025-11-25 15:26:45,925 - feature_engineer - INFO - Sử dụng 'Vũ trụ Đặc trưng Ngắn hạn' cho t+3...
2025-11-25 15:26:45,926 - feature_engineer - INFO - Đang chạy lựa chọn đặc trưng cho Target_Direction_t+3 từ 18 ứng cử viên...
2025-11-25 15:26:46,046 - feature_engineer - INFO - Đã chọn 13 đặc trưng 'vàng' cho Target_Direction_t+3 (Top 3: ['Close_MA7', 'MACD', 'Volatility_14']).
2025-11-25 15:26:46,051 - feature_engineer - INFO - Sử dụng 'Vũ trụ Đặc trưng Ngắn hạn' cho t+5...
2025-11-25 15:26:46,051 - feature_engineer - INFO - Đang chạy lựa chọn đặc trưng cho Target_Direction_t+5 từ 18 ứng cử viên...
2025-11-25 15:26:46,170 - feature_engineer - INFO - Đã chọn 13 đặc trưng 'vàng' cho Target_Direction_t+5 (Top 3: ['Close_MA7', 'Volatility_14', 'MACD']).
2025-11-25 15:26:46,175 - feature_engineer - INFO - Sử dụng 'Vũ trụ Đặc trưng Đầy đủ' cho t+30...
2025-11-25 15:26:46,176 - feature_engineer - INFO - Đang chạy lựa chọn đặc trưng cho Target_Direction_t+30 từ 64 ứng cử viên...
2025-11-25 15:26:46,325 - feature_engineer - INFO - Đã chọn 30 đặc trưng 'vàng' cho Target_Direction_t+30 (Top 3: ['Close', 'time_index', 'Volatility_60']).
2025-11-25 15:26:46,333 - feature_engineer - INFO - Sử dụng 'Vũ trụ Đặc trưng Đầy đủ' cho t+60...
2025-11-25 15:26:46,333 - feature_engineer - INFO - Đang chạy lựa chọn đặc trưng cho Target_Direction_t+60 từ 64 ứng cử viên...
2025-11-25 15:26:46,464 - feature_engineer - INFO - Đã chọn 30 đặc trưng 'vàng' cho Target_Direction_t+60 (Top 3: ['Close', 'Close_MA200', 'Non_Interest_Income (%)']).
2025-11-25 15:26:46,471 - feature_engineer - INFO - Sử dụng 'Vũ trụ Đặc trưng Đầy đủ' cho t+90...
2025-11-25 15:26:46,472 - feature_engineer - INFO - Đang chạy lựa chọn đặc trưng cho Target_Direction_t+90 từ 64 ứng cử viên...
2025-11-25 15:26:46,604 - feature_engineer - INFO - Đã chọn 30 đặc trưng 'vàng' cho Target_Direction_t+90 (Top 3: ['NIM_CIR_Ratio', 'Close', 'CIR (%)']).
2025-11-25 15:26:46,611 - feature_engineer - INFO - Fit Main Scaler trên 2384 mẫu (proxy)...
2025-11-25 15:26:46,621 - feature_engineer - INFO - Transform Main Scaler trên 2981 mẫu (toàn bộ)...
2025-11-25 15:26:46,838 - feature_engineer - INFO - Đã xử lý và lưu dữ liệu/metadata (an toàn, lọc nhiễu) cho BID
2025-11-25 15:26:46,855 - feature_engineer - INFO - Đang merge_asof dữ liệu cơ bản cho CTG (direction='backward')...
2025-11-25 15:26:46,880 - feature_engineer - INFO - Đang tạo nhãn cho CTG với 'Asymmetric Volatility-Based Thresholding'...
2025-11-25 15:26:46,881 - feature_engineer - INFO - CTG t+1 Thresholds -> Up: 1.23%, Down: -0.82%
2025-11-25 15:26:46,885 - feature_engineer - INFO - CTG t+3 Thresholds -> Up: 2.14%, Down: -1.42%
2025-11-25 15:26:46,889 - feature_engineer - INFO - CTG t+5 Thresholds -> Up: 2.76%, Down: -1.84%
2025-11-25 15:26:46,893 - feature_engineer - INFO - CTG t+30 Thresholds -> Up: 6.75%, Down: -4.50%
2025-11-25 15:26:46,896 - feature_engineer - INFO - CTG t+60 Thresholds -> Up: 9.55%, Down: -6.37%
2025-11-25 15:26:46,900 - feature_engineer - INFO - CTG t+90 Thresholds -> Up: 11.69%, Down: -7.80%
2025-11-25 15:26:46,930 - feature_engineer - INFO - Đang fit scaler dựa trên 3200 mẫu (80% dữ liệu đầu).
2025-11-25 15:26:46,930 - feature_engineer - INFO - Sử dụng 'Vũ trụ Đặc trưng Ngắn hạn' cho t+1...
2025-11-25 15:26:46,930 - feature_engineer - INFO - Đang chạy lựa chọn đặc trưng cho Target_Direction_t+1 từ 18 ứng cử viên...
2025-11-25 15:26:47,052 - feature_engineer - INFO - Đã chọn 13 đặc trưng 'vàng' cho Target_Direction_t+1 (Top 3: ['High_to_Low', 'Close_MA7', 'MACD']).
2025-11-25 15:26:47,059 - feature_engineer - INFO - Sử dụng 'Vũ trụ Đặc trưng Ngắn hạn' cho t+3...
2025-11-25 15:26:47,059 - feature_engineer - INFO - Đang chạy lựa chọn đặc trưng cho Target_Direction_t+3 từ 18 ứng cử viên...
2025-11-25 15:26:47,191 - feature_engineer - INFO - Đã chọn 13 đặc trưng 'vàng' cho Target_Direction_t+3 (Top 3: ['MACD', 'Close_MA7', 'Volatility_14']).
2025-11-25 15:26:47,197 - feature_engineer - INFO - Sử dụng 'Vũ trụ Đặc trưng Ngắn hạn' cho t+5...
2025-11-25 15:26:47,197 - feature_engineer - INFO - Đang chạy lựa chọn đặc trưng cho Target_Direction_t+5 từ 18 ứng cử viên...
2025-11-25 15:26:47,330 - feature_engineer - INFO - Đã chọn 13 đặc trưng 'vàng' cho Target_Direction_t+5 (Top 3: ['MACD', 'Close_MA7', 'Volatility_14']).
2025-11-25 15:26:47,335 - feature_engineer - INFO - Sử dụng 'Vũ trụ Đặc trưng Đầy đủ' cho t+30...
2025-11-25 15:26:47,335 - feature_engineer - INFO - Đang chạy lựa chọn đặc trưng cho Target_Direction_t+30 từ 64 ứng cử viên...
2025-11-25 15:26:47,487 - feature_engineer - INFO - Đã chọn 30 đặc trưng 'vàng' cho Target_Direction_t+30 (Top 3: ['Close', 'Volatility_60', 'Close_lag_365']).
2025-11-25 15:26:47,495 - feature_engineer - INFO - Sử dụng 'Vũ trụ Đặc trưng Đầy đủ' cho t+60...
2025-11-25 15:26:47,495 - feature_engineer - INFO - Đang chạy lựa chọn đặc trưng cho Target_Direction_t+60 từ 64 ứng cử viên...
2025-11-25 15:26:47,642 - feature_engineer - INFO - Đã chọn 30 đặc trưng 'vàng' cho Target_Direction_t+60 (Top 3: ['CIR (%)', 'Close', 'quarter']).
2025-11-25 15:26:47,649 - feature_engineer - INFO - Sử dụng 'Vũ trụ Đặc trưng Đầy đủ' cho t+90...
2025-11-25 15:26:47,649 - feature_engineer - INFO - Đang chạy lựa chọn đặc trưng cho Target_Direction_t+90 từ 64 ứng cử viên...
2025-11-25 15:26:47,797 - feature_engineer - INFO - Đã chọn 30 đặc trưng 'vàng' cho Target_Direction_t+90 (Top 3: ['CIR (%)', 'eps_change', 'Close']).
2025-11-25 15:26:47,805 - feature_engineer - INFO - Fit Main Scaler trên 3200 mẫu (proxy)...
2025-11-25 15:26:47,815 - feature_engineer - INFO - Transform Main Scaler trên 4000 mẫu (toàn bộ)...
2025-11-25 15:26:48,069 - feature_engineer - INFO - Đã xử lý và lưu dữ liệu/metadata (an toàn, lọc nhiễu) cho CTG
2025-11-25 15:26:48,085 - feature_engineer - INFO - Đang merge_asof dữ liệu cơ bản cho TCB (direction='backward')...
2025-11-25 15:26:48,108 - feature_engineer - INFO - Đang tạo nhãn cho TCB với 'Asymmetric Volatility-Based Thresholding'...
2025-11-25 15:26:48,108 - feature_engineer - INFO - TCB t+1 Thresholds -> Up: 1.23%, Down: -0.82%
2025-11-25 15:26:48,112 - feature_engineer - INFO - TCB t+3 Thresholds -> Up: 2.13%, Down: -1.42%
2025-11-25 15:26:48,116 - feature_engineer - INFO - TCB t+5 Thresholds -> Up: 2.76%, Down: -1.84%
2025-11-25 15:26:48,119 - feature_engineer - INFO - TCB t+30 Thresholds -> Up: 6.75%, Down: -4.50%
2025-11-25 15:26:48,122 - feature_engineer - INFO - TCB t+60 Thresholds -> Up: 9.55%, Down: -6.36%
2025-11-25 15:26:48,125 - feature_engineer - INFO - TCB t+90 Thresholds -> Up: 11.69%, Down: -7.79%
2025-11-25 15:26:48,152 - feature_engineer - INFO - Đang fit scaler dựa trên 1519 mẫu (80% dữ liệu đầu).
2025-11-25 15:26:48,152 - feature_engineer - INFO - Sử dụng 'Vũ trụ Đặc trưng Ngắn hạn' cho t+1...
2025-11-25 15:26:48,153 - feature_engineer - INFO - Đang chạy lựa chọn đặc trưng cho Target_Direction_t+1 từ 18 ứng cử viên...
2025-11-25 15:26:48,277 - feature_engineer - INFO - Đã chọn 13 đặc trưng 'vàng' cho Target_Direction_t+1 (Top 3: ['Volume', 'Close_MA7', 'High_to_Low']).
2025-11-25 15:26:48,281 - feature_engineer - INFO - Sử dụng 'Vũ trụ Đặc trưng Ngắn hạn' cho t+3...
2025-11-25 15:26:48,281 - feature_engineer - INFO - Đang chạy lựa chọn đặc trưng cho Target_Direction_t+3 từ 18 ứng cử viên...
2025-11-25 15:26:48,402 - feature_engineer - INFO - Đã chọn 13 đặc trưng 'vàng' cho Target_Direction_t+3 (Top 3: ['Close_MA7', 'MACD', 'RSI_14']).
2025-11-25 15:26:48,407 - feature_engineer - INFO - Sử dụng 'Vũ trụ Đặc trưng Ngắn hạn' cho t+5...
2025-11-25 15:26:48,408 - feature_engineer - INFO - Đang chạy lựa chọn đặc trưng cho Target_Direction_t+5 từ 18 ứng cử viên...
2025-11-25 15:26:48,527 - feature_engineer - INFO - Đã chọn 13 đặc trưng 'vàng' cho Target_Direction_t+5 (Top 3: ['Close_MA7', 'MACD', 'RSI_14']).
2025-11-25 15:26:48,532 - feature_engineer - INFO - Sử dụng 'Vũ trụ Đặc trưng Đầy đủ' cho t+30...
2025-11-25 15:26:48,533 - feature_engineer - INFO - Đang chạy lựa chọn đặc trưng cho Target_Direction_t+30 từ 64 ứng cử viên...
2025-11-25 15:26:48,667 - feature_engineer - INFO - Đã chọn 30 đặc trưng 'vàng' cho Target_Direction_t+30 (Top 3: ['Volatility_60', 'time_index', 'Close']).
2025-11-25 15:26:48,676 - feature_engineer - INFO - Sử dụng 'Vũ trụ Đặc trưng Đầy đủ' cho t+60...
2025-11-25 15:26:48,676 - feature_engineer - INFO - Đang chạy lựa chọn đặc trưng cho Target_Direction_t+60 từ 64 ứng cử viên...
2025-11-25 15:26:48,822 - feature_engineer - INFO - Đã chọn 30 đặc trưng 'vàng' cho Target_Direction_t+60 (Top 3: ['Provision_Coverage (%)', 'time_index', 'Cost_of_Funds (%)']).
2025-11-25 15:26:48,829 - feature_engineer - INFO - Sử dụng 'Vũ trụ Đặc trưng Đầy đủ' cho t+90...
2025-11-25 15:26:48,829 - feature_engineer - INFO - Đang chạy lựa chọn đặc trưng cho Target_Direction_t+90 từ 64 ứng cử viên...
2025-11-25 15:26:48,962 - feature_engineer - INFO - Đã chọn 30 đặc trưng 'vàng' cho Target_Direction_t+90 (Top 3: ['Cost_of_Funds (%)', 'time_index', 'Equity_on_Loan (%)']).
2025-11-25 15:26:48,969 - feature_engineer - INFO - Fit Main Scaler trên 1519 mẫu (proxy)...
2025-11-25 15:26:48,979 - feature_engineer - INFO - Transform Main Scaler trên 1899 mẫu (toàn bộ)...
2025-11-25 15:26:49,094 - feature_engineer - INFO - Đã xử lý và lưu dữ liệu/metadata (an toàn, lọc nhiễu) cho TCB
2025-11-25 15:26:49,112 - feature_engineer - INFO - Đang merge_asof dữ liệu cơ bản cho MBB (direction='backward')...
2025-11-25 15:26:49,137 - feature_engineer - INFO - Đang tạo nhãn cho MBB với 'Asymmetric Volatility-Based Thresholding'...
2025-11-25 15:26:49,138 - feature_engineer - INFO - MBB t+1 Thresholds -> Up: 1.07%, Down: -0.72%
2025-11-25 15:26:49,142 - feature_engineer - INFO - MBB t+3 Thresholds -> Up: 1.86%, Down: -1.24%
2025-11-25 15:26:49,145 - feature_engineer - INFO - MBB t+5 Thresholds -> Up: 2.40%, Down: -1.60%
2025-11-25 15:26:49,149 - feature_engineer - INFO - MBB t+30 Thresholds -> Up: 5.88%, Down: -3.92%
2025-11-25 15:26:49,152 - feature_engineer - INFO - MBB t+60 Thresholds -> Up: 8.31%, Down: -5.54%
2025-11-25 15:26:49,156 - feature_engineer - INFO - MBB t+90 Thresholds -> Up: 10.18%, Down: -6.79%
2025-11-25 15:26:49,188 - feature_engineer - INFO - Đang fit scaler dựa trên 2835 mẫu (80% dữ liệu đầu).
2025-11-25 15:26:49,188 - feature_engineer - INFO - Sử dụng 'Vũ trụ Đặc trưng Ngắn hạn' cho t+1...
2025-11-25 15:26:49,189 - feature_engineer - INFO - Đang chạy lựa chọn đặc trưng cho Target_Direction_t+1 từ 18 ứng cử viên...
2025-11-25 15:26:49,306 - feature_engineer - INFO - Đã chọn 13 đặc trưng 'vàng' cho Target_Direction_t+1 (Top 3: ['Close_Pct_Change', 'Volume', 'Volatility_14']).
2025-11-25 15:26:49,311 - feature_engineer - INFO - Sử dụng 'Vũ trụ Đặc trưng Ngắn hạn' cho t+3...
2025-11-25 15:26:49,311 - feature_engineer - INFO - Đang chạy lựa chọn đặc trưng cho Target_Direction_t+3 từ 18 ứng cử viên...
2025-11-25 15:26:49,447 - feature_engineer - INFO - Đã chọn 13 đặc trưng 'vàng' cho Target_Direction_t+3 (Top 3: ['Close_MA7', 'Volatility_14', 'MACD']).
2025-11-25 15:26:49,453 - feature_engineer - INFO - Sử dụng 'Vũ trụ Đặc trưng Ngắn hạn' cho t+5...
2025-11-25 15:26:49,453 - feature_engineer - INFO - Đang chạy lựa chọn đặc trưng cho Target_Direction_t+5 từ 18 ứng cử viên...
2025-11-25 15:26:49,588 - feature_engineer - INFO - Đã chọn 13 đặc trưng 'vàng' cho Target_Direction_t+5 (Top 3: ['Close_MA7', 'MACD', 'Volatility_14']).
2025-11-25 15:26:49,593 - feature_engineer - INFO - Sử dụng 'Vũ trụ Đặc trưng Đầy đủ' cho t+30...
2025-11-25 15:26:49,593 - feature_engineer - INFO - Đang chạy lựa chọn đặc trưng cho Target_Direction_t+30 từ 64 ứng cử viên...
2025-11-25 15:26:49,743 - feature_engineer - INFO - Đã chọn 30 đặc trưng 'vàng' cho Target_Direction_t+30 (Top 3: ['Close', 'Volatility_60', 'time_index']).
2025-11-25 15:26:49,750 - feature_engineer - INFO - Sử dụng 'Vũ trụ Đặc trưng Đầy đủ' cho t+60...
2025-11-25 15:26:49,751 - feature_engineer - INFO - Đang chạy lựa chọn đặc trưng cho Target_Direction_t+60 từ 64 ứng cử viên...
2025-11-25 15:26:50,035 - feature_engineer - INFO - Đã chọn 30 đặc trưng 'vàng' cho Target_Direction_t+60 (Top 3: ['Volatility_60', 'Close', 'Equity_on_Loan (%)']).
2025-11-25 15:26:50,044 - feature_engineer - INFO - Sử dụng 'Vũ trụ Đặc trưng Đầy đủ' cho t+90...
2025-11-25 15:26:50,044 - feature_engineer - INFO - Đang chạy lựa chọn đặc trưng cho Target_Direction_t+90 từ 64 ứng cử viên...
2025-11-25 15:26:50,194 - feature_engineer - INFO - Đã chọn 30 đặc trưng 'vàng' cho Target_Direction_t+90 (Top 3: ['eps_change', 'time_index', 'EPS (VND)']).
2025-11-25 15:26:50,202 - feature_engineer - INFO - Fit Main Scaler trên 2835 mẫu (proxy)...
2025-11-25 15:26:50,215 - feature_engineer - INFO - Transform Main Scaler trên 3544 mẫu (toàn bộ)...
2025-11-25 15:26:50,434 - feature_engineer - INFO - Đã xử lý và lưu dữ liệu/metadata (an toàn, lọc nhiễu) cho MBB
2025-11-25 15:26:50,451 - feature_engineer - INFO - Đang merge_asof dữ liệu cơ bản cho VPB (direction='backward')...
2025-11-25 15:26:50,476 - feature_engineer - INFO - Đang tạo nhãn cho VPB với 'Asymmetric Volatility-Based Thresholding'...
2025-11-25 15:26:50,477 - feature_engineer - INFO - VPB t+1 Thresholds -> Up: 1.32%, Down: -0.88%
2025-11-25 15:26:50,481 - feature_engineer - INFO - VPB t+3 Thresholds -> Up: 2.29%, Down: -1.53%
2025-11-25 15:26:50,485 - feature_engineer - INFO - VPB t+5 Thresholds -> Up: 2.96%, Down: -1.97%
2025-11-25 15:26:50,489 - feature_engineer - INFO - VPB t+30 Thresholds -> Up: 7.25%, Down: -4.83%
2025-11-25 15:26:50,494 - feature_engineer - INFO - VPB t+60 Thresholds -> Up: 10.25%, Down: -6.83%
2025-11-25 15:26:50,499 - feature_engineer - INFO - VPB t+90 Thresholds -> Up: 12.55%, Down: -8.37%
2025-11-25 15:26:50,530 - feature_engineer - INFO - Đang fit scaler dựa trên 1676 mẫu (80% dữ liệu đầu).
2025-11-25 15:26:50,531 - feature_engineer - INFO - Sử dụng 'Vũ trụ Đặc trưng Ngắn hạn' cho t+1...
2025-11-25 15:26:50,531 - feature_engineer - INFO - Đang chạy lựa chọn đặc trưng cho Target_Direction_t+1 từ 18 ứng cử viên...
2025-11-25 15:26:50,655 - feature_engineer - INFO - Đã chọn 13 đặc trưng 'vàng' cho Target_Direction_t+1 (Top 3: ['MACD', 'High_to_Low', 'Close_MA7']).
2025-11-25 15:26:50,660 - feature_engineer - INFO - Sử dụng 'Vũ trụ Đặc trưng Ngắn hạn' cho t+3...
2025-11-25 15:26:50,660 - feature_engineer - INFO - Đang chạy lựa chọn đặc trưng cho Target_Direction_t+3 từ 18 ứng cử viên...
2025-11-25 15:26:50,779 - feature_engineer - INFO - Đã chọn 13 đặc trưng 'vàng' cho Target_Direction_t+3 (Top 3: ['Close_MA7', 'MACD', 'RSI_14']).
2025-11-25 15:26:50,785 - feature_engineer - INFO - Sử dụng 'Vũ trụ Đặc trưng Ngắn hạn' cho t+5...
2025-11-25 15:26:50,785 - feature_engineer - INFO - Đang chạy lựa chọn đặc trưng cho Target_Direction_t+5 từ 18 ứng cử viên...
2025-11-25 15:26:50,904 - feature_engineer - INFO - Đã chọn 13 đặc trưng 'vàng' cho Target_Direction_t+5 (Top 3: ['Close_MA7', 'Volatility_14', 'MACD']).
2025-11-25 15:26:50,909 - feature_engineer - INFO - Sử dụng 'Vũ trụ Đặc trưng Đầy đủ' cho t+30...
2025-11-25 15:26:50,909 - feature_engineer - INFO - Đang chạy lựa chọn đặc trưng cho Target_Direction_t+30 từ 64 ứng cử viên...
2025-11-25 15:26:51,043 - feature_engineer - INFO - Đã chọn 30 đặc trưng 'vàng' cho Target_Direction_t+30 (Top 3: ['Close', 'time_index', 'MACD']).
2025-11-25 15:26:51,050 - feature_engineer - INFO - Sử dụng 'Vũ trụ Đặc trưng Đầy đủ' cho t+60...
2025-11-25 15:26:51,050 - feature_engineer - INFO - Đang chạy lựa chọn đặc trưng cho Target_Direction_t+60 từ 64 ứng cử viên...
2025-11-25 15:26:51,183 - feature_engineer - INFO - Đã chọn 30 đặc trưng 'vàng' cho Target_Direction_t+60 (Top 3: ['Close', 'time_index', 'Close_MA200']).
2025-11-25 15:26:51,190 - feature_engineer - INFO - Sử dụng 'Vũ trụ Đặc trưng Đầy đủ' cho t+90...
2025-11-25 15:26:51,190 - feature_engineer - INFO - Đang chạy lựa chọn đặc trưng cho Target_Direction_t+90 từ 64 ứng cử viên...
2025-11-25 15:26:51,324 - feature_engineer - INFO - Đã chọn 30 đặc trưng 'vàng' cho Target_Direction_t+90 (Top 3: ['NPL (%)', 'time_index', 'Provision_Coverage (%)']).
2025-11-25 15:26:51,331 - feature_engineer - INFO - Fit Main Scaler trên 1676 mẫu (proxy)...
2025-11-25 15:26:51,341 - feature_engineer - INFO - Transform Main Scaler trên 2096 mẫu (toàn bộ)...
2025-11-25 15:26:51,471 - feature_engineer - INFO - Đã xử lý và lưu dữ liệu/metadata (an toàn, lọc nhiễu) cho VPB
2025-11-25 15:26:51,490 - feature_engineer - INFO - Đang merge_asof dữ liệu cơ bản cho ACB (direction='backward')...
2025-11-25 15:26:51,516 - feature_engineer - INFO - Đang tạo nhãn cho ACB với 'Asymmetric Volatility-Based Thresholding'...
2025-11-25 15:26:51,517 - feature_engineer - INFO - ACB t+1 Thresholds -> Up: 1.02%, Down: -0.68%
2025-11-25 15:26:51,521 - feature_engineer - INFO - ACB t+3 Thresholds -> Up: 1.77%, Down: -1.18%
2025-11-25 15:26:51,525 - feature_engineer - INFO - ACB t+5 Thresholds -> Up: 2.29%, Down: -1.53%
2025-11-25 15:26:51,530 - feature_engineer - INFO - ACB t+30 Thresholds -> Up: 5.61%, Down: -3.74%
2025-11-25 15:26:51,534 - feature_engineer - INFO - ACB t+60 Thresholds -> Up: 7.93%, Down: -5.29%
2025-11-25 15:26:51,539 - feature_engineer - INFO - ACB t+90 Thresholds -> Up: 9.71%, Down: -6.47%
2025-11-25 15:26:51,570 - feature_engineer - INFO - Đang fit scaler dựa trên 3200 mẫu (80% dữ liệu đầu).
2025-11-25 15:26:51,570 - feature_engineer - INFO - Sử dụng 'Vũ trụ Đặc trưng Ngắn hạn' cho t+1...
2025-11-25 15:26:51,570 - feature_engineer - INFO - Đang chạy lựa chọn đặc trưng cho Target_Direction_t+1 từ 18 ứng cử viên...
2025-11-25 15:26:51,699 - feature_engineer - INFO - Đã chọn 13 đặc trưng 'vàng' cho Target_Direction_t+1 (Top 3: ['Volatility_14', 'MACD', 'Volume']).
2025-11-25 15:26:51,704 - feature_engineer - INFO - Sử dụng 'Vũ trụ Đặc trưng Ngắn hạn' cho t+3...
2025-11-25 15:26:51,704 - feature_engineer - INFO - Đang chạy lựa chọn đặc trưng cho Target_Direction_t+3 từ 18 ứng cử viên...
2025-11-25 15:26:51,824 - feature_engineer - INFO - Đã chọn 14 đặc trưng 'vàng' cho Target_Direction_t+3 (Top 3: ['Close_MA7', 'Volatility_14', 'MACD_Signal']).
2025-11-25 15:26:51,829 - feature_engineer - INFO - Sử dụng 'Vũ trụ Đặc trưng Ngắn hạn' cho t+5...
2025-11-25 15:26:51,830 - feature_engineer - INFO - Đang chạy lựa chọn đặc trưng cho Target_Direction_t+5 từ 18 ứng cử viên...
2025-11-25 15:26:51,963 - feature_engineer - INFO - Đã chọn 13 đặc trưng 'vàng' cho Target_Direction_t+5 (Top 3: ['Close_MA7', 'Volatility_14', 'MACD']).
2025-11-25 15:26:51,969 - feature_engineer - INFO - Sử dụng 'Vũ trụ Đặc trưng Đầy đủ' cho t+30...
2025-11-25 15:26:51,969 - feature_engineer - INFO - Đang chạy lựa chọn đặc trưng cho Target_Direction_t+30 từ 64 ứng cử viên...
2025-11-25 15:26:52,135 - feature_engineer - INFO - Đã chọn 30 đặc trưng 'vàng' cho Target_Direction_t+30 (Top 3: ['Close', 'time_index', 'MACD']).
2025-11-25 15:26:52,142 - feature_engineer - INFO - Sử dụng 'Vũ trụ Đặc trưng Đầy đủ' cho t+60...
2025-11-25 15:26:52,143 - feature_engineer - INFO - Đang chạy lựa chọn đặc trưng cho Target_Direction_t+60 từ 64 ứng cử viên...
2025-11-25 15:26:52,289 - feature_engineer - INFO - Đã chọn 30 đặc trưng 'vàng' cho Target_Direction_t+60 (Top 3: ['cancel_debt', 'time_index', 'Close']).
2025-11-25 15:26:52,297 - feature_engineer - INFO - Sử dụng 'Vũ trụ Đặc trưng Đầy đủ' cho t+90...
2025-11-25 15:26:52,297 - feature_engineer - INFO - Đang chạy lựa chọn đặc trưng cho Target_Direction_t+90 từ 64 ứng cử viên...
2025-11-25 15:26:52,443 - feature_engineer - INFO - Đã chọn 30 đặc trưng 'vàng' cho Target_Direction_t+90 (Top 3: ['cancel_debt', 'time_index', 'Close']).
2025-11-25 15:26:52,451 - feature_engineer - INFO - Fit Main Scaler trên 3200 mẫu (proxy)...
2025-11-25 15:26:52,464 - feature_engineer - INFO - Transform Main Scaler trên 4000 mẫu (toàn bộ)...
2025-11-25 15:26:52,714 - feature_engineer - INFO - Đã xử lý và lưu dữ liệu/metadata (an toàn, lọc nhiễu) cho ACB
2025-11-25 15:26:52,732 - feature_engineer - INFO - Đang merge_asof dữ liệu cơ bản cho STB (direction='backward')...
2025-11-25 15:26:52,758 - feature_engineer - INFO - Đang tạo nhãn cho STB với 'Asymmetric Volatility-Based Thresholding'...
2025-11-25 15:26:52,759 - feature_engineer - INFO - STB t+1 Thresholds -> Up: 1.29%, Down: -0.86%
2025-11-25 15:26:52,762 - feature_engineer - INFO - STB t+3 Thresholds -> Up: 2.24%, Down: -1.49%
2025-11-25 15:26:52,766 - feature_engineer - INFO - STB t+5 Thresholds -> Up: 2.89%, Down: -1.93%
2025-11-25 15:26:52,770 - feature_engineer - INFO - STB t+30 Thresholds -> Up: 7.09%, Down: -4.72%
2025-11-25 15:26:52,774 - feature_engineer - INFO - STB t+60 Thresholds -> Up: 10.02%, Down: -6.68%
2025-11-25 15:26:52,778 - feature_engineer - INFO - STB t+90 Thresholds -> Up: 12.28%, Down: -8.18%
2025-11-25 15:26:52,810 - feature_engineer - INFO - Đang fit scaler dựa trên 3200 mẫu (80% dữ liệu đầu).
2025-11-25 15:26:52,810 - feature_engineer - INFO - Sử dụng 'Vũ trụ Đặc trưng Ngắn hạn' cho t+1...
2025-11-25 15:26:52,810 - feature_engineer - INFO - Đang chạy lựa chọn đặc trưng cho Target_Direction_t+1 từ 18 ứng cử viên...
2025-11-25 15:26:52,936 - feature_engineer - INFO - Đã chọn 13 đặc trưng 'vàng' cho Target_Direction_t+1 (Top 3: ['Volume', 'Close_MA7', 'High_to_Low']).
2025-11-25 15:26:52,941 - feature_engineer - INFO - Sử dụng 'Vũ trụ Đặc trưng Ngắn hạn' cho t+3...
2025-11-25 15:26:52,941 - feature_engineer - INFO - Đang chạy lựa chọn đặc trưng cho Target_Direction_t+3 từ 18 ứng cử viên...
2025-11-25 15:26:53,076 - feature_engineer - INFO - Đã chọn 13 đặc trưng 'vàng' cho Target_Direction_t+3 (Top 3: ['Close_MA7', 'MACD', 'Volume']).
2025-11-25 15:26:53,082 - feature_engineer - INFO - Sử dụng 'Vũ trụ Đặc trưng Ngắn hạn' cho t+5...
2025-11-25 15:26:53,082 - feature_engineer - INFO - Đang chạy lựa chọn đặc trưng cho Target_Direction_t+5 từ 18 ứng cử viên...
2025-11-25 15:26:53,216 - feature_engineer - INFO - Đã chọn 13 đặc trưng 'vàng' cho Target_Direction_t+5 (Top 3: ['Close_MA7', 'MACD', 'Volume']).
2025-11-25 15:26:53,221 - feature_engineer - INFO - Sử dụng 'Vũ trụ Đặc trưng Đầy đủ' cho t+30...
2025-11-25 15:26:53,221 - feature_engineer - INFO - Đang chạy lựa chọn đặc trưng cho Target_Direction_t+30 từ 64 ứng cử viên...
2025-11-25 15:26:53,370 - feature_engineer - INFO - Đã chọn 30 đặc trưng 'vàng' cho Target_Direction_t+30 (Top 3: ['Close', 'time_index', 'Close_lag_365']).
2025-11-25 15:26:53,378 - feature_engineer - INFO - Sử dụng 'Vũ trụ Đặc trưng Đầy đủ' cho t+60...
2025-11-25 15:26:53,378 - feature_engineer - INFO - Đang chạy lựa chọn đặc trưng cho Target_Direction_t+60 từ 64 ứng cử viên...
2025-11-25 15:26:53,524 - feature_engineer - INFO - Đã chọn 30 đặc trưng 'vàng' cho Target_Direction_t+60 (Top 3: ['Close', 'Credit_Growth (%)', 'time_index']).
2025-11-25 15:26:53,532 - feature_engineer - INFO - Sử dụng 'Vũ trụ Đặc trưng Đầy đủ' cho t+90...
2025-11-25 15:26:53,532 - feature_engineer - INFO - Đang chạy lựa chọn đặc trưng cho Target_Direction_t+90 từ 64 ứng cử viên...
2025-11-25 15:26:53,679 - feature_engineer - INFO - Đã chọn 30 đặc trưng 'vàng' cho Target_Direction_t+90 (Top 3: ['Credit_Growth (%)', 'eps_change', 'time_index']).
2025-11-25 15:26:53,686 - feature_engineer - INFO - Fit Main Scaler trên 3200 mẫu (proxy)...
2025-11-25 15:26:53,698 - feature_engineer - INFO - Transform Main Scaler trên 4000 mẫu (toàn bộ)...
2025-11-25 15:26:53,938 - feature_engineer - INFO - Đã xử lý và lưu dữ liệu/metadata (an toàn, lọc nhiễu) cho STB
2025-11-25 15:26:53,953 - feature_engineer - INFO - Đang merge_asof dữ liệu cơ bản cho HDB (direction='backward')...
2025-11-25 15:26:53,975 - feature_engineer - INFO - Đang tạo nhãn cho HDB với 'Asymmetric Volatility-Based Thresholding'...
2025-11-25 15:26:53,977 - feature_engineer - INFO - HDB t+1 Thresholds -> Up: 1.24%, Down: -0.83%
2025-11-25 15:26:53,980 - feature_engineer - INFO - HDB t+3 Thresholds -> Up: 2.16%, Down: -1.44%
2025-11-25 15:26:53,983 - feature_engineer - INFO - HDB t+5 Thresholds -> Up: 2.78%, Down: -1.86%
2025-11-25 15:26:53,986 - feature_engineer - INFO - HDB t+30 Thresholds -> Up: 6.82%, Down: -4.55%
2025-11-25 15:26:53,989 - feature_engineer - INFO - HDB t+60 Thresholds -> Up: 9.64%, Down: -6.43%
2025-11-25 15:26:53,992 - feature_engineer - INFO - HDB t+90 Thresholds -> Up: 11.81%, Down: -7.87%
2025-11-25 15:26:54,022 - feature_engineer - INFO - Đang fit scaler dựa trên 1597 mẫu (80% dữ liệu đầu).
2025-11-25 15:26:54,022 - feature_engineer - INFO - Sử dụng 'Vũ trụ Đặc trưng Ngắn hạn' cho t+1...
2025-11-25 15:26:54,022 - feature_engineer - INFO - Đang chạy lựa chọn đặc trưng cho Target_Direction_t+1 từ 18 ứng cử viên...
2025-11-25 15:26:54,143 - feature_engineer - INFO - Đã chọn 13 đặc trưng 'vàng' cho Target_Direction_t+1 (Top 3: ['High_to_Low', 'Volatility_14', 'MACD']).
2025-11-25 15:26:54,148 - feature_engineer - INFO - Sử dụng 'Vũ trụ Đặc trưng Ngắn hạn' cho t+3...
2025-11-25 15:26:54,149 - feature_engineer - INFO - Đang chạy lựa chọn đặc trưng cho Target_Direction_t+3 từ 18 ứng cử viên...
2025-11-25 15:26:54,267 - feature_engineer - INFO - Đã chọn 13 đặc trưng 'vàng' cho Target_Direction_t+3 (Top 3: ['Close_MA7', 'Volatility_14', 'MACD']).
2025-11-25 15:26:54,272 - feature_engineer - INFO - Sử dụng 'Vũ trụ Đặc trưng Ngắn hạn' cho t+5...
2025-11-25 15:26:54,273 - feature_engineer - INFO - Đang chạy lựa chọn đặc trưng cho Target_Direction_t+5 từ 18 ứng cử viên...
2025-11-25 15:26:54,406 - feature_engineer - INFO - Đã chọn 13 đặc trưng 'vàng' cho Target_Direction_t+5 (Top 3: ['Close_MA7', 'MACD', 'Volatility_14']).
2025-11-25 15:26:54,411 - feature_engineer - INFO - Sử dụng 'Vũ trụ Đặc trưng Đầy đủ' cho t+30...
2025-11-25 15:26:54,411 - feature_engineer - INFO - Đang chạy lựa chọn đặc trưng cho Target_Direction_t+30 từ 64 ứng cử viên...
2025-11-25 15:26:54,544 - feature_engineer - INFO - Đã chọn 30 đặc trưng 'vàng' cho Target_Direction_t+30 (Top 3: ['Close', 'time_index', 'Provision_Coverage (%)']).
2025-11-25 15:26:54,551 - feature_engineer - INFO - Sử dụng 'Vũ trụ Đặc trưng Đầy đủ' cho t+60...
2025-11-25 15:26:54,551 - feature_engineer - INFO - Đang chạy lựa chọn đặc trưng cho Target_Direction_t+60 từ 64 ứng cử viên...
2025-11-25 15:26:54,683 - feature_engineer - INFO - Đã chọn 30 đặc trưng 'vàng' cho Target_Direction_t+60 (Top 3: ['time_index', 'Close', 'Close_lag_365']).
2025-11-25 15:26:54,691 - feature_engineer - INFO - Sử dụng 'Vũ trụ Đặc trưng Đầy đủ' cho t+90...
2025-11-25 15:26:54,691 - feature_engineer - INFO - Đang chạy lựa chọn đặc trưng cho Target_Direction_t+90 từ 64 ứng cử viên...
2025-11-25 15:26:54,838 - feature_engineer - INFO - Đã chọn 30 đặc trưng 'vàng' cho Target_Direction_t+90 (Top 3: ['NIM (%)', 'EPS (VND)', 'time_index']).
2025-11-25 15:26:54,846 - feature_engineer - INFO - Fit Main Scaler trên 1597 mẫu (proxy)...
2025-11-25 15:26:54,855 - feature_engineer - INFO - Transform Main Scaler trên 1997 mẫu (toàn bộ)...
2025-11-25 15:26:55,072 - feature_engineer - INFO - Đã xử lý và lưu dữ liệu/metadata (an toàn, lọc nhiễu) cho HDB
2025-11-25 15:26:55,085 - feature_engineer - INFO - Đang merge_asof dữ liệu cơ bản cho TPB (direction='backward')...
2025-11-25 15:26:55,105 - feature_engineer - INFO - Đang tạo nhãn cho TPB với 'Asymmetric Volatility-Based Thresholding'...
2025-11-25 15:26:55,106 - feature_engineer - INFO - TPB t+1 Thresholds -> Up: 1.24%, Down: -0.83%
2025-11-25 15:26:55,110 - feature_engineer - INFO - TPB t+3 Thresholds -> Up: 2.14%, Down: -1.43%
2025-11-25 15:26:55,112 - feature_engineer - INFO - TPB t+5 Thresholds -> Up: 2.77%, Down: -1.85%
2025-11-25 15:26:55,115 - feature_engineer - INFO - TPB t+30 Thresholds -> Up: 6.78%, Down: -4.52%
2025-11-25 15:26:55,118 - feature_engineer - INFO - TPB t+60 Thresholds -> Up: 9.59%, Down: -6.39%
2025-11-25 15:26:55,121 - feature_engineer - INFO - TPB t+90 Thresholds -> Up: 11.75%, Down: -7.83%
2025-11-25 15:26:55,149 - feature_engineer - INFO - Đang fit scaler dựa trên 1542 mẫu (80% dữ liệu đầu).
2025-11-25 15:26:55,149 - feature_engineer - INFO - Sử dụng 'Vũ trụ Đặc trưng Ngắn hạn' cho t+1...
2025-11-25 15:26:55,149 - feature_engineer - INFO - Đang chạy lựa chọn đặc trưng cho Target_Direction_t+1 từ 18 ứng cử viên...
2025-11-25 15:26:55,271 - feature_engineer - INFO - Đã chọn 13 đặc trưng 'vàng' cho Target_Direction_t+1 (Top 3: ['Close_to_Open', 'Close_MA7', 'High_to_Low']).
2025-11-25 15:26:55,276 - feature_engineer - INFO - Sử dụng 'Vũ trụ Đặc trưng Ngắn hạn' cho t+3...
2025-11-25 15:26:55,276 - feature_engineer - INFO - Đang chạy lựa chọn đặc trưng cho Target_Direction_t+3 từ 18 ứng cử viên...
2025-11-25 15:26:55,393 - feature_engineer - INFO - Đã chọn 13 đặc trưng 'vàng' cho Target_Direction_t+3 (Top 3: ['Close_MA7', 'MACD', 'Volatility_14']).
2025-11-25 15:26:55,398 - feature_engineer - INFO - Sử dụng 'Vũ trụ Đặc trưng Ngắn hạn' cho t+5...
2025-11-25 15:26:55,398 - feature_engineer - INFO - Đang chạy lựa chọn đặc trưng cho Target_Direction_t+5 từ 18 ứng cử viên...
2025-11-25 15:26:55,516 - feature_engineer - INFO - Đã chọn 13 đặc trưng 'vàng' cho Target_Direction_t+5 (Top 3: ['Close_MA7', 'MACD', 'Volatility_14']).
2025-11-25 15:26:55,521 - feature_engineer - INFO - Sử dụng 'Vũ trụ Đặc trưng Đầy đủ' cho t+30...
2025-11-25 15:26:55,521 - feature_engineer - INFO - Đang chạy lựa chọn đặc trưng cho Target_Direction_t+30 từ 64 ứng cử viên...
2025-11-25 15:26:55,657 - feature_engineer - INFO - Đã chọn 30 đặc trưng 'vàng' cho Target_Direction_t+30 (Top 3: ['Close', 'Close_MA100', 'Close_MA200']).
2025-11-25 15:26:55,664 - feature_engineer - INFO - Sử dụng 'Vũ trụ Đặc trưng Đầy đủ' cho t+60...
2025-11-25 15:26:55,665 - feature_engineer - INFO - Đang chạy lựa chọn đặc trưng cho Target_Direction_t+60 từ 64 ứng cử viên...
2025-11-25 15:26:55,795 - feature_engineer - INFO - Đã chọn 30 đặc trưng 'vàng' cho Target_Direction_t+60 (Top 3: ['EPS (VND)', 'Close_MA100', 'Close_MA200']).
2025-11-25 15:26:55,803 - feature_engineer - INFO - Sử dụng 'Vũ trụ Đặc trưng Đầy đủ' cho t+90...
2025-11-25 15:26:55,803 - feature_engineer - INFO - Đang chạy lựa chọn đặc trưng cho Target_Direction_t+90 từ 64 ứng cử viên...
2025-11-25 15:26:55,935 - feature_engineer - INFO - Đã chọn 30 đặc trưng 'vàng' cho Target_Direction_t+90 (Top 3: ['Close_MA100', 'Close', 'EPS (VND)']).
2025-11-25 15:26:55,943 - feature_engineer - INFO - Fit Main Scaler trên 1542 mẫu (proxy)...
2025-11-25 15:26:55,952 - feature_engineer - INFO - Transform Main Scaler trên 1928 mẫu (toàn bộ)...
2025-11-25 15:26:56,073 - feature_engineer - INFO - Đã xử lý và lưu dữ liệu/metadata (an toàn, lọc nhiễu) cho TPB
2025-11-25 15:49:21,140 - feature_engineer - ERROR - Không tìm thấy file VNINDEX.csv. Bỏ qua đặc trưng thị trường.
2025-11-25 15:49:21,183 - feature_engineer - INFO - Đang merge_asof dữ liệu cơ bản cho VCB (direction='backward')...
2025-11-25 15:49:21,236 - feature_engineer - INFO - Đang tạo nhãn cho VCB với 'Asymmetric Volatility-Based Thresholding' (Balanced)...
2025-11-25 15:49:21,237 - feature_engineer - INFO - VCB t+1 thresholds: Up > 1.01%, Down < -0.83%
2025-11-25 15:49:21,242 - feature_engineer - INFO - VCB t+3 thresholds: Up > 1.75%, Down < -1.43%
2025-11-25 15:49:21,247 - feature_engineer - INFO - VCB t+5 thresholds: Up > 2.26%, Down < -1.85%
2025-11-25 15:49:21,251 - feature_engineer - INFO - VCB t+30 thresholds: Up > 5.55%, Down < -4.54%
2025-11-25 15:49:21,257 - feature_engineer - INFO - VCB t+60 thresholds: Up > 7.84%, Down < -6.42%
2025-11-25 15:49:21,262 - feature_engineer - INFO - VCB t+90 thresholds: Up > 9.60%, Down < -7.86%
2025-11-25 15:49:21,299 - feature_engineer - INFO - Đang fit scaler dựa trên 3200 mẫu (80% dữ liệu đầu).
2025-11-25 15:49:21,299 - feature_engineer - INFO - Sử dụng 'Vũ trụ Đặc trưng Ngắn hạn' cho t+1...
2025-11-25 15:49:21,299 - feature_engineer - INFO - Đang chạy lựa chọn đặc trưng cho Target_Direction_t+1 từ 18 ứng cử viên...
2025-11-25 15:49:21,438 - feature_engineer - INFO - Đã chọn 13 đặc trưng 'vàng' cho Target_Direction_t+1 (Top 3: ['High_to_Low', 'RSI_14', 'MACD']).
2025-11-25 15:49:21,443 - feature_engineer - INFO - Sử dụng 'Vũ trụ Đặc trưng Ngắn hạn' cho t+3...
2025-11-25 15:49:21,443 - feature_engineer - INFO - Đang chạy lựa chọn đặc trưng cho Target_Direction_t+3 từ 18 ứng cử viên...
2025-11-25 15:49:21,579 - feature_engineer - INFO - Đã chọn 14 đặc trưng 'vàng' cho Target_Direction_t+3 (Top 3: ['Close_MA7', 'RSI_14', 'MACD_Signal']).
2025-11-25 15:49:21,585 - feature_engineer - INFO - Sử dụng 'Vũ trụ Đặc trưng Ngắn hạn' cho t+5...
2025-11-25 15:49:21,585 - feature_engineer - INFO - Đang chạy lựa chọn đặc trưng cho Target_Direction_t+5 từ 18 ứng cử viên...
2025-11-25 15:49:21,720 - feature_engineer - INFO - Đã chọn 13 đặc trưng 'vàng' cho Target_Direction_t+5 (Top 3: ['Close_MA7', 'MACD', 'Volatility_14']).
2025-11-25 15:49:21,726 - feature_engineer - INFO - Sử dụng 'Vũ trụ Đặc trưng Đầy đủ' cho t+30...
2025-11-25 15:49:21,726 - feature_engineer - INFO - Đang chạy lựa chọn đặc trưng cho Target_Direction_t+30 từ 64 ứng cử viên...
2025-11-25 15:49:21,873 - feature_engineer - INFO - Đã chọn 30 đặc trưng 'vàng' cho Target_Direction_t+30 (Top 3: ['Close', 'Volatility_60', 'MACD']).
2025-11-25 15:49:21,881 - feature_engineer - INFO - Sử dụng 'Vũ trụ Đặc trưng Đầy đủ' cho t+60...
2025-11-25 15:49:21,881 - feature_engineer - INFO - Đang chạy lựa chọn đặc trưng cho Target_Direction_t+60 từ 64 ứng cử viên...
2025-11-25 15:49:22,027 - feature_engineer - INFO - Đã chọn 30 đặc trưng 'vàng' cho Target_Direction_t+60 (Top 3: ['Close', 'MACD', 'Provision_Coverage (%)']).
2025-11-25 15:49:22,035 - feature_engineer - INFO - Sử dụng 'Vũ trụ Đặc trưng Đầy đủ' cho t+90...
2025-11-25 15:49:22,036 - feature_engineer - INFO - Đang chạy lựa chọn đặc trưng cho Target_Direction_t+90 từ 64 ứng cử viên...
2025-11-25 15:49:22,182 - feature_engineer - INFO - Đã chọn 30 đặc trưng 'vàng' cho Target_Direction_t+90 (Top 3: ['P/E', 'Close', 'NPL (%)']).
2025-11-25 15:49:22,190 - feature_engineer - INFO - Fit Main Scaler trên 3200 mẫu (proxy)...
2025-11-25 15:49:22,201 - feature_engineer - INFO - Transform Main Scaler trên 4000 mẫu (toàn bộ)...
2025-11-25 15:49:22,442 - feature_engineer - INFO - Đã xử lý và lưu dữ liệu/metadata (an toàn, lọc nhiễu) cho VCB
2025-11-25 15:49:22,465 - feature_engineer - INFO - Đang merge_asof dữ liệu cơ bản cho BID (direction='backward')...
2025-11-25 15:49:22,489 - feature_engineer - INFO - Đang tạo nhãn cho BID với 'Asymmetric Volatility-Based Thresholding' (Balanced)...
2025-11-25 15:49:22,490 - feature_engineer - INFO - BID t+1 thresholds: Up > 1.19%, Down < -0.97%
2025-11-25 15:49:22,493 - feature_engineer - INFO - BID t+3 thresholds: Up > 2.05%, Down < -1.68%
2025-11-25 15:49:22,498 - feature_engineer - INFO - BID t+5 thresholds: Up > 2.65%, Down < -2.17%
2025-11-25 15:49:22,501 - feature_engineer - INFO - BID t+30 thresholds: Up > 6.50%, Down < -5.32%
2025-11-25 15:49:22,505 - feature_engineer - INFO - BID t+60 thresholds: Up > 9.19%, Down < -7.52%
2025-11-25 15:49:22,509 - feature_engineer - INFO - BID t+90 thresholds: Up > 11.25%, Down < -9.21%
2025-11-25 15:49:22,538 - feature_engineer - INFO - Đang fit scaler dựa trên 2384 mẫu (80% dữ liệu đầu).
2025-11-25 15:49:22,538 - feature_engineer - INFO - Sử dụng 'Vũ trụ Đặc trưng Ngắn hạn' cho t+1...
2025-11-25 15:49:22,538 - feature_engineer - INFO - Đang chạy lựa chọn đặc trưng cho Target_Direction_t+1 từ 18 ứng cử viên...
2025-11-25 15:49:22,666 - feature_engineer - INFO - Đã chọn 13 đặc trưng 'vàng' cho Target_Direction_t+1 (Top 3: ['Close_to_Open', 'Volatility_14', 'Close_Pct_Change']).
2025-11-25 15:49:22,672 - feature_engineer - INFO - Sử dụng 'Vũ trụ Đặc trưng Ngắn hạn' cho t+3...
2025-11-25 15:49:22,673 - feature_engineer - INFO - Đang chạy lựa chọn đặc trưng cho Target_Direction_t+3 từ 18 ứng cử viên...
2025-11-25 15:49:22,804 - feature_engineer - INFO - Đã chọn 13 đặc trưng 'vàng' cho Target_Direction_t+3 (Top 3: ['MACD', 'Volatility_14', 'Close_MA7']).
2025-11-25 15:49:22,810 - feature_engineer - INFO - Sử dụng 'Vũ trụ Đặc trưng Ngắn hạn' cho t+5...
2025-11-25 15:49:22,810 - feature_engineer - INFO - Đang chạy lựa chọn đặc trưng cho Target_Direction_t+5 từ 18 ứng cử viên...
2025-11-25 15:49:22,944 - feature_engineer - INFO - Đã chọn 13 đặc trưng 'vàng' cho Target_Direction_t+5 (Top 3: ['Close_MA7', 'Volatility_14', 'MACD']).
2025-11-25 15:49:22,951 - feature_engineer - INFO - Sử dụng 'Vũ trụ Đặc trưng Đầy đủ' cho t+30...
2025-11-25 15:49:22,951 - feature_engineer - INFO - Đang chạy lựa chọn đặc trưng cho Target_Direction_t+30 từ 64 ứng cử viên...
2025-11-25 15:49:23,084 - feature_engineer - INFO - Đã chọn 30 đặc trưng 'vàng' cho Target_Direction_t+30 (Top 3: ['Close', 'time_index', 'Volatility_60']).
2025-11-25 15:49:23,100 - feature_engineer - INFO - Sử dụng 'Vũ trụ Đặc trưng Đầy đủ' cho t+60...
2025-11-25 15:49:23,100 - feature_engineer - INFO - Đang chạy lựa chọn đặc trưng cho Target_Direction_t+60 từ 64 ứng cử viên...
2025-11-25 15:49:23,239 - feature_engineer - INFO - Đã chọn 30 đặc trưng 'vàng' cho Target_Direction_t+60 (Top 3: ['Close', 'Close_MA200', 'time_index']).
2025-11-25 15:49:23,248 - feature_engineer - INFO - Sử dụng 'Vũ trụ Đặc trưng Đầy đủ' cho t+90...
2025-11-25 15:49:23,248 - feature_engineer - INFO - Đang chạy lựa chọn đặc trưng cho Target_Direction_t+90 từ 64 ứng cử viên...
2025-11-25 15:49:23,395 - feature_engineer - INFO - Đã chọn 30 đặc trưng 'vàng' cho Target_Direction_t+90 (Top 3: ['NIM_CIR_Ratio', 'CIR (%)', 'Close']).
2025-11-25 15:49:23,402 - feature_engineer - INFO - Fit Main Scaler trên 2384 mẫu (proxy)...
2025-11-25 15:49:23,413 - feature_engineer - INFO - Transform Main Scaler trên 2981 mẫu (toàn bộ)...
2025-11-25 15:49:23,587 - feature_engineer - INFO - Đã xử lý và lưu dữ liệu/metadata (an toàn, lọc nhiễu) cho BID
2025-11-25 15:49:23,610 - feature_engineer - INFO - Đang merge_asof dữ liệu cơ bản cho CTG (direction='backward')...
2025-11-25 15:49:23,636 - feature_engineer - INFO - Đang tạo nhãn cho CTG với 'Asymmetric Volatility-Based Thresholding' (Balanced)...
2025-11-25 15:49:23,637 - feature_engineer - INFO - CTG t+1 thresholds: Up > 1.13%, Down < -0.92%
2025-11-25 15:49:23,640 - feature_engineer - INFO - CTG t+3 thresholds: Up > 1.96%, Down < -1.60%
2025-11-25 15:49:23,643 - feature_engineer - INFO - CTG t+5 thresholds: Up > 2.53%, Down < -2.07%
2025-11-25 15:49:23,648 - feature_engineer - INFO - CTG t+30 thresholds: Up > 6.19%, Down < -5.06%
2025-11-25 15:49:23,651 - feature_engineer - INFO - CTG t+60 thresholds: Up > 8.75%, Down < -7.16%
2025-11-25 15:49:23,656 - feature_engineer - INFO - CTG t+90 thresholds: Up > 10.72%, Down < -8.77%
2025-11-25 15:49:23,686 - feature_engineer - INFO - Đang fit scaler dựa trên 3200 mẫu (80% dữ liệu đầu).
2025-11-25 15:49:23,687 - feature_engineer - INFO - Sử dụng 'Vũ trụ Đặc trưng Ngắn hạn' cho t+1...
2025-11-25 15:49:23,687 - feature_engineer - INFO - Đang chạy lựa chọn đặc trưng cho Target_Direction_t+1 từ 18 ứng cử viên...
2025-11-25 15:49:23,814 - feature_engineer - INFO - Đã chọn 13 đặc trưng 'vàng' cho Target_Direction_t+1 (Top 3: ['Volatility_14', 'High_to_Low', 'RSI_14']).
2025-11-25 15:49:23,819 - feature_engineer - INFO - Sử dụng 'Vũ trụ Đặc trưng Ngắn hạn' cho t+3...
2025-11-25 15:49:23,819 - feature_engineer - INFO - Đang chạy lựa chọn đặc trưng cho Target_Direction_t+3 từ 18 ứng cử viên...
2025-11-25 15:49:23,955 - feature_engineer - INFO - Đã chọn 13 đặc trưng 'vàng' cho Target_Direction_t+3 (Top 3: ['MACD', 'Close_MA7', 'Volatility_14']).
2025-11-25 15:49:23,961 - feature_engineer - INFO - Sử dụng 'Vũ trụ Đặc trưng Ngắn hạn' cho t+5...
2025-11-25 15:49:23,961 - feature_engineer - INFO - Đang chạy lựa chọn đặc trưng cho Target_Direction_t+5 từ 18 ứng cử viên...
2025-11-25 15:49:24,096 - feature_engineer - INFO - Đã chọn 13 đặc trưng 'vàng' cho Target_Direction_t+5 (Top 3: ['Close_MA7', 'MACD', 'Volatility_14']).
2025-11-25 15:49:24,101 - feature_engineer - INFO - Sử dụng 'Vũ trụ Đặc trưng Đầy đủ' cho t+30...
2025-11-25 15:49:24,102 - feature_engineer - INFO - Đang chạy lựa chọn đặc trưng cho Target_Direction_t+30 từ 64 ứng cử viên...
2025-11-25 15:49:24,250 - feature_engineer - INFO - Đã chọn 30 đặc trưng 'vàng' cho Target_Direction_t+30 (Top 3: ['Close', 'Volatility_60', 'CIR (%)']).
2025-11-25 15:49:24,258 - feature_engineer - INFO - Sử dụng 'Vũ trụ Đặc trưng Đầy đủ' cho t+60...
2025-11-25 15:49:24,258 - feature_engineer - INFO - Đang chạy lựa chọn đặc trưng cho Target_Direction_t+60 từ 64 ứng cử viên...
2025-11-25 15:49:24,406 - feature_engineer - INFO - Đã chọn 30 đặc trưng 'vàng' cho Target_Direction_t+60 (Top 3: ['Close', 'CIR (%)', 'Volatility_60']).
2025-11-25 15:49:24,414 - feature_engineer - INFO - Sử dụng 'Vũ trụ Đặc trưng Đầy đủ' cho t+90...
2025-11-25 15:49:24,414 - feature_engineer - INFO - Đang chạy lựa chọn đặc trưng cho Target_Direction_t+90 từ 64 ứng cử viên...
2025-11-25 15:49:24,560 - feature_engineer - INFO - Đã chọn 30 đặc trưng 'vàng' cho Target_Direction_t+90 (Top 3: ['eps_change', 'EPS (VND)', 'Close']).
2025-11-25 15:49:24,568 - feature_engineer - INFO - Fit Main Scaler trên 3200 mẫu (proxy)...
2025-11-25 15:49:24,580 - feature_engineer - INFO - Transform Main Scaler trên 4000 mẫu (toàn bộ)...
2025-11-25 15:49:24,814 - feature_engineer - INFO - Đã xử lý và lưu dữ liệu/metadata (an toàn, lọc nhiễu) cho CTG
2025-11-25 15:49:24,835 - feature_engineer - INFO - Đang merge_asof dữ liệu cơ bản cho TCB (direction='backward')...
2025-11-25 15:49:24,857 - feature_engineer - INFO - Đang tạo nhãn cho TCB với 'Asymmetric Volatility-Based Thresholding' (Balanced)...
2025-11-25 15:49:24,858 - feature_engineer - INFO - TCB t+1 thresholds: Up > 1.13%, Down < -0.92%
2025-11-25 15:49:24,861 - feature_engineer - INFO - TCB t+3 thresholds: Up > 1.96%, Down < -1.60%
2025-11-25 15:49:24,865 - feature_engineer - INFO - TCB t+5 thresholds: Up > 2.53%, Down < -2.07%
2025-11-25 15:49:24,868 - feature_engineer - INFO - TCB t+30 thresholds: Up > 6.19%, Down < -5.06%
2025-11-25 15:49:24,872 - feature_engineer - INFO - TCB t+60 thresholds: Up > 8.75%, Down < -7.16%
2025-11-25 15:49:24,875 - feature_engineer - INFO - TCB t+90 thresholds: Up > 10.72%, Down < -8.77%
2025-11-25 15:49:24,903 - feature_engineer - INFO - Đang fit scaler dựa trên 1519 mẫu (80% dữ liệu đầu).
2025-11-25 15:49:24,904 - feature_engineer - INFO - Sử dụng 'Vũ trụ Đặc trưng Ngắn hạn' cho t+1...
2025-11-25 15:49:24,904 - feature_engineer - INFO - Đang chạy lựa chọn đặc trưng cho Target_Direction_t+1 từ 18 ứng cử viên...
2025-11-25 15:49:25,024 - feature_engineer - INFO - Đã chọn 13 đặc trưng 'vàng' cho Target_Direction_t+1 (Top 3: ['Close_to_Open', 'Volume', 'Close_Pct_Change']).
2025-11-25 15:49:25,029 - feature_engineer - INFO - Sử dụng 'Vũ trụ Đặc trưng Ngắn hạn' cho t+3...
2025-11-25 15:49:25,029 - feature_engineer - INFO - Đang chạy lựa chọn đặc trưng cho Target_Direction_t+3 từ 18 ứng cử viên...
2025-11-25 15:49:25,161 - feature_engineer - INFO - Đã chọn 13 đặc trưng 'vàng' cho Target_Direction_t+3 (Top 3: ['Close_MA7', 'Volatility_14', 'Volume']).
2025-11-25 15:49:25,166 - feature_engineer - INFO - Sử dụng 'Vũ trụ Đặc trưng Ngắn hạn' cho t+5...
2025-11-25 15:49:25,166 - feature_engineer - INFO - Đang chạy lựa chọn đặc trưng cho Target_Direction_t+5 từ 18 ứng cử viên...
2025-11-25 15:49:25,284 - feature_engineer - INFO - Đã chọn 13 đặc trưng 'vàng' cho Target_Direction_t+5 (Top 3: ['Close_MA7', 'Volatility_14', 'RSI_14']).
2025-11-25 15:49:25,289 - feature_engineer - INFO - Sử dụng 'Vũ trụ Đặc trưng Đầy đủ' cho t+30...
2025-11-25 15:49:25,289 - feature_engineer - INFO - Đang chạy lựa chọn đặc trưng cho Target_Direction_t+30 từ 64 ứng cử viên...
2025-11-25 15:49:25,423 - feature_engineer - INFO - Đã chọn 30 đặc trưng 'vàng' cho Target_Direction_t+30 (Top 3: ['time_index', 'Volatility_60', 'Close']).
2025-11-25 15:49:25,430 - feature_engineer - INFO - Sử dụng 'Vũ trụ Đặc trưng Đầy đủ' cho t+60...
2025-11-25 15:49:25,430 - feature_engineer - INFO - Đang chạy lựa chọn đặc trưng cho Target_Direction_t+60 từ 64 ứng cử viên...
2025-11-25 15:49:25,561 - feature_engineer - INFO - Đã chọn 30 đặc trưng 'vàng' cho Target_Direction_t+60 (Top 3: ['Provision_Coverage (%)', 'time_index', 'Post_Tax_ROA (%)']).
2025-11-25 15:49:25,568 - feature_engineer - INFO - Sử dụng 'Vũ trụ Đặc trưng Đầy đủ' cho t+90...
2025-11-25 15:49:25,568 - feature_engineer - INFO - Đang chạy lựa chọn đặc trưng cho Target_Direction_t+90 từ 64 ứng cử viên...
2025-11-25 15:49:25,701 - feature_engineer - INFO - Đã chọn 30 đặc trưng 'vàng' cho Target_Direction_t+90 (Top 3: ['time_index', 'Cost_of_Funds (%)', 'BVPS (VND)']).
2025-11-25 15:49:25,709 - feature_engineer - INFO - Fit Main Scaler trên 1519 mẫu (proxy)...
2025-11-25 15:49:25,719 - feature_engineer - INFO - Transform Main Scaler trên 1899 mẫu (toàn bộ)...
2025-11-25 15:49:25,838 - feature_engineer - INFO - Đã xử lý và lưu dữ liệu/metadata (an toàn, lọc nhiễu) cho TCB
2025-11-25 15:49:26,003 - feature_engineer - INFO - Đang merge_asof dữ liệu cơ bản cho MBB (direction='backward')...
2025-11-25 15:49:26,032 - feature_engineer - INFO - Đang tạo nhãn cho MBB với 'Asymmetric Volatility-Based Thresholding' (Balanced)...
2025-11-25 15:49:26,033 - feature_engineer - INFO - MBB t+1 thresholds: Up > 0.98%, Down < -0.80%
2025-11-25 15:49:26,036 - feature_engineer - INFO - MBB t+3 thresholds: Up > 1.70%, Down < -1.39%
2025-11-25 15:49:26,040 - feature_engineer - INFO - MBB t+5 thresholds: Up > 2.20%, Down < -1.80%
2025-11-25 15:49:26,044 - feature_engineer - INFO - MBB t+30 thresholds: Up > 5.39%, Down < -4.41%
2025-11-25 15:49:26,048 - feature_engineer - INFO - MBB t+60 thresholds: Up > 7.62%, Down < -6.24%
2025-11-25 15:49:26,051 - feature_engineer - INFO - MBB t+90 thresholds: Up > 9.33%, Down < -7.64%
2025-11-25 15:49:26,082 - feature_engineer - INFO - Đang fit scaler dựa trên 2835 mẫu (80% dữ liệu đầu).
2025-11-25 15:49:26,082 - feature_engineer - INFO - Sử dụng 'Vũ trụ Đặc trưng Ngắn hạn' cho t+1...
2025-11-25 15:49:26,083 - feature_engineer - INFO - Đang chạy lựa chọn đặc trưng cho Target_Direction_t+1 từ 18 ứng cử viên...
2025-11-25 15:49:26,212 - feature_engineer - INFO - Đã chọn 13 đặc trưng 'vàng' cho Target_Direction_t+1 (Top 3: ['Volume', 'High_to_Low', 'Close_Pct_Change']).
2025-11-25 15:49:26,218 - feature_engineer - INFO - Sử dụng 'Vũ trụ Đặc trưng Ngắn hạn' cho t+3...
2025-11-25 15:49:26,218 - feature_engineer - INFO - Đang chạy lựa chọn đặc trưng cho Target_Direction_t+3 từ 18 ứng cử viên...
2025-11-25 15:49:26,337 - feature_engineer - INFO - Đã chọn 13 đặc trưng 'vàng' cho Target_Direction_t+3 (Top 3: ['Close_MA7', 'Volatility_14', 'MACD']).
2025-11-25 15:49:26,342 - feature_engineer - INFO - Sử dụng 'Vũ trụ Đặc trưng Ngắn hạn' cho t+5...
2025-11-25 15:49:26,344 - feature_engineer - INFO - Đang chạy lựa chọn đặc trưng cho Target_Direction_t+5 từ 18 ứng cử viên...
2025-11-25 15:49:26,478 - feature_engineer - INFO - Đã chọn 13 đặc trưng 'vàng' cho Target_Direction_t+5 (Top 3: ['Close_MA7', 'MACD', 'Volatility_14']).
2025-11-25 15:49:26,483 - feature_engineer - INFO - Sử dụng 'Vũ trụ Đặc trưng Đầy đủ' cho t+30...
2025-11-25 15:49:26,483 - feature_engineer - INFO - Đang chạy lựa chọn đặc trưng cho Target_Direction_t+30 từ 64 ứng cử viên...
2025-11-25 15:49:26,632 - feature_engineer - INFO - Đã chọn 30 đặc trưng 'vàng' cho Target_Direction_t+30 (Top 3: ['time_index', 'Volatility_60', 'Close']).
2025-11-25 15:49:26,640 - feature_engineer - INFO - Sử dụng 'Vũ trụ Đặc trưng Đầy đủ' cho t+60...
2025-11-25 15:49:26,640 - feature_engineer - INFO - Đang chạy lựa chọn đặc trưng cho Target_Direction_t+60 từ 64 ứng cử viên...
2025-11-25 15:49:26,913 - feature_engineer - INFO - Đã chọn 30 đặc trưng 'vàng' cho Target_Direction_t+60 (Top 3: ['Volatility_60', 'eps_change', 'Close']).
2025-11-25 15:49:26,920 - feature_engineer - INFO - Sử dụng 'Vũ trụ Đặc trưng Đầy đủ' cho t+90...
2025-11-25 15:49:26,921 - feature_engineer - INFO - Đang chạy lựa chọn đặc trưng cho Target_Direction_t+90 từ 64 ứng cử viên...
2025-11-25 15:49:27,052 - feature_engineer - INFO - Đã chọn 30 đặc trưng 'vàng' cho Target_Direction_t+90 (Top 3: ['eps_change', 'time_index', 'NIM (%)']).
2025-11-25 15:49:27,059 - feature_engineer - INFO - Fit Main Scaler trên 2835 mẫu (proxy)...
2025-11-25 15:49:27,070 - feature_engineer - INFO - Transform Main Scaler trên 3544 mẫu (toàn bộ)...
2025-11-25 15:49:27,279 - feature_engineer - INFO - Đã xử lý và lưu dữ liệu/metadata (an toàn, lọc nhiễu) cho MBB
2025-11-25 15:49:27,302 - feature_engineer - INFO - Đang merge_asof dữ liệu cơ bản cho VPB (direction='backward')...
2025-11-25 15:49:27,325 - feature_engineer - INFO - Đang tạo nhãn cho VPB với 'Asymmetric Volatility-Based Thresholding' (Balanced)...
2025-11-25 15:49:27,326 - feature_engineer - INFO - VPB t+1 thresholds: Up > 1.21%, Down < -0.99%
2025-11-25 15:49:27,330 - feature_engineer - INFO - VPB t+3 thresholds: Up > 2.10%, Down < -1.72%
2025-11-25 15:49:27,334 - feature_engineer - INFO - VPB t+5 thresholds: Up > 2.71%, Down < -2.22%
2025-11-25 15:49:27,337 - feature_engineer - INFO - VPB t+30 thresholds: Up > 6.64%, Down < -5.44%
2025-11-25 15:49:27,341 - feature_engineer - INFO - VPB t+60 thresholds: Up > 9.40%, Down < -7.69%
2025-11-25 15:49:27,343 - feature_engineer - INFO - VPB t+90 thresholds: Up > 11.51%, Down < -9.42%
2025-11-25 15:49:27,372 - feature_engineer - INFO - Đang fit scaler dựa trên 1676 mẫu (80% dữ liệu đầu).
2025-11-25 15:49:27,372 - feature_engineer - INFO - Sử dụng 'Vũ trụ Đặc trưng Ngắn hạn' cho t+1...
2025-11-25 15:49:27,372 - feature_engineer - INFO - Đang chạy lựa chọn đặc trưng cho Target_Direction_t+1 từ 18 ứng cử viên...
2025-11-25 15:49:27,502 - feature_engineer - INFO - Đã chọn 13 đặc trưng 'vàng' cho Target_Direction_t+1 (Top 3: ['High_to_Low', 'Volatility_14', 'RSI_14']).
2025-11-25 15:49:27,506 - feature_engineer - INFO - Sử dụng 'Vũ trụ Đặc trưng Ngắn hạn' cho t+3...
2025-11-25 15:49:27,506 - feature_engineer - INFO - Đang chạy lựa chọn đặc trưng cho Target_Direction_t+3 từ 18 ứng cử viên...
2025-11-25 15:49:27,626 - feature_engineer - INFO - Đã chọn 13 đặc trưng 'vàng' cho Target_Direction_t+3 (Top 3: ['Close_MA7', 'MACD', 'RSI_14']).
2025-11-25 15:49:27,631 - feature_engineer - INFO - Sử dụng 'Vũ trụ Đặc trưng Ngắn hạn' cho t+5...
2025-11-25 15:49:27,631 - feature_engineer - INFO - Đang chạy lựa chọn đặc trưng cho Target_Direction_t+5 từ 18 ứng cử viên...
2025-11-25 15:49:27,749 - feature_engineer - INFO - Đã chọn 13 đặc trưng 'vàng' cho Target_Direction_t+5 (Top 3: ['Close_MA7', 'MACD', 'RSI_14']).
2025-11-25 15:49:27,754 - feature_engineer - INFO - Sử dụng 'Vũ trụ Đặc trưng Đầy đủ' cho t+30...
2025-11-25 15:49:27,754 - feature_engineer - INFO - Đang chạy lựa chọn đặc trưng cho Target_Direction_t+30 từ 64 ứng cử viên...
2025-11-25 15:49:27,891 - feature_engineer - INFO - Đã chọn 30 đặc trưng 'vàng' cho Target_Direction_t+30 (Top 3: ['Close', 'MACD', 'time_index']).
2025-11-25 15:49:27,898 - feature_engineer - INFO - Sử dụng 'Vũ trụ Đặc trưng Đầy đủ' cho t+60...
2025-11-25 15:49:27,898 - feature_engineer - INFO - Đang chạy lựa chọn đặc trưng cho Target_Direction_t+60 từ 64 ứng cử viên...
2025-11-25 15:49:28,031 - feature_engineer - INFO - Đã chọn 30 đặc trưng 'vàng' cho Target_Direction_t+60 (Top 3: ['Close', 'Close_MA200', 'Close_lag_90']).
2025-11-25 15:49:28,038 - feature_engineer - INFO - Sử dụng 'Vũ trụ Đặc trưng Đầy đủ' cho t+90...
2025-11-25 15:49:28,039 - feature_engineer - INFO - Đang chạy lựa chọn đặc trưng cho Target_Direction_t+90 từ 64 ứng cử viên...
2025-11-25 15:49:28,171 - feature_engineer - INFO - Đã chọn 30 đặc trưng 'vàng' cho Target_Direction_t+90 (Top 3: ['NPL (%)', 'Provision_Coverage (%)', 'EPS (VND)']).
2025-11-25 15:49:28,178 - feature_engineer - INFO - Fit Main Scaler trên 1676 mẫu (proxy)...
2025-11-25 15:49:28,188 - feature_engineer - INFO - Transform Main Scaler trên 2096 mẫu (toàn bộ)...
2025-11-25 15:49:28,319 - feature_engineer - INFO - Đã xử lý và lưu dữ liệu/metadata (an toàn, lọc nhiễu) cho VPB
2025-11-25 15:49:28,347 - feature_engineer - INFO - Đang merge_asof dữ liệu cơ bản cho ACB (direction='backward')...
2025-11-25 15:49:28,372 - feature_engineer - INFO - Đang tạo nhãn cho ACB với 'Asymmetric Volatility-Based Thresholding' (Balanced)...
2025-11-25 15:49:28,373 - feature_engineer - INFO - ACB t+1 thresholds: Up > 0.94%, Down < -0.77%
2025-11-25 15:49:28,377 - feature_engineer - INFO - ACB t+3 thresholds: Up > 1.63%, Down < -1.33%
2025-11-25 15:49:28,381 - feature_engineer - INFO - ACB t+5 thresholds: Up > 2.10%, Down < -1.72%
2025-11-25 15:49:28,385 - feature_engineer - INFO - ACB t+30 thresholds: Up > 5.14%, Down < -4.21%
2025-11-25 15:49:28,390 - feature_engineer - INFO - ACB t+60 thresholds: Up > 7.27%, Down < -5.95%
2025-11-25 15:49:28,394 - feature_engineer - INFO - ACB t+90 thresholds: Up > 8.90%, Down < -7.28%
2025-11-25 15:49:28,427 - feature_engineer - INFO - Đang fit scaler dựa trên 3200 mẫu (80% dữ liệu đầu).
2025-11-25 15:49:28,427 - feature_engineer - INFO - Sử dụng 'Vũ trụ Đặc trưng Ngắn hạn' cho t+1...
2025-11-25 15:49:28,427 - feature_engineer - INFO - Đang chạy lựa chọn đặc trưng cho Target_Direction_t+1 từ 18 ứng cử viên...
2025-11-25 15:49:28,546 - feature_engineer - INFO - Đã chọn 13 đặc trưng 'vàng' cho Target_Direction_t+1 (Top 3: ['Volatility_14', 'Volume', 'High_to_Low']).
2025-11-25 15:49:28,551 - feature_engineer - INFO - Sử dụng 'Vũ trụ Đặc trưng Ngắn hạn' cho t+3...
2025-11-25 15:49:28,551 - feature_engineer - INFO - Đang chạy lựa chọn đặc trưng cho Target_Direction_t+3 từ 18 ứng cử viên...
2025-11-25 15:49:28,671 - feature_engineer - INFO - Đã chọn 13 đặc trưng 'vàng' cho Target_Direction_t+3 (Top 3: ['Close_MA7', 'Volatility_14', 'MACD']).
2025-11-25 15:49:28,677 - feature_engineer - INFO - Sử dụng 'Vũ trụ Đặc trưng Ngắn hạn' cho t+5...
2025-11-25 15:49:28,677 - feature_engineer - INFO - Đang chạy lựa chọn đặc trưng cho Target_Direction_t+5 từ 18 ứng cử viên...
2025-11-25 15:49:28,795 - feature_engineer - INFO - Đã chọn 13 đặc trưng 'vàng' cho Target_Direction_t+5 (Top 3: ['Close_MA7', 'Volatility_14', 'MACD']).
2025-11-25 15:49:28,801 - feature_engineer - INFO - Sử dụng 'Vũ trụ Đặc trưng Đầy đủ' cho t+30...
2025-11-25 15:49:28,801 - feature_engineer - INFO - Đang chạy lựa chọn đặc trưng cho Target_Direction_t+30 từ 64 ứng cử viên...
2025-11-25 15:49:28,936 - feature_engineer - INFO - Đã chọn 30 đặc trưng 'vàng' cho Target_Direction_t+30 (Top 3: ['time_index', 'Close', 'MACD']).
2025-11-25 15:49:28,944 - feature_engineer - INFO - Sử dụng 'Vũ trụ Đặc trưng Đầy đủ' cho t+60...
2025-11-25 15:49:28,944 - feature_engineer - INFO - Đang chạy lựa chọn đặc trưng cho Target_Direction_t+60 từ 64 ứng cử viên...
2025-11-25 15:49:29,091 - feature_engineer - INFO - Đã chọn 30 đặc trưng 'vàng' cho Target_Direction_t+60 (Top 3: ['Close', 'time_index', 'cancel_debt']).
2025-11-25 15:49:29,099 - feature_engineer - INFO - Sử dụng 'Vũ trụ Đặc trưng Đầy đủ' cho t+90...
2025-11-25 15:49:29,100 - feature_engineer - INFO - Đang chạy lựa chọn đặc trưng cho Target_Direction_t+90 từ 64 ứng cử viên...
2025-11-25 15:49:29,244 - feature_engineer - INFO - Đã chọn 30 đặc trưng 'vàng' cho Target_Direction_t+90 (Top 3: ['cancel_debt', 'Close', 'time_index']).
2025-11-25 15:49:29,251 - feature_engineer - INFO - Fit Main Scaler trên 3200 mẫu (proxy)...
2025-11-25 15:49:29,263 - feature_engineer - INFO - Transform Main Scaler trên 4000 mẫu (toàn bộ)...
2025-11-25 15:49:29,498 - feature_engineer - INFO - Đã xử lý và lưu dữ liệu/metadata (an toàn, lọc nhiễu) cho ACB
2025-11-25 15:49:29,525 - feature_engineer - INFO - Đang merge_asof dữ liệu cơ bản cho STB (direction='backward')...
2025-11-25 15:49:29,550 - feature_engineer - INFO - Đang tạo nhãn cho STB với 'Asymmetric Volatility-Based Thresholding' (Balanced)...
2025-11-25 15:49:29,551 - feature_engineer - INFO - STB t+1 thresholds: Up > 1.19%, Down < -0.97%
2025-11-25 15:49:29,555 - feature_engineer - INFO - STB t+3 thresholds: Up > 2.05%, Down < -1.68%
2025-11-25 15:49:29,559 - feature_engineer - INFO - STB t+5 thresholds: Up > 2.65%, Down < -2.17%
2025-11-25 15:49:29,563 - feature_engineer - INFO - STB t+30 thresholds: Up > 6.50%, Down < -5.32%
2025-11-25 15:49:29,566 - feature_engineer - INFO - STB t+60 thresholds: Up > 9.19%, Down < -7.52%
2025-11-25 15:49:29,570 - feature_engineer - INFO - STB t+90 thresholds: Up > 11.25%, Down < -9.21%
2025-11-25 15:49:29,601 - feature_engineer - INFO - Đang fit scaler dựa trên 3200 mẫu (80% dữ liệu đầu).
2025-11-25 15:49:29,601 - feature_engineer - INFO - Sử dụng 'Vũ trụ Đặc trưng Ngắn hạn' cho t+1...
2025-11-25 15:49:29,602 - feature_engineer - INFO - Đang chạy lựa chọn đặc trưng cho Target_Direction_t+1 từ 18 ứng cử viên...
2025-11-25 15:49:29,724 - feature_engineer - INFO - Đã chọn 13 đặc trưng 'vàng' cho Target_Direction_t+1 (Top 3: ['Volume', 'Close_Pct_Change', 'Volatility_14']).
2025-11-25 15:49:29,730 - feature_engineer - INFO - Sử dụng 'Vũ trụ Đặc trưng Ngắn hạn' cho t+3...
2025-11-25 15:49:29,730 - feature_engineer - INFO - Đang chạy lựa chọn đặc trưng cho Target_Direction_t+3 từ 18 ứng cử viên...
2025-11-25 15:49:29,861 - feature_engineer - INFO - Đã chọn 13 đặc trưng 'vàng' cho Target_Direction_t+3 (Top 3: ['MACD', 'Close_MA7', 'Volatility_14']).
2025-11-25 15:49:29,867 - feature_engineer - INFO - Sử dụng 'Vũ trụ Đặc trưng Ngắn hạn' cho t+5...
2025-11-25 15:49:29,867 - feature_engineer - INFO - Đang chạy lựa chọn đặc trưng cho Target_Direction_t+5 từ 18 ứng cử viên...
2025-11-25 15:49:30,000 - feature_engineer - INFO - Đã chọn 13 đặc trưng 'vàng' cho Target_Direction_t+5 (Top 3: ['Close_MA7', 'MACD', 'RSI_14']).
2025-11-25 15:49:30,006 - feature_engineer - INFO - Sử dụng 'Vũ trụ Đặc trưng Đầy đủ' cho t+30...
2025-11-25 15:49:30,006 - feature_engineer - INFO - Đang chạy lựa chọn đặc trưng cho Target_Direction_t+30 từ 64 ứng cử viên...
2025-11-25 15:49:30,172 - feature_engineer - INFO - Đã chọn 30 đặc trưng 'vàng' cho Target_Direction_t+30 (Top 3: ['Close', 'time_index', 'Volatility_60']).
2025-11-25 15:49:30,180 - feature_engineer - INFO - Sử dụng 'Vũ trụ Đặc trưng Đầy đủ' cho t+60...
2025-11-25 15:49:30,180 - feature_engineer - INFO - Đang chạy lựa chọn đặc trưng cho Target_Direction_t+60 từ 64 ứng cử viên...
2025-11-25 15:49:30,329 - feature_engineer - INFO - Đã chọn 30 đặc trưng 'vàng' cho Target_Direction_t+60 (Top 3: ['time_index', 'Credit_Growth (%)', 'Close']).
2025-11-25 15:49:30,336 - feature_engineer - INFO - Sử dụng 'Vũ trụ Đặc trưng Đầy đủ' cho t+90...
2025-11-25 15:49:30,336 - feature_engineer - INFO - Đang chạy lựa chọn đặc trưng cho Target_Direction_t+90 từ 64 ứng cử viên...
2025-11-25 15:49:30,482 - feature_engineer - INFO - Đã chọn 30 đặc trưng 'vàng' cho Target_Direction_t+90 (Top 3: ['Credit_Growth (%)', 'time_index', 'eps_change']).
2025-11-25 15:49:30,490 - feature_engineer - INFO - Fit Main Scaler trên 3200 mẫu (proxy)...
2025-11-25 15:49:30,502 - feature_engineer - INFO - Transform Main Scaler trên 4000 mẫu (toàn bộ)...
2025-11-25 15:49:30,729 - feature_engineer - INFO - Đã xử lý và lưu dữ liệu/metadata (an toàn, lọc nhiễu) cho STB
2025-11-25 15:49:30,746 - feature_engineer - INFO - Đang merge_asof dữ liệu cơ bản cho HDB (direction='backward')...
2025-11-25 15:49:30,768 - feature_engineer - INFO - Đang tạo nhãn cho HDB với 'Asymmetric Volatility-Based Thresholding' (Balanced)...
2025-11-25 15:49:30,769 - feature_engineer - INFO - HDB t+1 thresholds: Up > 1.14%, Down < -0.93%
2025-11-25 15:49:30,772 - feature_engineer - INFO - HDB t+3 thresholds: Up > 1.98%, Down < -1.62%
2025-11-25 15:49:30,776 - feature_engineer - INFO - HDB t+5 thresholds: Up > 2.55%, Down < -2.09%
2025-11-25 15:49:30,778 - feature_engineer - INFO - HDB t+30 thresholds: Up > 6.25%, Down < -5.11%
2025-11-25 15:49:30,782 - feature_engineer - INFO - HDB t+60 thresholds: Up > 8.84%, Down < -7.23%
2025-11-25 15:49:30,785 - feature_engineer - INFO - HDB t+90 thresholds: Up > 10.82%, Down < -8.86%
2025-11-25 15:49:30,812 - feature_engineer - INFO - Đang fit scaler dựa trên 1597 mẫu (80% dữ liệu đầu).
2025-11-25 15:49:30,813 - feature_engineer - INFO - Sử dụng 'Vũ trụ Đặc trưng Ngắn hạn' cho t+1...
2025-11-25 15:49:30,813 - feature_engineer - INFO - Đang chạy lựa chọn đặc trưng cho Target_Direction_t+1 từ 18 ứng cử viên...
2025-11-25 15:49:30,935 - feature_engineer - INFO - Đã chọn 13 đặc trưng 'vàng' cho Target_Direction_t+1 (Top 3: ['High_to_Low', 'MACD', 'Close_Pct_Change']).
2025-11-25 15:49:30,940 - feature_engineer - INFO - Sử dụng 'Vũ trụ Đặc trưng Ngắn hạn' cho t+3...
2025-11-25 15:49:30,941 - feature_engineer - INFO - Đang chạy lựa chọn đặc trưng cho Target_Direction_t+3 từ 18 ứng cử viên...
2025-11-25 15:49:31,061 - feature_engineer - INFO - Đã chọn 13 đặc trưng 'vàng' cho Target_Direction_t+3 (Top 3: ['Close_MA7', 'High_to_Low', 'Volume']).
2025-11-25 15:49:31,066 - feature_engineer - INFO - Sử dụng 'Vũ trụ Đặc trưng Ngắn hạn' cho t+5...
2025-11-25 15:49:31,066 - feature_engineer - INFO - Đang chạy lựa chọn đặc trưng cho Target_Direction_t+5 từ 18 ứng cử viên...
2025-11-25 15:49:31,186 - feature_engineer - INFO - Đã chọn 13 đặc trưng 'vàng' cho Target_Direction_t+5 (Top 3: ['Close_MA7', 'MACD', 'Volatility_14']).
2025-11-25 15:49:31,190 - feature_engineer - INFO - Sử dụng 'Vũ trụ Đặc trưng Đầy đủ' cho t+30...
2025-11-25 15:49:31,191 - feature_engineer - INFO - Đang chạy lựa chọn đặc trưng cho Target_Direction_t+30 từ 64 ứng cử viên...
2025-11-25 15:49:31,326 - feature_engineer - INFO - Đã chọn 30 đặc trưng 'vàng' cho Target_Direction_t+30 (Top 3: ['Close', 'time_index', 'Provision_Coverage (%)']).
2025-11-25 15:49:31,333 - feature_engineer - INFO - Sử dụng 'Vũ trụ Đặc trưng Đầy đủ' cho t+60...
2025-11-25 15:49:31,333 - feature_engineer - INFO - Đang chạy lựa chọn đặc trưng cho Target_Direction_t+60 từ 64 ứng cử viên...
2025-11-25 15:49:31,464 - feature_engineer - INFO - Đã chọn 30 đặc trưng 'vàng' cho Target_Direction_t+60 (Top 3: ['time_index', 'Volatility_60', 'Close']).
2025-11-25 15:49:31,471 - feature_engineer - INFO - Sử dụng 'Vũ trụ Đặc trưng Đầy đủ' cho t+90...
2025-11-25 15:49:31,471 - feature_engineer - INFO - Đang chạy lựa chọn đặc trưng cho Target_Direction_t+90 từ 64 ứng cử viên...
2025-11-25 15:49:31,618 - feature_engineer - INFO - Đã chọn 30 đặc trưng 'vàng' cho Target_Direction_t+90 (Top 3: ['NIM (%)', 'time_index', 'Provision_Coverage (%)']).
2025-11-25 15:49:31,625 - feature_engineer - INFO - Fit Main Scaler trên 1597 mẫu (proxy)...
2025-11-25 15:49:31,634 - feature_engineer - INFO - Transform Main Scaler trên 1997 mẫu (toàn bộ)...
2025-11-25 15:49:31,753 - feature_engineer - INFO - Đã xử lý và lưu dữ liệu/metadata (an toàn, lọc nhiễu) cho HDB
