time,Open,High,Low,Close,Volume,Ticker
2010-01-04,3.79,4.05,3.76,3.97,2765900,ACB
2010-01-05,3.98,4.06,3.86,3.97,1929200,ACB
2010-01-06,3.93,3.98,3.83,3.86,1303300,ACB
2010-01-07,3.92,3.94,3.81,3.86,1342000,ACB
2010-01-08,3.81,3.95,3.74,3.83,1461300,ACB
2010-01-11,3.87,3.87,3.79,3.81,786800,ACB
2010-01-12,3.78,3.78,3.66,3.71,1111200,ACB
2010-01-13,3.72,3.88,3.65,3.77,1390700,ACB
2010-01-14,3.81,3.82,3.7,3.77,679500,ACB
2010-01-15,3.76,3.78,3.69,3.71,383800,ACB
2010-01-18,3.74,3.74,3.55,3.6,872900,ACB
2010-01-19,3.61,3.66,3.58,3.63,570500,ACB
2010-01-20,3.65,3.65,3.55,3.58,386300,ACB
2010-01-21,3.52,3.59,3.45,3.5,1456200,ACB
2010-01-22,3.54,3.58,3.52,3.54,738100,ACB
2010-01-25,3.54,3.54,3.5,3.52,1375400,ACB
2010-01-26,3.58,3.71,3.58,3.66,908700,ACB
2010-01-27,3.67,3.67,3.51,3.55,409900,ACB
2010-01-28,3.51,3.58,3.5,3.52,812000,ACB
2010-01-29,3.46,3.54,3.46,3.52,1264800,ACB
2010-02-01,3.5,3.55,3.49,3.53,644100,ACB
2010-02-02,3.55,3.55,3.5,3.52,750200,ACB
2010-02-03,3.52,3.54,3.51,3.53,662000,ACB
2010-02-04,3.55,3.6,3.55,3.57,711400,ACB
2010-02-05,3.52,3.54,3.5,3.51,548700,ACB
2010-02-08,3.54,3.62,3.51,3.57,686500,ACB
2010-02-09,3.54,3.55,3.49,3.51,393300,ACB
2010-02-10,3.53,3.53,3.51,3.52,359100,ACB
2010-02-11,3.56,3.66,3.53,3.6,658300,ACB
2010-02-12,3.6,3.62,3.57,3.6,430500,ACB
2010-02-22,3.68,3.71,3.63,3.66,392200,ACB
2010-02-23,3.62,3.63,3.56,3.58,218700,ACB
2010-02-24,3.44,3.62,3.44,3.58,447900,ACB
2010-02-25,3.59,3.6,3.53,3.55,453700,ACB
2010-02-26,3.58,3.69,3.58,3.66,1240500,ACB
2010-03-01,3.72,3.75,3.67,3.73,872400,ACB
2010-03-02,3.8,3.8,3.66,3.69,913700,ACB
2010-03-03,3.7,3.78,3.7,3.74,857900,ACB
2010-03-04,3.83,3.84,3.7,3.72,831700,ACB
2010-03-05,3.74,3.74,3.71,3.72,589400,ACB
2010-03-08,3.73,3.75,3.7,3.72,680200,ACB
2010-03-09,3.72,3.72,3.66,3.7,720800,ACB
2010-03-10,3.71,3.71,3.66,3.68,919900,ACB
2010-03-11,3.7,3.7,3.65,3.66,633600,ACB
2010-03-12,3.7,3.71,3.68,3.69,743100,ACB
2010-03-15,3.65,3.72,3.6,3.66,988300,ACB
2010-03-16,3.73,3.73,3.64,3.66,815800,ACB
2010-03-17,3.66,3.67,3.64,3.66,982200,ACB
2010-03-18,3.69,3.69,3.66,3.67,824500,ACB
2010-03-19,3.68,3.68,3.65,3.66,885400,ACB
2010-03-22,3.66,3.68,3.61,3.66,973800,ACB
2010-03-23,3.66,3.66,3.61,3.65,904400,ACB
2010-03-24,3.65,3.67,3.6,3.66,888300,ACB
2010-03-25,3.67,3.67,3.64,3.66,1398600,ACB
2010-03-26,3.64,3.65,3.62,3.64,1165900,ACB
2010-03-29,3.64,3.64,3.62,3.62,690200,ACB
2010-03-30,3.66,3.69,3.59,3.65,1187300,ACB
2010-03-31,3.6,3.6,3.56,3.58,597600,ACB
2010-04-01,3.62,3.68,3.58,3.65,696900,ACB
2010-04-02,3.65,3.65,3.59,3.62,522800,ACB
2010-04-05,3.66,3.66,3.62,3.64,362300,ACB
2010-04-06,3.65,3.66,3.62,3.64,513600,ACB
2010-04-07,3.61,3.62,3.6,3.61,366200,ACB
2010-04-08,3.65,3.66,3.61,3.62,453500,ACB
2010-04-09,3.62,3.62,3.6,3.61,797700,ACB
2010-04-12,3.6,3.61,3.57,3.59,729900,ACB
2010-04-13,3.59,3.59,3.54,3.56,652500,ACB
2010-04-14,3.55,3.57,3.48,3.51,917800,ACB
2010-04-15,3.52,3.56,3.52,3.55,775900,ACB
2010-04-16,3.55,3.58,3.52,3.54,654400,ACB
2010-04-19,3.55,3.55,3.49,3.51,724300,ACB
2010-04-20,3.51,3.52,3.45,3.47,775800,ACB
2010-04-21,3.53,3.56,3.49,3.51,721700,ACB
2010-04-22,3.55,3.73,3.53,3.6,982200,ACB
2010-04-26,3.65,3.65,3.53,3.55,518100,ACB
2010-04-27,3.55,3.55,3.52,3.54,324600,ACB
2010-04-28,3.54,3.55,3.49,3.5,706800,ACB
2010-04-29,3.55,3.57,3.5,3.53,1688600,ACB
2010-05-04,3.57,3.75,3.53,3.69,1551000,ACB
2010-05-05,3.69,3.71,3.58,3.62,503500,ACB
2010-05-06,3.61,3.64,3.54,3.59,497900,ACB
2010-05-07,3.57,3.57,3.53,3.54,761100,ACB
2010-05-10,3.5,3.53,3.4,3.49,1246200,ACB
2010-05-11,3.53,3.59,3.46,3.49,1309500,ACB
2010-05-12,3.5,3.5,3.44,3.45,1415500,ACB
2010-05-13,3.45,3.5,3.44,3.45,746000,ACB
2010-05-14,3.45,3.47,3.44,3.45,729900,ACB
2010-05-17,3.43,3.44,3.41,3.43,1088800,ACB
2010-05-18,3.45,3.5,3.4,3.44,944100,ACB
2010-05-19,3.42,3.44,3.41,3.42,1287200,ACB
2010-05-20,3.45,3.48,3.37,3.42,701000,ACB
2010-05-21,3.4,3.4,3.27,3.3,1369600,ACB
2010-05-24,3.27,3.35,3.26,3.29,961500,ACB
2010-05-25,3.28,3.28,3.23,3.26,857400,ACB
2010-05-26,3.28,3.31,3.26,3.29,548700,ACB
2010-05-27,3.29,3.29,3.26,3.27,518000,ACB
2010-05-28,3.3,3.4,3.28,3.3,476600,ACB
2010-05-31,3.34,3.34,3.27,3.29,210800,ACB
2010-06-01,3.27,3.32,3.26,3.29,227700,ACB
2010-06-02,3.3,3.31,3.27,3.29,500800,ACB
2010-06-03,3.31,3.31,3.28,3.29,458600,ACB
2010-06-04,3.23,3.29,3.23,3.27,405000,ACB
2010-06-07,3.21,3.23,3.1,3.18,246800,ACB
2010-06-08,3.19,3.22,3.19,3.21,358400,ACB
2010-06-09,3.22,3.22,3.19,3.2,199600,ACB
2010-06-10,3.2,3.23,3.16,3.19,247600,ACB
2010-06-11,3.23,3.24,3.2,3.21,288000,ACB
2010-06-14,3.2,3.2,3.18,3.19,176600,ACB
2010-06-15,3.21,3.22,3.19,3.2,455200,ACB
2010-06-16,3.21,3.24,3.19,3.2,417400,ACB
2010-06-17,3.2,3.2,3.18,3.19,218800,ACB
2010-06-18,3.19,3.21,3.19,3.2,378500,ACB
2010-06-21,3.19,3.2,3.18,3.19,235000,ACB
2010-06-22,3.19,3.2,3.18,3.19,399700,ACB
2010-06-23,3.19,3.19,3.18,3.19,339900,ACB
2010-06-24,3.2,3.21,3.16,3.19,338500,ACB
2010-06-25,3.19,3.19,3.13,3.16,296700,ACB
2010-06-28,3.18,3.2,3.18,3.19,399900,ACB
2010-06-29,3.2,3.25,3.19,3.21,428000,ACB
2010-06-30,3.2,3.21,3.16,3.19,588000,ACB
2010-07-01,3.18,3.21,3.16,3.19,365100,ACB
2010-07-02,3.19,3.19,3.16,3.19,588500,ACB
2010-07-05,3.16,3.21,3.16,3.19,637600,ACB
2010-07-06,3.19,3.24,3.18,3.2,452300,ACB
2010-07-07,3.2,3.22,3.18,3.18,148000,ACB
2010-07-08,3.23,3.23,3.16,3.19,246200,ACB
2010-07-09,3.21,3.21,3.18,3.19,167300,ACB
2010-07-12,3.19,3.2,3.18,3.19,245000,ACB
2010-07-13,3.27,3.32,3.21,3.24,405300,ACB
2010-07-14,3.26,3.35,3.23,3.3,808000,ACB
2010-07-15,3.27,3.29,3.25,3.28,485500,ACB
2010-07-16,3.29,3.29,3.27,3.28,381100,ACB
2010-07-19,3.24,3.28,3.24,3.27,278500,ACB
2010-07-20,3.22,3.23,3.16,3.21,535100,ACB
2010-07-21,3.23,3.25,3.21,3.23,388500,ACB
2010-07-22,3.21,3.23,3.19,3.21,293000,ACB
2010-07-23,3.19,3.2,3.16,3.18,269600,ACB
2010-07-26,3.16,3.18,3.16,3.18,327000,ACB
2010-07-27,3.16,3.18,3.16,3.18,572300,ACB
2010-07-28,3.16,3.16,3.14,3.16,211800,ACB
2010-07-29,3.16,3.16,3.13,3.16,327200,ACB
2010-07-30,3.14,3.16,3.12,3.13,535600,ACB
2010-08-02,3.16,3.16,3.12,3.13,292500,ACB
2010-08-03,3.13,3.14,3.12,3.13,515300,ACB
2010-08-04,3.12,3.12,3.08,3.1,330100,ACB
2010-08-05,3.12,3.12,3.07,3.09,156600,ACB
2010-08-06,3.08,3.09,3.03,3.05,241300,ACB
2010-08-09,3.09,3.1,3.05,3.07,683300,ACB
2010-08-10,3.03,3.04,2.97,3.0,444600,ACB
2010-08-11,2.99,3.01,2.97,2.99,471100,ACB
2010-08-12,2.94,2.96,2.83,2.9,566300,ACB
2010-08-13,2.9,3.01,2.88,2.96,310800,ACB
2010-08-16,3.14,3.14,2.94,3.02,280600,ACB
2010-08-17,3.01,3.1,2.95,3.0,153000,ACB
2010-08-18,2.99,3.01,2.92,2.95,247500,ACB
2010-08-19,2.94,2.98,2.94,2.96,137600,ACB
2010-08-20,2.82,2.98,2.82,2.95,165200,ACB
2010-08-23,2.97,2.97,2.92,2.92,131600,ACB
2010-08-24,2.9,2.95,2.88,2.9,812300,ACB
2010-08-25,2.89,2.9,2.8,2.82,360200,ACB
2010-08-26,2.82,2.86,2.82,2.84,137500,ACB
2010-08-27,2.83,2.86,2.82,2.84,163300,ACB
2010-08-30,2.89,2.99,2.89,2.95,264200,ACB
2010-08-31,2.97,2.98,2.9,2.95,171600,ACB
2010-09-01,2.97,2.99,2.92,2.96,164600,ACB
2010-09-06,2.97,3.03,2.95,3.01,209300,ACB
2010-09-07,3.01,3.01,2.92,2.95,237700,ACB
2010-09-08,2.84,2.95,2.84,2.9,125900,ACB
2010-09-09,2.99,2.99,2.88,2.98,305900,ACB
2010-09-10,2.97,2.97,2.89,2.92,114200,ACB
2010-09-13,2.92,2.94,2.86,2.9,287300,ACB
2010-09-14,2.89,2.99,2.89,2.92,165700,ACB
2010-09-15,2.89,2.95,2.87,2.92,420000,ACB
2010-09-16,2.88,2.96,2.88,2.94,281400,ACB
2010-09-17,2.95,2.98,2.94,2.96,363900,ACB
2010-09-20,2.98,2.98,2.95,2.96,228900,ACB
2010-09-21,2.95,2.97,2.94,2.95,269300,ACB
2010-09-22,2.95,3.0,2.95,2.97,383700,ACB
2010-09-23,2.96,3.01,2.96,2.98,333800,ACB
2010-09-24,2.97,3.01,2.97,2.98,539300,ACB
2010-09-27,2.99,3.0,2.96,2.98,397500,ACB
2010-09-28,2.98,2.99,2.97,2.98,182700,ACB
2010-09-29,2.98,2.98,2.96,2.97,163600,ACB
2010-09-30,2.99,3.01,2.97,2.98,379200,ACB
2010-10-01,2.98,3.0,2.97,2.98,263900,ACB
2010-10-04,2.92,2.92,2.85,2.89,104300,ACB
2010-10-05,2.94,2.98,2.92,2.94,166100,ACB
2010-10-06,2.96,2.99,2.92,2.96,136400,ACB
2010-10-07,2.96,2.96,2.92,2.94,109200,ACB
2010-10-08,2.94,2.94,2.92,2.92,125600,ACB
2010-10-11,2.89,2.95,2.89,2.92,114300,ACB
2010-10-12,2.9,2.92,2.88,2.9,107600,ACB
2010-10-13,2.89,2.9,2.88,2.89,104900,ACB
2010-10-14,2.9,2.92,2.9,2.92,65700,ACB
2010-10-15,2.9,2.9,2.88,2.89,82600,ACB
2010-10-18,2.85,2.88,2.85,2.87,36400,ACB
2010-10-19,2.88,2.88,2.84,2.85,79800,ACB
2010-10-20,2.81,2.81,2.71,2.75,97900,ACB
2010-10-21,2.78,2.84,2.77,2.81,73400,ACB
2010-10-22,2.8,2.8,2.75,2.77,21900,ACB
2010-10-25,2.8,2.8,2.74,2.75,86100,ACB
2010-10-26,2.76,2.8,2.76,2.77,158300,ACB
2010-10-27,2.77,2.77,2.71,2.74,74100,ACB
2010-10-28,2.74,2.74,2.7,2.71,60200,ACB
2010-10-29,2.7,2.87,2.7,2.81,322600,ACB
2010-11-01,2.81,2.83,2.78,2.79,249800,ACB
2010-11-02,2.8,2.82,2.76,2.79,358000,ACB
2010-11-03,2.8,2.81,2.78,2.79,473600,ACB
2010-11-04,2.78,2.8,2.77,2.79,365600,ACB
2010-11-05,2.8,2.87,2.8,2.84,442100,ACB
2010-11-08,2.93,2.93,2.79,2.81,308800,ACB
2010-11-09,2.8,2.82,2.75,2.78,697800,ACB
2010-11-10,2.79,2.79,2.75,2.78,156600,ACB
2010-11-11,2.76,2.76,2.66,2.7,72800,ACB
2010-11-12,2.68,2.7,2.6,2.62,625500,ACB
2010-11-15,2.58,2.62,2.51,2.55,265000,ACB
2010-11-16,2.57,2.58,2.52,2.56,545400,ACB
2010-11-17,2.47,2.54,2.47,2.52,364400,ACB
2010-11-18,2.53,2.56,2.53,2.55,494600,ACB
2010-11-19,2.55,2.56,2.52,2.54,489100,ACB
2010-11-22,2.54,2.6,2.52,2.53,1003000,ACB
2010-11-23,2.54,2.61,2.53,2.57,1011300,ACB
2010-11-24,2.58,2.63,2.58,2.6,747400,ACB
2010-11-25,2.61,2.62,2.58,2.61,611200,ACB
2010-11-26,2.64,2.66,2.59,2.61,267200,ACB
2010-11-29,2.62,2.68,2.6,2.64,394100,ACB
2010-11-30,2.62,2.78,2.61,2.76,1306800,ACB
2010-12-01,2.76,2.81,2.71,2.75,632100,ACB
2010-12-02,2.78,2.87,2.74,2.82,608300,ACB
2010-12-03,2.84,2.99,2.84,2.97,1323800,ACB
2010-12-06,3.1,3.1,2.93,2.97,1469500,ACB
2010-12-07,2.96,3.04,2.92,2.96,1317100,ACB
2010-12-08,2.93,2.93,2.86,2.88,1015700,ACB
2010-12-09,2.91,2.97,2.88,2.93,543800,ACB
2010-12-10,2.98,3.12,2.98,3.04,1013900,ACB
2010-12-13,3.0,3.24,3.0,3.2,636700,ACB
2010-12-14,3.19,3.36,3.19,3.35,3073500,ACB
2010-12-15,3.61,3.61,3.37,3.6,2001600,ACB
2010-12-16,3.48,3.48,3.31,3.34,1072700,ACB
2010-12-17,3.39,3.5,3.25,3.39,1035800,ACB
2010-12-20,3.4,3.4,3.17,3.24,1004200,ACB
2010-12-21,3.23,3.25,3.08,3.15,839600,ACB
2010-12-22,3.16,3.29,3.1,3.15,550700,ACB
2010-12-23,3.05,3.16,2.98,3.07,625100,ACB
2010-12-24,2.97,3.12,2.94,3.07,393000,ACB
2010-12-27,3.08,3.09,3.04,3.07,315700,ACB
2010-12-28,3.1,3.18,3.1,3.14,339300,ACB
2010-12-29,3.14,3.16,3.07,3.1,352300,ACB
2010-12-30,3.1,3.1,3.05,3.09,268300,ACB
2010-12-31,3.14,3.36,3.11,3.21,675000,ACB
2010-12-30,3.1,3.1,3.05,3.09,268300,ACB
2010-12-31,3.14,3.36,3.11,3.21,675000,ACB
2011-01-04,3.15,3.15,3.06,3.1,172900,ACB
2011-01-05,3.09,3.09,3.02,3.04,343000,ACB
2011-01-06,3.07,3.13,3.07,3.08,173500,ACB
2011-01-07,3.05,3.07,3.02,3.03,205300,ACB
2011-01-10,3.02,3.02,2.97,2.98,266600,ACB
2011-01-11,2.96,2.96,2.87,2.91,386200,ACB
2011-01-12,2.94,3.0,2.92,2.93,157100,ACB
2011-01-13,2.97,2.98,2.94,2.96,219600,ACB
2011-01-14,2.96,2.98,2.93,2.96,168200,ACB
2011-01-17,2.96,2.99,2.94,2.97,213100,ACB
2011-01-18,2.89,2.96,2.89,2.93,146200,ACB
2011-01-19,2.93,2.94,2.88,2.92,154900,ACB
2011-01-20,2.96,2.97,2.93,2.94,124100,ACB
2011-01-21,2.92,3.13,2.92,3.07,717300,ACB
2011-01-24,3.03,3.08,2.99,3.03,410900,ACB
2011-01-25,3.02,3.02,2.96,2.98,214100,ACB
2011-01-26,2.99,3.03,2.99,3.02,159800,ACB
2011-01-27,3.04,3.06,3.0,3.02,252000,ACB
2011-01-28,3.02,3.02,2.98,2.99,328200,ACB
2011-02-08,3.07,3.07,3.0,3.03,71900,ACB
2011-02-09,3.07,3.09,2.99,3.04,317000,ACB
2011-02-10,3.07,3.07,2.99,3.02,291700,ACB
2011-02-11,3.03,3.05,3.02,3.03,221800,ACB
2011-02-14,3.0,3.02,2.98,3.0,273500,ACB
2011-02-15,3.02,3.02,2.96,2.98,218800,ACB
2011-02-16,2.94,2.97,2.92,2.94,229900,ACB
2011-02-17,2.94,2.94,2.91,2.92,179600,ACB
2011-02-18,2.93,2.93,2.89,2.91,543300,ACB
2011-02-21,2.86,2.86,2.66,2.71,983000,ACB
2011-02-22,2.62,2.81,2.61,2.75,408200,ACB
2011-02-23,2.76,2.8,2.73,2.76,483100,ACB
2011-02-24,2.78,2.82,2.72,2.75,640800,ACB
2011-02-25,2.76,2.8,2.76,2.77,272300,ACB
2011-02-28,2.75,2.78,2.72,2.76,261900,ACB
2011-03-01,2.76,2.77,2.75,2.76,229500,ACB
2011-03-02,2.73,2.76,2.65,2.67,654400,ACB
2011-03-03,2.66,2.75,2.65,2.71,451200,ACB
2011-03-04,2.75,2.82,2.75,2.78,517600,ACB
2011-03-07,2.76,2.76,2.72,2.75,108400,ACB
2011-03-08,2.75,2.78,2.75,2.77,251800,ACB
2011-03-09,2.8,2.81,2.75,2.77,514100,ACB
2011-03-10,2.77,2.86,2.77,2.82,445100,ACB
2011-03-11,2.82,2.86,2.8,2.83,529200,ACB
2011-03-14,2.82,2.82,2.76,2.78,645500,ACB
2011-03-15,2.65,2.78,2.65,2.77,528400,ACB
2011-03-16,2.78,2.78,2.76,2.77,465700,ACB
2011-03-17,2.77,2.77,2.72,2.76,579900,ACB
2011-03-18,2.8,2.87,2.78,2.82,600600,ACB
2011-03-21,2.8,2.83,2.8,2.82,571800,ACB
2011-03-22,2.78,2.82,2.78,2.81,387800,ACB
2011-03-23,2.82,2.83,2.81,2.82,332000,ACB
2011-03-24,2.81,2.82,2.8,2.81,235600,ACB
2011-03-25,2.81,2.83,2.81,2.82,396300,ACB
2011-03-28,2.81,2.84,2.81,2.82,333600,ACB
2011-03-29,2.82,2.83,2.81,2.82,590400,ACB
2011-03-30,2.82,2.84,2.81,2.82,319400,ACB
2011-03-31,2.82,2.83,2.82,2.82,224700,ACB
2011-04-01,2.83,2.84,2.82,2.83,436600,ACB
2011-04-04,2.82,2.84,2.82,2.82,808300,ACB
2011-04-05,2.81,2.83,2.81,2.82,517100,ACB
2011-04-06,2.84,2.86,2.83,2.84,218900,ACB
2011-04-07,2.83,2.84,2.82,2.83,425600,ACB
2011-04-08,2.83,2.84,2.83,2.83,339000,ACB
2011-04-13,2.82,2.84,2.82,2.82,258800,ACB
2011-04-14,2.82,2.84,2.82,2.83,443000,ACB
2011-04-15,2.83,2.92,2.82,2.83,158900,ACB
2011-04-18,2.84,2.84,2.82,2.83,885400,ACB
2011-04-19,2.84,2.86,2.84,2.84,156500,ACB
2011-04-20,2.83,2.89,2.83,2.84,364000,ACB
2011-04-21,2.92,2.92,2.82,2.83,241400,ACB
2011-04-22,2.79,2.84,2.79,2.82,334400,ACB
2011-04-25,2.79,2.79,2.74,2.77,496700,ACB
2011-04-26,2.78,2.78,2.74,2.77,317900,ACB
2011-04-27,2.78,2.78,2.77,2.77,661500,ACB
2011-04-28,2.77,2.77,2.73,2.76,257100,ACB
2011-04-29,2.74,2.77,2.74,2.76,438700,ACB
2011-05-04,2.78,2.78,2.74,2.76,130700,ACB
2011-05-05,2.77,2.78,2.77,2.77,134100,ACB
2011-05-06,2.77,2.79,2.77,2.78,157200,ACB
2011-05-09,2.79,2.79,2.78,2.78,289100,ACB
2011-05-10,2.78,2.78,2.77,2.77,85000,ACB
2011-05-11,2.79,2.81,2.78,2.79,225900,ACB
2011-05-12,2.77,2.78,2.77,2.78,101700,ACB
2011-05-13,2.79,2.81,2.79,2.79,445600,ACB
2011-05-16,2.77,2.83,2.77,2.79,214100,ACB
2011-05-17,2.78,2.84,2.77,2.78,84800,ACB
2011-05-18,2.78,2.79,2.78,2.78,301500,ACB
2011-05-19,2.79,2.81,2.77,2.78,502000,ACB
2011-05-20,2.76,2.76,2.73,2.74,525100,ACB
2011-05-23,2.76,2.77,2.7,2.73,521800,ACB
2011-05-24,2.73,2.73,2.67,2.69,812300,ACB
2011-05-25,2.69,2.69,2.55,2.59,662700,ACB
2011-05-26,2.72,2.8,2.56,2.67,414000,ACB
2011-05-27,2.68,2.68,2.56,2.6,344400,ACB
2011-05-30,2.58,2.63,2.58,2.59,432600,ACB
2011-05-31,2.64,2.68,2.62,2.62,351100,ACB
2011-06-01,2.62,2.69,2.62,2.65,462700,ACB
2011-06-02,2.69,2.73,2.65,2.7,340500,ACB
2011-06-03,2.72,2.77,2.6,2.64,380400,ACB
2011-06-06,2.67,2.67,2.6,2.62,193600,ACB
2011-06-07,2.65,2.69,2.64,2.67,493200,ACB
2011-06-08,2.64,2.67,2.62,2.63,216600,ACB
2011-06-09,2.63,2.64,2.6,2.63,193500,ACB
2011-06-10,2.58,2.65,2.58,2.64,271500,ACB
2011-06-13,2.65,2.67,2.63,2.64,421400,ACB
2011-06-14,2.63,2.68,2.62,2.64,622300,ACB
2011-06-15,2.64,2.64,2.62,2.63,538300,ACB
2011-06-16,2.64,2.67,2.64,2.65,445200,ACB
2011-06-17,2.65,2.65,2.63,2.65,503800,ACB
2011-06-20,2.64,2.65,2.63,2.65,624600,ACB
2011-06-21,2.67,2.68,2.65,2.67,350800,ACB
2011-06-22,2.65,2.67,2.64,2.65,333500,ACB
2011-06-23,2.64,2.65,2.63,2.64,966500,ACB
2011-06-24,2.64,2.64,2.63,2.64,394600,ACB
2011-06-27,2.64,2.64,2.63,2.64,561000,ACB
2011-06-28,2.64,2.64,2.63,2.64,248100,ACB
2011-06-29,2.64,2.65,2.64,2.64,199700,ACB
2011-06-30,2.64,2.67,2.64,2.65,319900,ACB
2011-07-01,2.63,2.65,2.62,2.64,416100,ACB
2011-07-04,2.64,2.67,2.64,2.65,185700,ACB
2011-07-05,2.67,2.67,2.65,2.65,123500,ACB
2011-07-06,2.67,2.68,2.67,2.67,97900,ACB
2011-07-07,2.65,2.67,2.65,2.65,141800,ACB
2011-07-08,2.67,2.68,2.67,2.67,101900,ACB
2011-07-11,2.65,2.67,2.65,2.65,209700,ACB
2011-07-12,2.68,2.68,2.67,2.67,157900,ACB
2011-07-13,2.64,2.67,2.64,2.65,266600,ACB
2011-07-14,2.67,2.67,2.65,2.65,408200,ACB
2011-07-15,2.67,2.68,2.65,2.67,460800,ACB
2011-07-18,2.67,2.67,2.65,2.65,169200,ACB
2011-07-19,2.67,2.68,2.67,2.67,470200,ACB
2011-07-20,2.65,2.67,2.64,2.65,383300,ACB
2011-07-21,2.64,2.73,2.63,2.67,429800,ACB
2011-07-22,2.68,2.68,2.67,2.67,121800,ACB
2011-07-25,2.67,2.69,2.65,2.65,847600,ACB
2011-07-26,2.67,2.68,2.65,2.67,411500,ACB
2011-07-27,2.65,2.68,2.65,2.67,348700,ACB
2011-07-28,2.65,2.65,2.64,2.65,360300,ACB
2011-07-29,2.65,2.69,2.63,2.67,598200,ACB
2011-08-01,2.64,2.64,2.63,2.64,225800,ACB
2011-08-02,2.63,2.64,2.62,2.64,790400,ACB
2011-08-03,2.63,2.65,2.63,2.64,140300,ACB
2011-08-04,2.69,2.69,2.65,2.67,212500,ACB
2011-08-05,2.64,2.67,2.64,2.65,341600,ACB
2011-08-08,2.64,2.65,2.63,2.64,282700,ACB
2011-08-09,2.64,2.64,2.63,2.63,513200,ACB
2011-08-10,2.64,2.65,2.64,2.64,296700,ACB
2011-08-11,2.63,2.64,2.62,2.63,461100,ACB
2011-08-12,2.62,2.64,2.62,2.64,242000,ACB
2011-08-15,2.64,2.64,2.63,2.64,236700,ACB
2011-08-16,2.64,2.64,2.63,2.64,384800,ACB
2011-08-17,2.64,2.65,2.63,2.64,266500,ACB
2011-08-18,2.65,2.68,2.65,2.67,263800,ACB
2011-08-19,2.65,2.65,2.64,2.64,240900,ACB
2011-08-22,2.65,2.68,2.65,2.67,385200,ACB
2011-08-23,2.68,2.68,2.67,2.67,398200,ACB
2011-08-24,2.5,2.68,2.5,2.67,111200,ACB
2011-08-25,2.65,2.68,2.65,2.67,197500,ACB
2011-08-26,2.65,2.65,2.64,2.65,109800,ACB
2011-08-29,2.65,2.68,2.65,2.67,167700,ACB
2011-08-30,2.66,2.76,2.66,2.69,264500,ACB
2011-08-31,2.74,2.76,2.69,2.7,271600,ACB
2011-09-01,2.74,2.91,2.74,2.87,692700,ACB
2011-09-05,3.0,3.0,2.92,2.97,977300,ACB
2011-09-06,2.91,2.92,2.82,2.87,307400,ACB
2011-09-07,2.96,3.09,2.91,3.01,336400,ACB
2011-09-08,3.01,3.02,2.88,2.96,654100,ACB
2011-09-09,2.91,2.91,2.86,2.88,386200,ACB
2011-09-12,2.88,2.91,2.86,2.88,235400,ACB
2011-09-13,2.88,2.92,2.87,2.88,256500,ACB
2011-09-14,2.83,2.87,2.76,2.83,213500,ACB
2011-09-15,2.78,2.81,2.74,2.78,296500,ACB
2011-09-16,2.76,2.82,2.69,2.73,178300,ACB
2011-09-19,2.76,2.78,2.73,2.76,154300,ACB
2011-09-20,2.77,2.77,2.72,2.73,143500,ACB
2011-09-21,2.73,2.76,2.72,2.74,138500,ACB
2011-09-22,2.76,2.77,2.74,2.76,156500,ACB
2011-09-23,2.74,2.76,2.73,2.73,173400,ACB
2011-09-26,2.73,2.74,2.7,2.7,192000,ACB
2011-09-27,2.74,2.78,2.72,2.73,210000,ACB
2011-09-28,2.73,2.78,2.73,2.74,437000,ACB
2011-09-29,2.73,2.74,2.7,2.73,494800,ACB
2011-09-30,2.76,2.76,2.73,2.74,359100,ACB
2011-10-03,2.74,2.77,2.74,2.76,219700,ACB
2011-10-04,2.76,2.77,2.76,2.76,381900,ACB
2011-10-05,2.76,2.76,2.74,2.74,104600,ACB
2011-10-06,2.76,2.78,2.76,2.77,55200,ACB
2011-10-07,2.77,2.9,2.77,2.82,277700,ACB
2011-10-10,2.81,2.81,2.76,2.77,58100,ACB
2011-10-11,2.79,2.83,2.79,2.81,102400,ACB
2011-10-12,2.79,2.79,2.77,2.78,1170900,ACB
2011-10-13,2.78,2.78,2.73,2.78,250100,ACB
2011-10-14,2.74,2.78,2.72,2.73,1333600,ACB
2011-10-17,2.73,2.73,2.7,2.72,157700,ACB
2011-10-18,2.7,2.72,2.7,2.7,205800,ACB
2011-10-19,2.69,2.7,2.69,2.7,167600,ACB
2011-10-20,2.72,2.72,2.69,2.7,245300,ACB
2011-10-21,2.72,2.76,2.72,2.73,583800,ACB
2011-10-24,2.72,2.72,2.7,2.7,412100,ACB
2011-10-25,2.69,2.72,2.69,2.7,478200,ACB
2011-10-26,2.73,2.73,2.72,2.72,115100,ACB
2011-10-27,2.73,2.73,2.72,2.72,89700,ACB
2011-10-28,2.73,2.77,2.73,2.74,173300,ACB
2011-10-31,2.74,2.77,2.72,2.74,128200,ACB
2011-11-01,2.72,2.72,2.69,2.7,250900,ACB
2011-11-02,2.7,2.7,2.68,2.69,706500,ACB
2011-11-03,2.65,2.7,2.57,2.6,691800,ACB
2011-11-04,2.6,2.62,2.55,2.58,292800,ACB
2011-11-07,2.59,2.59,2.53,2.54,604700,ACB
2011-11-08,2.55,2.58,2.52,2.53,493800,ACB
2011-11-09,2.57,2.58,2.53,2.55,1222300,ACB
2011-11-10,2.55,2.57,2.54,2.55,355900,ACB
2011-11-11,2.55,2.56,2.54,2.55,664100,ACB
2011-11-14,2.54,2.54,2.53,2.53,253500,ACB
2011-11-15,2.55,2.58,2.55,2.56,725400,ACB
2011-11-16,2.55,2.59,2.55,2.58,452000,ACB
2011-11-17,2.56,2.58,2.55,2.56,1062900,ACB
2011-11-18,2.58,2.62,2.56,2.56,284200,ACB
2011-11-21,2.56,2.56,2.55,2.56,254700,ACB
2011-11-22,2.56,2.59,2.56,2.56,323000,ACB
2011-11-23,2.56,2.56,2.54,2.55,241500,ACB
2011-11-24,2.55,2.55,2.54,2.54,226400,ACB
2011-11-25,2.54,2.54,2.53,2.54,128300,ACB
2011-11-28,2.54,2.55,2.53,2.54,171600,ACB
2011-11-29,2.54,2.54,2.52,2.53,130200,ACB
2011-11-30,2.52,2.53,2.49,2.5,133200,ACB
2011-12-01,2.49,2.53,2.49,2.5,144600,ACB
2011-12-02,2.52,2.52,2.49,2.5,94300,ACB
2011-12-05,2.54,2.55,2.53,2.54,111200,ACB
2011-12-06,2.54,2.55,2.53,2.54,473300,ACB
2011-12-07,2.55,2.6,2.55,2.58,201400,ACB
2011-12-08,2.59,2.64,2.59,2.62,208300,ACB
2011-12-09,2.62,2.63,2.6,2.62,318000,ACB
2011-12-12,2.6,2.62,2.6,2.6,124500,ACB
2011-12-13,2.6,2.62,2.6,2.6,167100,ACB
2011-12-14,2.6,2.62,2.58,2.59,420200,ACB
2011-12-15,2.59,2.59,2.54,2.56,262800,ACB
2011-12-16,2.58,2.6,2.58,2.59,110300,ACB
2011-12-19,2.67,2.7,2.59,2.69,166200,ACB
2011-12-20,2.76,2.76,2.72,2.73,277800,ACB
2011-12-21,2.74,2.74,2.7,2.72,527200,ACB
2011-12-22,2.7,2.7,2.67,2.68,549400,ACB
2011-12-23,2.69,2.73,2.68,2.69,214100,ACB
2011-12-26,2.72,2.74,2.72,2.72,463700,ACB
2011-12-27,2.55,2.74,2.55,2.72,583900,ACB
2011-12-28,2.72,2.77,2.72,2.74,1059600,ACB
2011-12-29,2.74,2.76,2.73,2.73,714600,ACB
2011-12-30,2.74,2.77,2.73,2.76,1495600,ACB
2012-01-03,2.76,2.76,2.62,2.66,27200,ACB
2012-01-04,2.66,2.7,2.66,2.7,224200,ACB
2012-01-05,2.7,2.85,2.69,2.76,344100,ACB
2012-01-06,2.8,2.8,2.73,2.74,233100,ACB
2012-01-09,2.74,2.74,2.72,2.73,123000,ACB
2012-01-10,2.73,2.77,2.73,2.74,47300,ACB
2012-01-11,2.73,2.76,2.72,2.73,158900,ACB
2012-01-12,2.73,2.74,2.72,2.73,77400,ACB
2012-01-13,2.74,2.77,2.73,2.74,83200,ACB
2012-01-16,2.74,2.8,2.74,2.77,144000,ACB
2012-01-17,2.74,2.81,2.74,2.8,215300,ACB
2012-01-18,2.8,2.83,2.8,2.81,86600,ACB
2012-01-19,2.83,2.87,2.83,2.86,137500,ACB
2012-01-20,2.87,2.91,2.86,2.87,129500,ACB
2012-01-30,3.0,3.0,2.88,2.91,91900,ACB
2012-01-31,2.92,2.98,2.91,2.97,209100,ACB
2012-02-01,3.0,3.0,2.92,2.95,154400,ACB
2012-02-02,2.98,3.12,2.98,3.05,254600,ACB
2012-02-03,3.08,3.08,2.87,3.0,216300,ACB
2012-02-06,3.01,3.01,2.98,3.0,137900,ACB
2012-02-07,3.02,3.16,3.02,3.14,607800,ACB
2012-02-08,3.09,3.23,3.09,3.2,510700,ACB
2012-02-09,3.14,3.36,3.12,3.28,1153700,ACB
2012-02-10,3.28,3.32,3.19,3.25,393700,ACB
2012-02-13,3.2,3.2,3.05,3.11,446900,ACB
2012-02-14,3.11,3.14,3.02,3.05,498500,ACB
2012-02-15,3.02,3.05,2.9,2.94,425300,ACB
2012-02-16,2.98,3.01,2.95,2.98,507500,ACB
2012-02-17,3.0,3.04,3.0,3.02,541000,ACB
2012-02-20,3.09,3.28,3.09,3.2,850100,ACB
2012-02-21,3.28,3.33,3.12,3.16,468700,ACB
2012-02-22,3.22,3.3,3.16,3.25,577700,ACB
2012-02-23,3.28,3.3,3.2,3.26,769300,ACB
2012-02-24,3.19,3.25,3.18,3.2,995200,ACB
2012-02-27,3.26,3.35,3.25,3.3,667700,ACB
2012-02-28,3.29,3.29,3.16,3.22,831500,ACB
2012-02-29,3.26,3.35,3.26,3.29,669400,ACB
2012-03-01,3.34,3.53,3.34,3.47,1927000,ACB
2012-03-02,3.51,3.67,3.51,3.65,2678000,ACB
2012-03-05,3.7,3.89,3.7,3.89,2220300,ACB
2012-03-06,3.78,4.01,3.63,3.78,1911800,ACB
2012-03-07,3.75,3.75,3.62,3.65,1469700,ACB
2012-03-08,3.39,3.57,3.37,3.46,1550100,ACB
2012-03-09,3.44,3.56,3.34,3.44,1298200,ACB
2012-03-12,3.41,3.41,3.3,3.33,845400,ACB
2012-03-13,3.37,3.5,3.37,3.44,464500,ACB
2012-03-14,3.5,3.51,3.39,3.43,493200,ACB
2012-03-15,3.48,3.6,3.43,3.51,791100,ACB
2012-03-16,3.65,3.65,3.49,3.54,817700,ACB
2012-03-19,3.57,3.6,3.47,3.51,610200,ACB
2012-03-20,3.58,3.65,3.54,3.6,862200,ACB
2012-03-21,3.57,3.64,3.53,3.61,1608000,ACB
2012-03-22,3.67,3.67,3.58,3.61,578600,ACB
2012-03-23,3.57,3.61,3.54,3.58,1402600,ACB
2012-03-26,3.65,3.67,3.6,3.61,1228700,ACB
2012-03-27,3.6,3.6,3.48,3.5,1317900,ACB
2012-03-28,3.5,3.54,3.46,3.51,1161200,ACB
2012-03-29,3.51,3.51,3.36,3.44,1103100,ACB
2012-03-30,3.43,3.46,3.42,3.44,784200,ACB
2012-04-03,3.44,3.5,3.43,3.5,321500,ACB
2012-04-04,3.54,3.54,3.46,3.47,309000,ACB
2012-04-05,3.48,3.54,3.46,3.53,427200,ACB
2012-04-06,3.56,3.57,3.53,3.54,948100,ACB
2012-04-09,3.54,3.56,3.53,3.56,674100,ACB
2012-04-10,3.58,3.58,3.51,3.53,513200,ACB
2012-04-11,3.54,3.62,3.54,3.58,743400,ACB
2012-04-12,3.6,3.74,3.58,3.68,2167400,ACB
2012-04-13,3.75,3.75,3.65,3.68,718200,ACB
2012-04-16,3.64,3.72,3.61,3.68,580500,ACB
2012-04-17,3.65,3.71,3.62,3.67,759500,ACB
2012-04-18,3.65,3.7,3.6,3.61,1107200,ACB
2012-04-19,3.61,3.61,3.54,3.56,862500,ACB
2012-04-20,3.57,3.58,3.54,3.57,657600,ACB
2012-04-23,3.81,3.81,3.54,3.61,355200,ACB
2012-04-24,3.61,3.62,3.58,3.61,152900,ACB
2012-04-25,3.62,3.67,3.6,3.61,181600,ACB
2012-04-26,3.65,3.65,3.54,3.58,307800,ACB
2012-04-27,3.56,3.6,3.54,3.6,268900,ACB
2012-05-02,3.57,3.6,3.54,3.56,263900,ACB
2012-05-03,3.54,3.6,3.54,3.56,468700,ACB
2012-05-04,3.53,3.57,3.53,3.57,315700,ACB
2012-05-07,3.6,3.62,3.58,3.61,293600,ACB
2012-05-08,3.58,3.71,3.58,3.62,858000,ACB
2012-05-09,3.61,3.67,3.57,3.62,324000,ACB
2012-05-10,3.64,3.7,3.61,3.62,581900,ACB
2012-05-11,3.61,3.64,3.57,3.58,349000,ACB
2012-05-14,3.61,3.68,3.57,3.58,1015200,ACB
2012-05-15,3.58,3.61,3.56,3.58,877400,ACB
2012-05-16,3.57,3.6,3.56,3.58,824500,ACB
2012-05-17,3.58,3.61,3.58,3.6,659100,ACB
2012-05-18,3.58,3.58,3.5,3.54,1051500,ACB
2012-05-21,3.53,3.62,3.53,3.62,244900,ACB
2012-05-22,3.58,3.64,3.37,3.58,242400,ACB
2012-05-23,3.58,3.6,3.57,3.58,556100,ACB
2012-05-24,3.6,3.61,3.58,3.58,609200,ACB
2012-05-25,3.57,3.62,3.57,3.62,203500,ACB
2012-05-28,3.62,3.64,3.6,3.61,172200,ACB
2012-05-29,3.58,3.62,3.58,3.61,233300,ACB
2012-05-30,3.62,3.64,3.61,3.62,56500,ACB
2012-05-31,3.6,3.61,3.58,3.6,441000,ACB
2012-06-01,3.61,3.62,3.61,3.61,81400,ACB
2012-06-04,3.6,3.61,3.57,3.58,425900,ACB
2012-06-05,3.58,3.61,3.58,3.6,253100,ACB
2012-06-06,3.6,3.62,3.6,3.61,92400,ACB
2012-06-07,3.6,3.64,3.6,3.62,53900,ACB
2012-06-08,3.61,3.62,3.57,3.58,126100,ACB
2012-06-11,3.51,3.62,3.51,3.61,166800,ACB
2012-06-12,3.61,3.61,3.58,3.6,210500,ACB
2012-06-13,3.6,3.62,3.6,3.61,289700,ACB
2012-06-14,3.6,3.61,3.58,3.58,294900,ACB
2012-06-15,3.58,3.6,3.58,3.58,180600,ACB
2012-06-18,3.58,3.62,3.58,3.61,129000,ACB
2012-06-19,3.61,3.62,3.6,3.61,402200,ACB
2012-06-20,3.62,3.62,3.6,3.61,339300,ACB
2012-06-21,3.6,3.62,3.6,3.61,711600,ACB
2012-06-22,3.61,3.61,3.6,3.6,568200,ACB
2012-06-25,3.61,3.61,3.58,3.58,283900,ACB
2012-06-26,3.61,3.61,3.57,3.6,725600,ACB
2012-06-27,3.6,3.61,3.58,3.6,560400,ACB
2012-06-28,3.6,3.62,3.6,3.6,622500,ACB
2012-06-29,3.61,3.61,3.58,3.6,1184300,ACB
2012-07-02,3.61,3.61,3.58,3.58,141000,ACB
2012-07-03,3.58,3.6,3.58,3.58,752300,ACB
2012-07-04,3.58,3.6,3.58,3.58,250500,ACB
2012-07-05,3.6,3.61,3.6,3.6,225500,ACB
2012-07-06,3.58,3.61,3.58,3.6,172900,ACB
2012-07-09,3.61,3.61,3.57,3.58,1134500,ACB
2012-07-10,3.57,3.58,3.56,3.57,872200,ACB
2012-07-11,3.57,3.6,3.57,3.58,365500,ACB
2012-07-12,3.57,3.57,3.56,3.57,424600,ACB
2012-07-13,3.57,3.58,3.57,3.57,391400,ACB
2012-07-16,3.57,3.58,3.57,3.58,95900,ACB
2012-07-17,3.58,3.61,3.57,3.61,95800,ACB
2012-07-18,3.61,3.62,3.6,3.61,24700,ACB
2012-07-19,3.62,3.62,3.6,3.61,70000,ACB
2012-07-20,3.58,3.61,3.58,3.6,115900,ACB
2012-07-23,3.6,3.61,3.58,3.6,177700,ACB
2012-07-24,3.58,3.6,3.58,3.58,86200,ACB
2012-07-25,3.6,3.61,3.6,3.6,89400,ACB
2012-07-26,3.58,3.6,3.58,3.6,721300,ACB
2012-07-27,3.6,3.61,3.58,3.6,291300,ACB
2012-07-30,3.61,3.62,3.6,3.61,83500,ACB
2012-07-31,3.6,3.61,3.58,3.6,79800,ACB
2012-08-01,3.58,3.61,3.58,3.6,245700,ACB
2012-08-02,3.6,3.61,3.58,3.6,295100,ACB
2012-08-03,3.6,3.6,3.58,3.6,57800,ACB
2012-08-06,3.58,3.61,3.58,3.61,222600,ACB
2012-08-07,3.61,3.61,3.58,3.58,126800,ACB
2012-08-08,3.58,3.6,3.58,3.6,151100,ACB
2012-08-09,3.6,3.61,3.58,3.61,42800,ACB
2012-08-10,3.6,3.6,3.58,3.6,65300,ACB
2012-08-13,3.58,3.61,3.58,3.6,127800,ACB
2012-08-14,3.61,3.62,3.6,3.61,154300,ACB
2012-08-15,3.58,3.61,3.58,3.61,89800,ACB
2012-08-16,3.6,3.61,3.6,3.6,71000,ACB
2012-08-17,3.6,3.61,3.6,3.61,194000,ACB
2012-08-20,3.61,3.62,3.6,3.62,87100,ACB
2012-08-21,3.6,3.6,3.37,3.37,904600,ACB
2012-08-22,3.15,3.15,3.15,3.15,688900,ACB
2012-08-23,2.94,2.95,2.94,2.94,260600,ACB
2012-08-24,2.76,3.15,2.76,3.05,1633900,ACB
2012-08-27,3.05,3.08,2.83,2.83,924300,ACB
2012-08-28,2.73,2.8,2.63,2.66,757900,ACB
2012-08-29,2.59,2.81,2.59,2.8,734900,ACB
2012-08-30,2.87,2.87,2.77,2.8,433300,ACB
2012-08-31,2.8,2.8,2.76,2.77,563300,ACB
2012-09-04,2.78,2.81,2.77,2.77,523200,ACB
2012-09-05,2.86,2.94,2.74,2.76,758800,ACB
2012-09-06,2.77,2.77,2.72,2.73,550800,ACB
2012-09-07,2.73,2.74,2.69,2.7,716500,ACB
2012-09-10,2.7,2.7,2.52,2.53,902000,ACB
2012-09-11,2.66,2.66,2.5,2.5,456200,ACB
2012-09-12,2.52,2.59,2.49,2.49,332700,ACB
2012-09-13,2.49,2.5,2.46,2.48,631500,ACB
2012-09-14,2.52,2.6,2.52,2.53,728300,ACB
2012-09-17,2.53,2.59,2.5,2.55,740500,ACB
2012-09-18,2.55,2.55,2.38,2.38,742700,ACB
2012-09-19,2.24,2.37,2.22,2.22,4103000,ACB
2012-09-20,2.17,2.22,2.07,2.15,1998300,ACB
2012-09-21,2.15,2.3,2.15,2.3,2269400,ACB
2012-09-24,2.35,2.45,2.28,2.41,1761000,ACB
2012-09-25,2.38,2.44,2.32,2.37,1092100,ACB
2012-09-26,2.34,2.37,2.31,2.32,665500,ACB
2012-09-27,2.32,2.37,2.3,2.3,455700,ACB
2012-09-28,2.24,2.32,2.17,2.3,883100,ACB
2012-10-01,2.31,2.31,2.22,2.22,1087100,ACB
2012-10-02,2.21,2.25,2.2,2.21,677300,ACB
2012-10-03,2.2,2.22,2.2,2.21,709600,ACB
2012-10-04,2.2,2.21,2.18,2.2,359600,ACB
2012-10-05,2.21,2.21,2.18,2.21,699900,ACB
2012-10-08,2.2,2.24,2.18,2.22,1692900,ACB
2012-10-09,2.24,2.25,2.22,2.24,2432500,ACB
2012-10-10,2.24,2.25,2.22,2.24,1987500,ACB
2012-10-11,2.24,2.32,2.22,2.27,2444200,ACB
2012-10-12,2.27,2.28,2.25,2.25,522200,ACB
2012-10-15,2.25,2.27,2.22,2.24,1528800,ACB
2012-10-16,2.24,2.27,2.22,2.27,1351800,ACB
2012-10-17,2.28,2.28,2.25,2.25,665600,ACB
2012-10-18,2.25,2.25,2.22,2.24,1191600,ACB
2012-10-19,2.22,2.24,2.17,2.2,1564600,ACB
2012-10-22,2.18,2.2,2.07,2.18,967700,ACB
2012-10-23,2.18,2.2,2.17,2.2,696800,ACB
2012-10-24,2.2,2.22,2.17,2.21,659900,ACB
2012-10-25,2.21,2.25,2.21,2.22,844000,ACB
2012-10-26,2.17,2.21,2.14,2.21,550300,ACB
2012-10-29,2.22,2.25,2.21,2.21,537800,ACB
2012-10-30,2.2,2.21,2.17,2.17,120900,ACB
2012-10-31,2.14,2.15,2.1,2.14,300000,ACB
2012-11-01,2.15,2.15,2.11,2.13,310200,ACB
2012-11-02,2.14,2.14,2.02,2.03,795700,ACB
2012-11-05,2.02,2.04,1.99,2.04,203800,ACB
2012-11-06,2.03,2.04,2.02,2.04,89400,ACB
2012-11-07,2.06,2.14,2.04,2.1,121200,ACB
2012-11-08,2.03,2.11,2.03,2.07,85000,ACB
2012-11-09,2.08,2.1,2.07,2.08,241100,ACB
2012-11-12,2.1,2.13,2.08,2.13,148700,ACB
2012-11-13,2.13,2.14,2.1,2.11,228600,ACB
2012-11-14,2.11,2.13,2.1,2.11,149900,ACB
2012-11-15,2.16,2.16,2.08,2.1,155800,ACB
2012-11-16,2.11,2.11,2.08,2.08,105300,ACB
2012-11-19,2.09,2.09,2.04,2.06,88600,ACB
2012-11-20,2.06,2.07,2.04,2.07,55700,ACB
2012-11-21,2.06,2.07,2.04,2.06,68000,ACB
2012-11-22,2.09,2.09,2.06,2.06,79900,ACB
2012-11-23,2.03,2.04,2.02,2.03,92400,ACB
2012-11-26,2.06,2.07,2.04,2.06,93300,ACB
2012-11-27,2.07,2.09,2.06,2.06,57600,ACB
2012-11-28,2.04,2.06,2.03,2.06,75800,ACB
2012-11-29,2.07,2.09,2.06,2.06,37600,ACB
2012-11-30,2.04,2.06,2.03,2.03,85200,ACB
2012-12-03,2.04,2.06,2.04,2.04,85000,ACB
2012-12-04,2.04,2.04,2.03,2.04,79700,ACB
2012-12-05,2.06,2.08,2.06,2.08,158300,ACB
2012-12-06,2.1,2.1,2.06,2.07,106200,ACB
2012-12-07,2.07,2.07,2.06,2.07,41800,ACB
2012-12-10,2.08,2.11,2.06,2.1,176300,ACB
2012-12-11,2.1,2.1,2.07,2.1,84900,ACB
2012-12-12,2.07,2.17,2.07,2.17,236600,ACB
2012-12-13,2.2,2.31,2.18,2.25,666300,ACB
2012-12-14,2.25,2.39,2.25,2.37,1305300,ACB
2012-12-17,2.24,2.35,2.24,2.3,387800,ACB
2012-12-18,2.3,2.3,2.22,2.24,356300,ACB
2012-12-19,2.24,2.31,2.24,2.28,335800,ACB
2012-12-20,2.31,2.31,2.24,2.27,203800,ACB
2012-12-21,2.25,2.27,2.22,2.25,162600,ACB
2012-12-24,2.27,2.31,2.25,2.25,265600,ACB
2012-12-25,2.27,2.31,2.25,2.25,460300,ACB
2012-12-26,2.27,2.28,2.24,2.28,349400,ACB
2012-12-27,2.3,2.31,2.27,2.28,598100,ACB
2012-12-28,2.31,2.34,2.28,2.31,641500,ACB
2013-01-02,2.28,2.44,2.28,2.42,2578600,ACB
2013-01-03,2.45,2.49,2.34,2.38,1967200,ACB
2013-01-04,2.38,2.42,2.35,2.41,1170100,ACB
2013-01-07,2.39,2.46,2.39,2.41,1355700,ACB
2013-01-08,2.42,2.48,2.39,2.42,2180000,ACB
2013-01-09,2.39,2.55,2.39,2.53,3861400,ACB
2013-01-10,2.55,2.58,2.49,2.56,880700,ACB
2013-01-11,2.66,2.66,2.55,2.55,806200,ACB
2013-01-14,2.58,2.58,2.48,2.52,614300,ACB
2013-01-15,2.55,2.56,2.46,2.55,1310500,ACB
2013-01-16,2.52,2.6,2.51,2.55,1346900,ACB
2013-01-17,2.56,2.59,2.52,2.52,1068300,ACB
2013-01-18,2.52,2.52,2.45,2.49,679700,ACB
2013-01-21,2.49,2.49,2.44,2.45,341900,ACB
2013-01-22,2.46,2.48,2.37,2.38,738000,ACB
2013-01-23,2.37,2.39,2.31,2.38,331100,ACB
2013-01-24,2.41,2.44,2.37,2.42,333700,ACB
2013-01-25,2.44,2.49,2.44,2.46,786500,ACB
2013-01-28,2.48,2.53,2.45,2.48,1135900,ACB
2013-01-29,2.48,2.53,2.46,2.5,572800,ACB
2013-01-30,2.55,2.55,2.5,2.5,823600,ACB
2013-01-31,2.46,2.5,2.45,2.48,860100,ACB
2013-02-01,2.45,2.48,2.45,2.48,583900,ACB
2013-02-04,2.48,2.48,2.45,2.46,387200,ACB
2013-02-05,2.48,2.48,2.44,2.45,602000,ACB
2013-02-06,2.44,2.49,2.44,2.46,542700,ACB
2013-02-07,2.48,2.5,2.45,2.46,457800,ACB
2013-02-08,2.49,2.52,2.48,2.5,388500,ACB
2013-02-18,2.49,2.52,2.46,2.49,469400,ACB
2013-02-19,2.5,2.5,2.46,2.48,440200,ACB
2013-02-20,2.44,2.45,2.38,2.44,794100,ACB
2013-02-21,2.44,2.44,2.3,2.31,1450600,ACB
2013-02-22,2.31,2.38,2.3,2.35,725900,ACB
2013-02-25,2.37,2.38,2.34,2.35,279200,ACB
2013-02-26,2.35,2.35,2.28,2.3,1170100,ACB
2013-02-27,2.28,2.32,2.27,2.31,579700,ACB
2013-02-28,2.32,2.35,2.31,2.31,120800,ACB
2013-03-01,2.34,2.35,2.32,2.34,183700,ACB
2013-03-04,2.32,2.32,2.28,2.3,493100,ACB
2013-03-05,2.28,2.31,2.27,2.28,308000,ACB
2013-03-06,2.27,2.32,2.25,2.31,126600,ACB
2013-03-07,2.3,2.32,2.3,2.3,238100,ACB
2013-03-08,2.28,2.31,2.27,2.31,173900,ACB
2013-03-11,2.22,2.34,2.22,2.32,240000,ACB
2013-03-12,2.34,2.45,2.3,2.32,110600,ACB
2013-03-13,2.32,2.32,2.3,2.31,173900,ACB
2013-03-14,2.3,2.32,2.3,2.31,135300,ACB
2013-03-15,2.32,2.34,2.31,2.32,78200,ACB
2013-03-18,2.32,2.34,2.31,2.31,295500,ACB
2013-03-19,2.32,2.34,2.31,2.31,66000,ACB
2013-03-20,2.31,2.32,2.31,2.32,111200,ACB
2013-03-21,2.32,2.32,2.3,2.31,188800,ACB
2013-03-22,2.31,2.32,2.3,2.31,464500,ACB
2013-03-25,2.31,2.31,2.28,2.31,154200,ACB
2013-03-26,2.3,2.31,2.27,2.28,63700,ACB
2013-03-27,2.28,2.3,2.24,2.28,268300,ACB
2013-03-28,2.32,2.32,2.3,2.3,232000,ACB
2013-03-29,2.32,2.32,2.28,2.3,188300,ACB
2013-04-01,2.25,2.28,2.25,2.28,235700,ACB
2013-04-02,2.3,2.31,2.28,2.28,259400,ACB
2013-04-03,2.31,2.31,2.27,2.28,103700,ACB
2013-04-04,2.28,2.28,2.25,2.25,264100,ACB
2013-04-05,2.3,2.3,2.25,2.27,328400,ACB
2013-04-08,2.28,2.28,2.24,2.25,412400,ACB
2013-04-09,2.24,2.25,2.22,2.24,93600,ACB
2013-04-10,2.25,2.27,2.24,2.24,157400,ACB
2013-04-11,2.24,2.39,2.24,2.34,933300,ACB
2013-04-12,2.32,2.38,2.3,2.31,253600,ACB
2013-04-15,2.3,2.3,2.23,2.25,347300,ACB
2013-04-16,2.24,2.25,2.21,2.24,392200,ACB
2013-04-17,2.2,2.22,2.18,2.21,320700,ACB
2013-04-18,2.21,2.22,2.2,2.21,447500,ACB
2013-04-22,2.21,2.24,2.21,2.21,302400,ACB
2013-04-23,2.21,2.24,2.21,2.22,127600,ACB
2013-04-24,2.22,2.22,2.2,2.22,59500,ACB
2013-04-25,2.24,2.25,2.22,2.24,71200,ACB
2013-04-26,2.22,2.25,2.22,2.24,164700,ACB
2013-05-02,2.25,2.25,2.24,2.25,181300,ACB
2013-05-03,2.25,2.27,2.25,2.25,158400,ACB
2013-05-06,2.25,2.28,2.25,2.27,389900,ACB
2013-05-07,2.28,2.3,2.25,2.28,367200,ACB
2013-05-08,2.27,2.27,2.24,2.25,329000,ACB
2013-05-09,2.27,2.3,2.27,2.28,324500,ACB
2013-05-10,2.31,2.31,2.28,2.3,181700,ACB
2013-05-13,2.3,2.31,2.3,2.3,164800,ACB
2013-05-14,2.3,2.31,2.28,2.28,438800,ACB
2013-05-15,2.28,2.3,2.27,2.28,217400,ACB
2013-05-16,2.32,2.35,2.31,2.34,207300,ACB
2013-05-17,2.38,2.38,2.34,2.35,212300,ACB
2013-05-20,2.35,2.35,2.32,2.34,339800,ACB
2013-05-21,2.35,2.38,2.34,2.35,229800,ACB
2013-05-22,2.37,2.53,2.37,2.44,1511400,ACB
2013-05-23,2.44,2.45,2.39,2.41,502700,ACB
2013-05-24,2.42,2.42,2.39,2.41,106700,ACB
2013-05-27,2.41,2.44,2.39,2.41,678900,ACB
2013-05-28,2.41,2.44,2.39,2.42,660500,ACB
2013-05-29,2.45,2.47,2.42,2.42,673900,ACB
2013-05-30,2.41,2.42,2.39,2.41,319200,ACB
2013-05-31,2.44,2.45,2.41,2.41,684300,ACB
2013-06-03,2.42,2.48,2.41,2.45,1074900,ACB
2013-06-04,2.45,2.47,2.39,2.41,521500,ACB
2013-06-05,2.42,2.42,2.39,2.42,299300,ACB
2013-06-06,2.42,2.42,2.41,2.42,489200,ACB
2013-06-07,2.44,2.47,2.42,2.45,597700,ACB
2013-06-10,2.45,2.45,2.42,2.44,402400,ACB
2013-06-11,2.45,2.45,2.42,2.44,399200,ACB
2013-06-12,2.44,2.45,2.42,2.42,283000,ACB
2013-06-13,2.45,2.45,2.41,2.41,281500,ACB
2013-06-14,2.42,2.42,2.38,2.39,354200,ACB
2013-06-17,2.41,2.41,2.35,2.37,433100,ACB
2013-06-18,2.37,2.38,2.32,2.37,422300,ACB
2013-06-19,2.35,2.38,2.34,2.38,286800,ACB
2013-06-20,2.38,2.38,2.34,2.37,505600,ACB
2013-06-21,2.35,2.37,2.34,2.37,7000,ACB
2013-06-24,2.38,2.39,2.35,2.38,578000,ACB
2013-06-25,2.35,2.37,2.34,2.35,1440600,ACB
2013-06-26,2.35,2.37,2.34,2.35,336600,ACB
2013-06-27,2.35,2.37,2.34,2.35,778000,ACB
2013-06-28,2.35,2.38,2.35,2.35,675700,ACB
2013-07-01,2.34,2.35,2.34,2.35,341800,ACB
2013-07-02,2.34,2.37,2.34,2.37,339900,ACB
2013-07-03,2.37,2.38,2.35,2.37,374100,ACB
2013-07-04,2.35,2.38,2.35,2.37,298600,ACB
2013-07-05,2.35,2.35,2.34,2.34,309500,ACB
2013-07-08,2.32,2.32,2.29,2.31,62200,ACB
2013-07-09,2.32,2.34,2.31,2.32,341200,ACB
2013-07-10,2.32,2.34,2.31,2.34,132200,ACB
2013-07-11,2.32,2.34,2.31,2.32,80300,ACB
2013-07-12,2.32,2.34,2.31,2.34,231400,ACB
2013-07-15,2.35,2.35,2.34,2.34,124200,ACB
2013-07-16,2.32,2.34,2.32,2.32,68100,ACB
2013-07-17,2.34,2.37,2.32,2.35,450900,ACB
2013-07-18,2.35,2.38,2.35,2.35,232100,ACB
2013-07-19,2.34,2.35,2.34,2.34,228500,ACB
2013-07-22,2.35,2.35,2.34,2.34,423700,ACB
2013-07-23,2.37,2.37,2.35,2.35,150900,ACB
2013-07-24,2.34,2.34,2.34,2.34,413100,ACB
2013-07-25,2.32,2.34,2.31,2.31,231700,ACB
2013-07-26,2.34,2.34,2.31,2.32,403600,ACB
2013-07-29,2.31,2.34,2.31,2.32,152682,ACB
2013-07-30,2.32,2.35,2.32,2.34,195753,ACB
2013-07-31,2.31,2.33,2.3,2.31,468415,ACB
2013-08-01,2.31,2.31,2.28,2.29,654000,ACB
2013-08-02,2.31,2.32,2.29,2.29,130684,ACB
2013-08-05,2.29,2.3,2.07,2.29,366503,ACB
2013-08-06,2.29,2.31,2.28,2.29,293456,ACB
2013-08-07,2.29,2.31,2.28,2.31,90113,ACB
2013-08-08,2.29,2.29,2.27,2.28,386989,ACB
2013-08-09,2.22,2.29,2.21,2.26,410733,ACB
2013-08-12,2.26,2.3,2.25,2.26,202059,ACB
2013-08-13,2.25,2.28,2.25,2.26,161424,ACB
2013-08-14,2.26,2.31,2.28,2.29,43973,ACB
2013-08-15,2.28,2.29,2.26,2.28,75688,ACB
2013-08-16,2.28,2.26,2.25,2.26,191415,ACB
2013-08-19,2.28,2.29,2.26,2.28,137777,ACB
2013-08-20,2.29,2.29,2.28,2.28,91341,ACB
2013-08-21,2.29,2.29,2.28,2.28,136103,ACB
2013-08-22,2.28,2.28,2.25,2.26,198081,ACB
2013-08-23,2.28,2.28,2.04,2.26,258299,ACB
2013-08-26,2.25,2.27,2.24,2.26,59674,ACB
2013-08-27,2.26,2.26,2.26,2.26,85470,ACB
2013-08-28,2.25,2.24,2.18,2.22,314841,ACB
2013-08-29,2.23,2.23,2.2,2.22,382496,ACB
2013-08-30,2.22,2.27,2.24,2.25,204806,ACB
2013-09-03,2.2,2.24,2.21,2.23,55063,ACB
2013-09-04,2.23,2.23,2.2,2.22,79730,ACB
2013-09-05,2.23,2.24,2.23,2.23,126600,ACB
2013-09-06,2.25,2.26,2.24,2.25,58281,ACB
2013-09-09,2.26,2.26,2.23,2.23,176700,ACB
2013-09-10,2.23,2.27,2.19,2.25,29000,ACB
2013-09-11,2.25,2.28,2.26,2.26,74798,ACB
2013-09-12,2.26,2.25,2.22,2.23,209898,ACB
2013-09-13,2.25,2.26,2.25,2.25,55773,ACB
2013-09-16,2.25,2.26,2.25,2.25,78466,ACB
2013-09-17,2.25,2.26,2.25,2.25,161070,ACB
2013-09-18,2.25,2.26,2.24,2.25,200256,ACB
2013-09-19,2.25,2.26,2.25,2.25,330829,ACB
2013-09-20,2.25,2.28,2.26,2.26,184365,ACB
2013-09-23,2.25,2.26,2.25,2.25,766055,ACB
2013-09-24,2.25,2.27,2.25,2.26,340846,ACB
2013-09-25,2.26,2.28,2.26,2.26,160131,ACB
2013-09-26,2.26,2.28,2.26,2.26,82632,ACB
2013-09-27,2.26,2.28,2.25,2.26,245255,ACB
2013-09-30,2.26,2.27,2.25,2.26,94178,ACB
2013-10-01,2.28,2.32,2.27,2.29,163710,ACB
2013-10-02,2.29,2.29,2.28,2.28,112846,ACB
2013-10-03,2.28,2.31,2.28,2.29,78753,ACB
2013-10-04,2.26,2.28,2.27,2.28,108368,ACB
2013-10-07,2.28,2.31,2.28,2.29,108737,ACB
2013-10-08,2.26,2.29,2.26,2.28,199278,ACB
2013-10-09,2.28,2.32,2.29,2.31,166482,ACB
2013-10-10,2.29,2.31,2.28,2.29,170308,ACB
2013-10-11,2.29,2.29,2.28,2.29,74508,ACB
2013-10-14,2.31,2.31,2.29,2.29,301744,ACB
2013-10-15,2.28,2.32,2.29,2.31,198445,ACB
2013-10-16,2.31,2.33,2.28,2.31,161429,ACB
2013-10-17,2.29,2.31,2.28,2.29,127347,ACB
2013-10-18,2.28,2.3,2.29,2.29,47854,ACB
2013-10-21,2.29,2.3,2.28,2.29,155857,ACB
2013-10-22,2.29,2.29,2.26,2.28,180108,ACB
2013-10-23,2.28,2.28,2.26,2.28,71794,ACB
2013-10-24,2.28,2.29,2.26,2.28,229426,ACB
2013-10-25,2.28,2.3,2.27,2.28,97476,ACB
2013-10-28,2.28,2.27,2.26,2.26,136404,ACB
2013-10-29,2.26,2.29,2.27,2.28,176107,ACB
2013-10-30,2.26,2.29,2.26,2.28,84217,ACB
2013-10-31,2.26,2.28,2.27,2.28,252293,ACB
2013-11-01,2.26,2.31,2.28,2.29,69931,ACB
2013-11-04,2.28,2.29,2.26,2.28,56332,ACB
2013-11-05,2.26,2.31,2.28,2.29,58264,ACB
2013-11-06,2.28,2.29,2.28,2.28,56986,ACB
2013-11-07,2.28,2.27,2.24,2.26,25539,ACB
2013-11-08,2.26,2.28,2.26,2.26,29826,ACB
2013-11-11,2.26,2.28,2.25,2.26,125034,ACB
2013-11-12,2.28,2.29,2.26,2.28,111137,ACB
2013-11-13,2.28,2.29,2.26,2.28,88736,ACB
2013-11-14,2.29,2.28,2.27,2.28,44718,ACB
2013-11-15,2.28,2.29,2.28,2.28,48492,ACB
2013-11-18,2.29,2.28,2.27,2.28,327663,ACB
2013-11-19,2.28,2.31,2.29,2.29,18553,ACB
2013-11-20,2.28,2.3,2.29,2.29,70621,ACB
2013-11-21,2.29,2.29,2.28,2.29,156399,ACB
2013-11-22,2.29,2.29,2.28,2.29,93432,ACB
2013-11-25,2.28,2.31,2.29,2.29,128577,ACB
2013-11-26,2.29,2.29,2.28,2.29,35428,ACB
2013-11-27,2.29,2.31,2.28,2.29,168966,ACB
2013-11-28,2.29,2.27,2.24,2.26,83793,ACB
2013-11-29,2.28,2.29,2.28,2.28,78444,ACB
2013-12-02,2.28,2.29,2.26,2.28,68027,ACB
2013-12-03,2.29,2.29,2.28,2.28,200479,ACB
2013-12-04,2.28,2.31,2.28,2.29,151610,ACB
2013-12-05,2.29,2.3,2.29,2.29,115937,ACB
2013-12-06,2.28,2.29,2.28,2.28,110214,ACB
2013-12-09,2.28,2.29,2.26,2.28,69801,ACB
2013-12-10,2.26,2.3,2.26,2.28,274763,ACB
2013-12-11,2.26,2.28,2.25,2.26,293230,ACB
2013-12-12,2.26,2.29,2.26,2.28,224490,ACB
2013-12-13,2.28,2.28,2.25,2.28,212700,ACB
2013-12-16,2.28,2.29,2.26,2.28,153519,ACB
2013-12-17,2.26,2.28,2.25,2.28,255294,ACB
2013-12-18,2.28,2.29,2.26,2.28,193040,ACB
2013-12-19,2.28,2.3,2.28,2.29,160367,ACB
2013-12-20,2.28,2.29,2.28,2.28,25834,ACB
2013-12-23,2.28,2.3,2.29,2.29,118135,ACB
2013-12-24,2.29,2.29,2.28,2.29,57644,ACB
2013-12-25,2.29,2.29,2.28,2.28,44447,ACB
2013-12-26,2.28,2.29,2.27,2.28,100900,ACB
2013-12-27,2.28,2.3,2.29,2.29,152742,ACB
2013-12-30,2.29,2.31,2.29,2.29,342032,ACB
2013-12-31,2.28,2.28,2.27,2.28,165530,ACB
2013-12-27,2.28,2.3,2.29,2.29,152742,ACB
2013-12-30,2.29,2.31,2.29,2.29,342032,ACB
2013-12-31,2.28,2.28,2.27,2.28,165530,ACB
2014-01-02,2.29,2.29,2.28,2.29,146982,ACB
2014-01-03,2.29,2.32,2.29,2.31,98656,ACB
2014-01-06,2.28,2.31,2.28,2.29,190009,ACB
2014-01-07,2.31,2.35,2.29,2.32,152905,ACB
2014-01-08,2.32,2.32,2.29,2.31,58852,ACB
2014-01-09,2.29,2.34,2.31,2.32,72432,ACB
2014-01-10,2.32,2.37,2.31,2.34,160305,ACB
2014-01-13,2.32,2.34,2.31,2.32,27243,ACB
2014-01-14,2.32,2.38,2.32,2.37,198230,ACB
2014-01-15,2.31,2.38,2.3,2.37,140117,ACB
2014-01-16,2.37,2.37,2.32,2.35,102763,ACB
2014-01-17,2.35,2.45,2.36,2.41,339893,ACB
2014-01-20,2.41,2.41,2.37,2.39,258622,ACB
2014-01-21,2.38,2.37,2.33,2.35,144669,ACB
2014-01-22,2.35,2.36,2.34,2.35,173860,ACB
2014-01-23,2.37,2.37,2.34,2.35,45473,ACB
2014-01-24,2.35,2.38,2.35,2.37,79711,ACB
2014-01-27,2.37,2.37,2.35,2.37,61108,ACB
2014-02-06,2.37,2.37,2.36,2.37,39130,ACB
2014-02-07,2.37,2.39,2.36,2.37,80742,ACB
2014-02-10,2.37,2.38,2.35,2.37,551546,ACB
2014-02-11,2.37,2.4,2.37,2.38,472956,ACB
2014-02-12,2.37,2.41,2.37,2.39,149504,ACB
2014-02-13,2.41,2.44,2.38,2.41,159044,ACB
2014-02-14,2.41,2.43,2.4,2.41,178059,ACB
2014-02-17,2.39,2.39,2.33,2.35,533459,ACB
2014-02-18,2.35,2.37,2.34,2.35,576724,ACB
2014-02-19,2.35,2.38,2.35,2.35,443485,ACB
2014-02-20,2.35,2.36,2.32,2.34,292230,ACB
2014-02-21,2.35,2.36,2.34,2.35,138041,ACB
2014-02-24,2.34,2.36,2.34,2.35,141679,ACB
2014-02-25,2.35,2.36,2.33,2.35,237673,ACB
2014-02-26,2.34,2.4,2.35,2.38,653738,ACB
2014-02-27,2.38,2.63,2.38,2.53,1517007,ACB
2014-02-28,2.53,2.55,2.45,2.5,377052,ACB
2014-03-03,2.5,2.48,2.42,2.44,305876,ACB
2014-03-04,2.41,2.45,2.39,2.42,269216,ACB
2014-03-05,2.42,2.45,2.41,2.42,209310,ACB
2014-03-06,2.58,2.59,2.4,2.42,481079,ACB
2014-03-07,2.42,2.44,2.41,2.42,214785,ACB
2014-03-10,2.41,2.42,2.4,2.41,213819,ACB
2014-03-11,2.41,2.42,2.39,2.41,322067,ACB
2014-03-12,2.41,2.41,2.38,2.39,212082,ACB
2014-03-13,2.39,2.42,2.41,2.41,310883,ACB
2014-03-14,2.41,2.42,2.4,2.41,494631,ACB
2014-03-17,2.41,2.44,2.41,2.42,728589,ACB
2014-03-18,2.42,2.55,2.46,2.5,652345,ACB
2014-03-19,2.51,2.6,2.5,2.56,612020,ACB
2014-03-20,2.51,2.57,2.52,2.54,452237,ACB
2014-03-21,2.51,2.55,2.51,2.53,405430,ACB
2014-03-24,2.54,2.57,2.51,2.56,565578,ACB
2014-03-25,2.56,2.55,2.51,2.53,502703,ACB
2014-03-26,2.53,2.51,2.46,2.48,583854,ACB
2014-03-27,2.44,2.5,2.44,2.48,296773,ACB
2014-03-28,2.5,2.52,2.49,2.5,115058,ACB
2014-03-31,2.5,2.5,2.49,2.5,199778,ACB
2014-04-01,2.48,2.48,2.45,2.47,521973,ACB
2014-04-02,2.45,2.47,2.44,2.45,340174,ACB
2014-04-03,2.47,2.55,2.49,2.51,261047,ACB
2014-04-04,2.48,2.52,2.49,2.5,151083,ACB
2014-04-07,2.44,2.51,2.44,2.47,47730,ACB
2014-04-08,2.48,2.48,2.45,2.45,51025,ACB
2014-04-10,2.45,2.49,2.46,2.47,67181,ACB
2014-04-11,2.47,2.48,2.45,2.47,435510,ACB
2014-04-14,2.48,2.51,2.47,2.5,225754,ACB
2014-04-15,2.5,2.45,2.4,2.44,310269,ACB
2014-04-16,2.44,2.48,2.43,2.45,351254,ACB
2014-04-17,2.45,2.44,2.41,2.44,222188,ACB
2014-04-18,2.44,2.45,2.42,2.44,493684,ACB
2014-04-21,2.42,2.44,2.41,2.42,105128,ACB
2014-04-22,2.42,2.45,2.44,2.44,126533,ACB
2014-04-23,2.41,2.42,2.4,2.41,70037,ACB
2014-04-24,2.41,2.38,2.34,2.37,124474,ACB
2014-04-25,2.37,2.43,2.36,2.41,124699,ACB
2014-04-28,2.42,2.42,2.39,2.39,94101,ACB
2014-04-29,2.41,2.41,2.39,2.39,44670,ACB
2014-05-05,2.39,2.42,2.39,2.39,246411,ACB
2014-05-06,2.39,2.41,2.36,2.38,231759,ACB
2014-05-07,2.39,2.4,2.36,2.39,101720,ACB
2014-05-08,2.38,2.39,2.26,2.31,198453,ACB
2014-05-09,2.31,2.38,2.3,2.35,252229,ACB
2014-05-12,2.31,2.3,2.25,2.28,160743,ACB
2014-05-13,2.29,2.32,2.29,2.29,118603,ACB
2014-05-14,2.31,2.4,2.33,2.34,108281,ACB
2014-05-15,2.32,2.37,2.33,2.35,81150,ACB
2014-05-16,2.37,2.37,2.34,2.35,152398,ACB
2014-05-19,2.34,2.4,2.35,2.35,55680,ACB
2014-05-20,2.35,2.38,2.34,2.35,11744,ACB
2014-05-21,2.37,2.44,2.37,2.4,133886,ACB
2014-05-22,2.4,2.41,2.37,2.38,73670,ACB
2014-05-23,2.34,2.38,2.34,2.37,14386,ACB
2014-05-26,2.35,2.38,2.37,2.37,8700,ACB
2014-05-27,2.35,2.43,2.38,2.4,48647,ACB
2014-05-28,2.4,2.43,2.38,2.42,44261,ACB
2014-05-29,2.38,2.42,2.39,2.4,36748,ACB
2014-05-30,2.38,2.43,2.38,2.4,156903,ACB
2014-06-02,2.38,2.39,2.36,2.37,36489,ACB
2014-06-03,2.38,2.4,2.3,2.34,89839,ACB
2014-06-04,2.34,2.39,2.34,2.37,42853,ACB
2014-06-05,2.37,2.38,2.35,2.37,50359,ACB
2014-06-06,2.37,2.4,2.38,2.38,78759,ACB
2014-06-09,2.4,2.39,2.36,2.38,64344,ACB
2014-06-10,2.37,2.39,2.33,2.37,33196,ACB
2014-06-11,2.35,2.42,2.38,2.4,65325,ACB
2014-06-12,2.38,2.4,2.37,2.38,151141,ACB
2014-06-13,2.35,2.38,2.35,2.37,56672,ACB
2014-06-16,2.37,2.37,2.36,2.37,50058,ACB
2014-06-17,2.35,2.38,2.37,2.37,86312,ACB
2014-06-18,2.35,2.36,2.34,2.35,139572,ACB
2014-06-19,2.35,2.38,2.35,2.37,259600,ACB
2014-06-20,2.35,2.38,2.36,2.37,98001,ACB
2014-06-23,2.37,2.36,2.35,2.35,164454,ACB
2014-06-24,2.35,2.36,2.35,2.35,186410,ACB
2014-06-25,2.35,2.41,2.38,2.38,90182,ACB
2014-06-26,2.37,2.36,2.34,2.35,250920,ACB
2014-06-27,2.35,2.38,2.37,2.37,47870,ACB
2014-06-30,2.35,2.38,2.34,2.35,272267,ACB
2014-07-01,2.37,2.38,2.36,2.37,203292,ACB
2014-07-02,2.37,2.38,2.36,2.37,114809,ACB
2014-07-03,2.37,2.4,2.37,2.38,309194,ACB
2014-07-04,2.38,2.38,2.37,2.37,117744,ACB
2014-07-07,2.38,2.39,2.34,2.37,176864,ACB
2014-07-08,2.37,2.39,2.36,2.37,203651,ACB
2014-07-09,2.37,2.38,2.35,2.37,62959,ACB
2014-07-10,2.37,2.36,2.34,2.35,99422,ACB
2014-07-11,2.35,2.37,2.34,2.35,69344,ACB
2014-07-14,2.37,2.37,2.35,2.35,153409,ACB
2014-07-15,2.35,2.38,2.37,2.37,70911,ACB
2014-07-16,2.37,2.37,2.35,2.37,121013,ACB
2014-07-17,2.37,2.38,2.37,2.37,9745,ACB
2014-07-18,2.37,2.37,2.36,2.37,105955,ACB
2014-07-21,2.37,2.36,2.35,2.35,59866,ACB
2014-07-22,2.35,2.37,2.34,2.35,221300,ACB
2014-07-23,2.35,2.37,2.35,2.35,46739,ACB
2014-07-24,2.35,2.37,2.35,2.35,57626,ACB
2014-07-25,2.35,2.35,2.32,2.34,103276,ACB
2014-07-28,2.35,2.36,2.33,2.34,110575,ACB
2014-07-29,2.35,2.37,2.35,2.35,94417,ACB
2014-07-30,2.35,2.36,2.35,2.35,9200,ACB
2014-07-31,2.34,2.37,2.35,2.35,110496,ACB
2014-08-01,2.37,2.37,2.34,2.35,31342,ACB
2014-08-04,2.34,2.37,2.35,2.35,57942,ACB
2014-08-05,2.35,2.36,2.34,2.35,57440,ACB
2014-08-06,2.34,2.36,2.35,2.35,16289,ACB
2014-08-07,2.35,2.36,2.34,2.35,23813,ACB
2014-08-08,2.34,2.37,2.35,2.35,196920,ACB
2014-08-11,2.35,2.35,2.34,2.34,18760,ACB
2014-08-12,2.34,2.38,2.33,2.34,87590,ACB
2014-08-13,2.32,2.35,2.32,2.34,191267,ACB
2014-08-14,2.34,2.33,2.31,2.32,196466,ACB
2014-08-15,2.34,2.35,2.34,2.34,101634,ACB
2014-08-18,2.32,2.36,2.33,2.35,82396,ACB
2014-08-19,2.34,2.35,2.32,2.34,4699,ACB
2014-08-20,2.34,2.35,2.34,2.34,68812,ACB
2014-08-21,2.34,2.35,2.33,2.34,89719,ACB
2014-08-22,2.34,2.36,2.33,2.34,19040,ACB
2014-08-25,2.34,2.36,2.33,2.35,136857,ACB
2014-08-26,2.35,2.37,2.35,2.35,142374,ACB
2014-08-27,2.35,2.34,2.32,2.34,108998,ACB
2014-08-28,2.34,2.35,2.34,2.34,44649,ACB
2014-08-29,2.34,2.38,2.35,2.37,110337,ACB
2014-09-03,2.37,2.37,2.34,2.35,96011,ACB
2014-09-04,2.35,2.37,2.34,2.35,67273,ACB
2014-09-05,2.37,2.37,2.34,2.35,101597,ACB
2014-09-08,2.35,2.36,2.31,2.34,249330,ACB
2014-09-09,2.34,2.32,2.31,2.32,266103,ACB
2014-09-10,2.32,2.36,2.33,2.34,88860,ACB
2014-09-11,2.34,2.36,2.32,2.34,69739,ACB
2014-09-12,2.35,2.34,2.31,2.32,110947,ACB
2014-09-15,2.34,2.33,2.31,2.32,97427,ACB
2014-09-16,2.34,2.34,2.32,2.34,106825,ACB
2014-09-17,2.34,2.38,2.33,2.35,295941,ACB
2014-09-18,2.35,2.35,2.31,2.32,83962,ACB
2014-09-19,2.32,2.34,2.32,2.32,605822,ACB
2014-09-22,2.34,2.34,2.31,2.32,673629,ACB
2014-09-23,2.32,2.34,2.31,2.32,155655,ACB
2014-09-24,2.32,2.32,2.31,2.32,237318,ACB
2014-09-25,2.32,2.34,2.31,2.32,374033,ACB
2014-09-26,2.34,2.34,2.32,2.32,193181,ACB
2014-09-29,2.32,2.34,2.31,2.32,293109,ACB
2014-09-30,2.32,2.34,2.31,2.32,79932,ACB
2014-10-01,2.32,2.32,2.31,2.32,341868,ACB
2014-10-02,2.32,2.34,2.31,2.32,235725,ACB
2014-10-03,2.32,2.32,2.31,2.31,317254,ACB
2014-10-06,2.32,2.32,2.31,2.31,495107,ACB
2014-10-07,2.29,2.31,2.3,2.31,110487,ACB
2014-10-08,2.31,2.31,2.29,2.31,188392,ACB
2014-10-09,2.32,2.33,2.3,2.31,170800,ACB
2014-10-10,2.31,2.32,2.29,2.31,776490,ACB
2014-10-13,2.29,2.33,2.28,2.31,312707,ACB
2014-10-14,2.29,2.32,2.29,2.31,231600,ACB
2014-10-15,2.31,2.31,2.29,2.31,419645,ACB
2014-10-16,2.29,2.34,2.29,2.31,353992,ACB
2014-10-17,2.29,2.35,2.32,2.32,210289,ACB
2014-10-20,2.32,2.32,2.31,2.31,108468,ACB
2014-10-21,2.29,2.31,2.28,2.31,289064,ACB
2014-10-22,2.31,2.32,2.3,2.31,31795,ACB
2014-10-23,2.32,2.35,2.32,2.32,161552,ACB
2014-10-24,2.31,2.32,2.31,2.31,52162,ACB
2014-10-27,2.31,2.33,2.29,2.31,217065,ACB
2014-10-28,2.26,2.32,2.27,2.31,251163,ACB
2014-10-29,2.29,2.32,2.29,2.32,106491,ACB
2014-10-30,2.32,2.36,2.33,2.34,62070,ACB
2014-10-31,2.31,2.36,2.33,2.34,24038,ACB
2014-11-03,2.34,2.35,2.33,2.34,100354,ACB
2014-11-04,2.32,2.35,2.32,2.34,46793,ACB
2014-11-05,2.32,2.32,2.28,2.31,211312,ACB
2014-11-06,2.32,2.41,2.35,2.38,607153,ACB
2014-11-07,2.4,2.4,2.37,2.38,108912,ACB
2014-11-10,2.38,2.37,2.32,2.35,23052,ACB
2014-11-11,2.35,2.44,2.35,2.4,137791,ACB
2014-11-12,2.4,2.51,2.36,2.45,341874,ACB
2014-11-13,2.45,2.46,2.42,2.45,142342,ACB
2014-11-14,2.42,2.41,2.38,2.4,64189,ACB
2014-11-17,2.4,2.42,2.39,2.42,377610,ACB
2014-11-18,2.42,2.42,2.37,2.4,145431,ACB
2014-11-19,2.4,2.4,2.37,2.38,143255,ACB
2014-11-20,2.4,2.4,2.37,2.38,33683,ACB
2014-11-21,2.4,2.38,2.34,2.35,22641,ACB
2014-11-24,2.35,2.35,2.33,2.34,175773,ACB
2014-11-25,2.37,2.38,2.34,2.35,128283,ACB
2014-11-26,2.37,2.35,2.31,2.32,68795,ACB
2014-11-27,2.35,2.38,2.35,2.35,23569,ACB
2014-11-28,2.37,2.36,2.31,2.32,108071,ACB
2014-12-01,2.35,2.35,2.32,2.32,245301,ACB
2014-12-02,2.31,2.31,2.3,2.31,78471,ACB
2014-12-03,2.34,2.38,2.32,2.32,171643,ACB
2014-12-04,2.32,2.45,2.35,2.38,202567,ACB
2014-12-05,2.38,2.41,2.36,2.38,212038,ACB
2014-12-08,2.38,2.41,2.36,2.38,60200,ACB
2014-12-09,2.37,2.36,2.31,2.34,119810,ACB
2014-12-10,2.34,2.37,2.35,2.35,129215,ACB
2014-12-11,2.34,2.4,2.35,2.37,65131,ACB
2014-12-12,2.37,2.38,2.37,2.37,50253,ACB
2014-12-15,2.37,2.38,2.37,2.37,108333,ACB
2014-12-16,2.34,2.36,2.33,2.35,397979,ACB
2014-12-17,2.34,2.35,2.31,2.34,275334,ACB
2014-12-18,2.34,2.37,2.35,2.35,63994,ACB
2014-12-19,2.35,2.38,2.35,2.35,140100,ACB
2014-12-22,2.35,2.34,2.32,2.34,43600,ACB
2014-12-23,2.34,2.38,2.35,2.37,92526,ACB
2014-12-24,2.37,2.39,2.36,2.37,181309,ACB
2014-12-25,2.37,2.37,2.35,2.35,68821,ACB
2014-12-26,2.34,2.37,2.35,2.35,47517,ACB
2014-12-29,2.35,2.35,2.33,2.34,105923,ACB
2014-12-30,2.34,2.36,2.32,2.34,178030,ACB
2014-12-31,2.34,2.37,2.35,2.35,39354,ACB
2014-12-30,2.34,2.36,2.32,2.34,178030,ACB
2014-12-31,2.34,2.37,2.35,2.35,39354,ACB
2015-01-05,2.35,2.34,2.31,2.34,55888,ACB
2015-01-06,2.32,2.38,2.32,2.37,89802,ACB
2015-01-07,2.37,2.44,2.36,2.4,232861,ACB
2015-01-08,2.4,2.43,2.4,2.42,14880,ACB
2015-01-09,2.42,2.48,2.37,2.43,693623,ACB
2015-01-12,2.45,2.51,2.43,2.46,368334,ACB
2015-01-13,2.46,2.57,2.47,2.52,416006,ACB
2015-01-14,2.52,2.52,2.46,2.48,300420,ACB
2015-01-15,2.46,2.46,2.42,2.43,244964,ACB
2015-01-16,2.45,2.46,2.39,2.43,374204,ACB
2015-01-19,2.46,2.49,2.46,2.46,230317,ACB
2015-01-20,2.45,2.48,2.43,2.45,75172,ACB
2015-01-21,2.45,2.46,2.41,2.43,205371,ACB
2015-01-22,2.43,2.53,2.45,2.49,300965,ACB
2015-01-23,2.48,2.68,2.52,2.61,1441874,ACB
2015-01-26,2.61,2.64,2.61,2.63,307006,ACB
2015-01-27,2.64,2.67,2.53,2.63,315651,ACB
2015-01-28,2.61,2.87,2.66,2.75,959871,ACB
2015-01-29,2.75,2.74,2.68,2.71,429009,ACB
2015-01-30,2.69,2.68,2.57,2.63,478259,ACB
2015-02-02,2.61,2.62,2.54,2.57,265344,ACB
2015-02-03,2.57,2.51,2.36,2.43,827865,ACB
2015-02-04,2.42,2.5,2.42,2.46,270500,ACB
2015-02-05,2.46,2.49,2.44,2.46,74461,ACB
2015-02-06,2.46,2.54,2.31,2.51,245283,ACB
2015-02-09,2.51,2.51,2.44,2.46,72974,ACB
2015-02-10,2.45,2.5,2.44,2.48,105679,ACB
2015-02-11,2.48,2.52,2.48,2.51,90914,ACB
2015-02-12,2.51,2.53,2.5,2.51,87911,ACB
2015-02-13,2.52,2.6,2.51,2.57,650359,ACB
2015-02-24,2.58,2.64,2.58,2.61,140871,ACB
2015-02-25,2.63,2.67,2.58,2.64,672279,ACB
2015-02-26,2.64,2.67,2.61,2.64,112327,ACB
2015-02-27,2.66,2.64,2.58,2.6,64375,ACB
2015-03-02,2.63,2.63,2.58,2.6,100838,ACB
2015-03-03,2.63,2.62,2.57,2.58,603931,ACB
2015-03-04,2.6,2.6,2.57,2.58,412425,ACB
2015-03-05,2.58,2.59,2.56,2.57,159152,ACB
2015-03-06,2.57,2.63,2.56,2.6,322073,ACB
2015-03-09,2.6,2.61,2.56,2.58,159821,ACB
2015-03-10,2.58,2.62,2.59,2.6,96698,ACB
2015-03-11,2.6,2.64,2.6,2.61,561767,ACB
2015-03-12,2.58,2.61,2.54,2.6,47908,ACB
2015-03-13,2.6,2.6,2.57,2.58,162894,ACB
2015-03-16,2.6,2.6,2.57,2.58,340462,ACB
2015-03-17,2.58,2.6,2.58,2.58,118588,ACB
2015-03-18,2.34,2.59,2.33,2.58,259352,ACB
2015-03-19,2.6,2.74,2.58,2.58,129073,ACB
2015-03-20,2.58,2.63,2.6,2.61,116347,ACB
2015-03-23,2.6,2.59,2.58,2.58,57431,ACB
2015-03-24,2.58,2.59,2.56,2.57,222685,ACB
2015-03-25,2.57,2.62,2.59,2.6,122734,ACB
2015-03-26,2.6,2.62,2.59,2.6,165791,ACB
2015-03-27,2.6,2.57,2.54,2.57,150742,ACB
2015-03-30,2.55,2.58,2.55,2.57,187169,ACB
2015-03-31,2.57,2.57,2.54,2.55,57640,ACB
2015-04-01,2.55,2.54,2.5,2.52,252663,ACB
2015-04-02,2.52,2.58,2.53,2.54,159003,ACB
2015-04-03,2.54,2.6,2.55,2.57,51215,ACB
2015-04-06,2.57,2.58,2.56,2.57,4952,ACB
2015-04-07,2.57,2.56,2.53,2.55,46793,ACB
2015-04-08,2.54,2.54,2.53,2.54,60778,ACB
2015-04-09,2.54,2.53,2.5,2.52,153488,ACB
2015-04-10,2.52,2.56,2.52,2.54,26605,ACB
2015-04-13,2.55,2.55,2.54,2.54,36940,ACB
2015-04-14,2.52,2.55,2.52,2.54,57719,ACB
2015-04-15,2.52,2.53,2.5,2.52,42101,ACB
2015-04-16,2.52,2.54,2.5,2.52,82523,ACB
2015-04-17,2.52,2.55,2.52,2.54,36935,ACB
2015-04-20,2.52,2.54,2.51,2.52,44975,ACB
2015-04-21,2.52,2.51,2.48,2.49,52353,ACB
2015-04-22,2.49,2.54,2.5,2.52,105481,ACB
2015-04-23,2.52,2.54,2.5,2.52,39006,ACB
2015-04-24,2.51,2.52,2.47,2.49,30752,ACB
2015-04-27,2.55,2.59,2.56,2.57,172955,ACB
2015-05-04,2.58,2.54,2.47,2.51,16816,ACB
2015-05-05,2.49,2.59,2.51,2.54,48513,ACB
2015-05-06,2.54,2.58,2.52,2.54,144990,ACB
2015-05-07,2.52,2.56,2.51,2.54,121436,ACB
2015-05-08,2.55,2.54,2.51,2.52,171291,ACB
2015-05-11,2.54,2.56,2.53,2.54,134947,ACB
2015-05-12,2.52,2.55,2.51,2.54,59695,ACB
2015-05-13,2.52,2.55,2.49,2.52,327269,ACB
2015-05-14,2.51,2.58,2.51,2.55,98453,ACB
2015-05-15,2.58,2.6,2.55,2.57,68959,ACB
2015-05-18,2.57,2.57,2.52,2.54,222564,ACB
2015-05-19,2.57,2.59,2.54,2.55,37354,ACB
2015-05-20,2.54,2.61,2.53,2.57,96071,ACB
2015-05-21,2.6,2.63,2.58,2.6,46433,ACB
2015-05-22,2.6,2.59,2.54,2.57,139779,ACB
2015-05-25,2.62,2.68,2.63,2.65,401035,ACB
2015-05-26,2.65,2.84,2.68,2.79,1612511,ACB
2015-05-27,2.79,2.94,2.79,2.87,833767,ACB
2015-05-28,2.87,3.17,2.86,3.05,1585442,ACB
2015-05-29,3.03,3.12,3.04,3.08,805676,ACB
2015-06-01,3.03,3.34,3.08,3.21,1006223,ACB
2015-06-02,3.21,3.18,3.04,3.11,1219764,ACB
2015-06-03,3.11,3.19,3.12,3.14,765768,ACB
2015-06-04,3.14,3.4,3.15,3.27,1126592,ACB
2015-06-05,3.27,3.54,3.34,3.45,1201275,ACB
2015-06-08,3.45,3.55,3.35,3.49,1163634,ACB
2015-06-09,3.53,3.58,3.39,3.49,1081395,ACB
2015-06-10,3.45,3.57,3.44,3.49,977147,ACB
2015-06-11,3.48,3.53,3.36,3.43,807912,ACB
2015-06-12,3.45,3.47,3.35,3.4,615109,ACB
2015-06-15,3.4,3.52,3.42,3.48,978956,ACB
2015-06-16,3.51,3.47,3.3,3.41,859613,ACB
2015-06-17,3.38,3.43,3.34,3.38,454521,ACB
2015-06-18,3.38,3.48,3.37,3.43,622294,ACB
2015-06-19,3.45,3.51,3.43,3.46,385535,ACB
2015-06-22,3.43,3.54,3.43,3.49,834327,ACB
2015-06-23,3.49,3.52,3.46,3.48,727502,ACB
2015-06-24,3.51,3.47,3.37,3.41,643475,ACB
2015-06-25,3.67,3.77,3.43,3.45,595957,ACB
2015-06-26,3.43,3.4,3.27,3.35,1009225,ACB
2015-06-29,3.33,3.36,3.28,3.32,858135,ACB
2015-06-30,3.32,3.35,3.2,3.27,915176,ACB
2015-07-01,3.29,3.34,3.27,3.3,508272,ACB
2015-07-02,3.22,3.55,3.28,3.46,1349683,ACB
2015-07-03,3.48,3.61,3.47,3.56,1760897,ACB
2015-07-06,3.59,3.8,3.64,3.73,2519437,ACB
2015-07-07,3.73,3.88,3.66,3.76,1754487,ACB
2015-07-08,3.7,3.77,3.56,3.65,1447415,ACB
2015-07-09,3.61,3.66,3.58,3.62,1152099,ACB
2015-07-10,3.62,3.66,3.57,3.62,682325,ACB
2015-07-13,3.62,3.68,3.6,3.64,609490,ACB
2015-07-14,3.65,3.74,3.63,3.7,2298523,ACB
2015-07-15,3.73,3.69,3.56,3.61,1158668,ACB
2015-07-16,3.59,3.63,3.55,3.59,744800,ACB
2015-07-17,3.57,3.54,3.47,3.51,743928,ACB
2015-07-20,3.49,3.55,3.43,3.48,1189236,ACB
2015-07-21,3.43,3.44,3.31,3.38,674566,ACB
2015-07-22,3.72,3.86,3.48,3.59,525766,ACB
2015-07-23,3.62,3.57,3.43,3.48,892399,ACB
2015-07-24,3.48,3.56,3.46,3.49,241877,ACB
2015-07-27,3.56,3.55,3.49,3.51,537838,ACB
2015-07-28,3.59,3.84,3.42,3.49,595210,ACB
2015-07-29,3.46,3.49,3.44,3.46,334121,ACB
2015-07-30,3.45,3.5,3.42,3.46,338803,ACB
2015-07-31,3.48,3.46,3.43,3.45,342128,ACB
2015-08-03,3.45,3.41,3.24,3.32,745685,ACB
2015-08-04,3.35,3.33,3.26,3.29,435108,ACB
2015-08-05,3.29,3.35,3.3,3.33,288442,ACB
2015-08-06,3.35,3.33,3.25,3.27,197343,ACB
2015-08-07,3.27,3.31,3.24,3.27,220667,ACB
2015-08-10,3.27,3.48,3.33,3.38,287468,ACB
2015-08-11,3.4,3.4,3.29,3.33,309493,ACB
2015-08-12,3.33,3.36,3.23,3.27,491840,ACB
2015-08-13,3.26,3.25,3.17,3.21,552126,ACB
2015-08-14,3.21,3.19,3.12,3.16,772335,ACB
2015-08-17,3.16,3.08,2.89,2.98,1125772,ACB
2015-08-18,2.97,3.1,2.95,3.03,521619,ACB
2015-08-19,3.03,3.12,3.0,3.06,362735,ACB
2015-08-20,3.1,3.05,2.97,3.02,182245,ACB
2015-08-21,3.0,3.07,2.97,3.02,851858,ACB
2015-08-24,3.1,3.16,2.61,2.73,1663746,ACB
2015-08-25,2.74,2.92,2.69,2.84,729322,ACB
2015-08-26,2.87,3.0,2.88,2.94,565316,ACB
2015-08-27,2.95,3.04,2.93,2.97,267961,ACB
2015-08-28,2.97,3.02,2.98,3.0,559810,ACB
2015-08-31,3.0,2.97,2.87,2.92,186590,ACB
2015-09-01,2.94,2.93,2.87,2.9,219234,ACB
2015-09-03,2.9,2.94,2.87,2.89,131193,ACB
2015-09-04,2.84,2.88,2.82,2.86,129860,ACB
2015-09-07,2.86,2.92,2.86,2.89,140700,ACB
2015-09-08,2.89,3.1,2.94,3.03,301747,ACB
2015-09-09,3.05,3.14,3.08,3.11,702756,ACB
2015-09-10,3.06,3.1,2.99,3.06,259986,ACB
2015-09-11,3.06,3.05,2.99,3.03,161434,ACB
2015-09-14,3.05,3.09,2.98,3.02,119804,ACB
2015-09-15,3.03,3.04,2.96,2.98,153480,ACB
2015-09-16,2.95,3.01,2.96,2.98,95791,ACB
2015-09-17,3.02,3.07,2.98,3.05,647976,ACB
2015-09-18,3.08,3.11,3.05,3.08,290102,ACB
2015-09-21,3.08,3.09,3.06,3.08,139262,ACB
2015-09-22,3.08,3.1,3.05,3.06,302093,ACB
2015-09-23,3.1,3.12,3.05,3.08,207733,ACB
2015-09-24,3.08,3.23,3.04,3.11,989427,ACB
2015-09-25,3.11,3.18,3.13,3.14,322242,ACB
2015-09-28,3.14,3.14,3.04,3.08,265140,ACB
2015-09-29,3.06,3.14,3.03,3.1,299147,ACB
2015-09-30,3.11,3.12,3.09,3.1,123594,ACB
2015-10-01,3.08,3.11,2.79,3.1,227369,ACB
2015-10-02,3.1,3.12,3.11,3.11,158695,ACB
2015-10-05,3.11,3.14,3.09,3.13,220204,ACB
2015-10-06,3.14,3.27,3.16,3.22,895315,ACB
2015-10-07,3.26,3.22,3.14,3.18,188078,ACB
2015-10-08,3.16,3.28,3.14,3.22,541780,ACB
2015-10-09,3.27,3.31,3.26,3.29,557772,ACB
2015-10-12,3.3,3.36,3.29,3.33,479803,ACB
2015-10-13,3.3,3.33,3.3,3.32,230664,ACB
2015-10-14,3.3,3.34,3.29,3.32,296896,ACB
2015-10-15,3.29,3.34,3.28,3.32,371189,ACB
2015-10-16,3.33,3.33,3.28,3.3,431631,ACB
2015-10-19,3.24,3.34,3.24,3.3,178784,ACB
2015-10-20,3.3,3.32,3.25,3.29,149907,ACB
2015-10-21,3.29,3.3,3.25,3.27,282119,ACB
2015-10-22,3.26,3.34,3.27,3.32,176203,ACB
2015-10-23,3.32,3.33,3.3,3.32,175412,ACB
2015-10-26,3.32,3.36,3.33,3.33,246978,ACB
2015-10-27,3.3,3.36,3.31,3.33,72424,ACB
2015-10-28,3.29,3.3,3.27,3.29,78194,ACB
2015-10-29,3.3,3.33,3.3,3.32,204951,ACB
2015-10-30,3.3,3.34,3.3,3.32,167701,ACB
2015-11-02,3.32,3.32,3.26,3.29,49251,ACB
2015-11-03,3.26,3.3,3.26,3.29,126751,ACB
2015-11-04,3.3,3.27,3.22,3.26,114262,ACB
2015-11-05,3.26,3.28,3.25,3.27,130706,ACB
2015-11-06,3.29,3.33,3.25,3.29,60404,ACB
2015-11-09,3.3,3.29,3.24,3.26,62807,ACB
2015-11-10,3.43,3.38,3.17,3.22,59686,ACB
2015-11-11,3.24,3.18,3.12,3.18,63351,ACB
2015-11-12,3.19,3.28,3.21,3.24,192162,ACB
2015-11-13,3.24,3.3,3.25,3.27,89348,ACB
2015-11-16,3.21,3.25,3.19,3.22,182808,ACB
2015-11-17,3.19,3.23,3.18,3.21,104666,ACB
2015-11-18,3.21,3.25,3.21,3.22,106123,ACB
2015-11-19,3.21,3.23,3.2,3.21,149493,ACB
2015-11-20,3.21,3.2,3.18,3.19,52888,ACB
2015-11-23,3.19,3.19,3.16,3.18,137973,ACB
2015-11-24,2.87,3.2,2.87,3.13,104586,ACB
2015-11-25,3.1,3.18,3.08,3.13,87977,ACB
2015-11-26,3.11,3.16,3.11,3.13,125075,ACB
2015-11-27,3.14,3.12,3.06,3.1,159463,ACB
2015-11-30,3.14,3.17,3.06,3.1,65564,ACB
2015-12-01,3.11,3.14,3.07,3.1,70757,ACB
2015-12-02,3.11,3.13,3.1,3.11,175800,ACB
2015-12-03,3.1,3.11,3.08,3.1,120400,ACB
2015-12-04,3.1,3.11,3.07,3.1,93512,ACB
2015-12-07,3.1,3.1,3.09,3.1,106274,ACB
2015-12-08,3.1,3.16,3.09,3.13,198616,ACB
2015-12-09,3.1,3.14,3.11,3.13,19516,ACB
2015-12-10,3.11,3.1,3.05,3.08,53969,ACB
2015-12-11,3.11,3.13,3.08,3.1,42621,ACB
2015-12-14,3.06,3.11,3.05,3.1,10348,ACB
2015-12-15,3.1,3.08,3.06,3.08,185385,ACB
2015-12-16,3.1,3.11,3.03,3.08,231288,ACB
2015-12-17,3.08,3.13,3.1,3.11,65682,ACB
2015-12-18,3.11,3.1,3.05,3.06,61210,ACB
2015-12-21,3.03,3.1,3.02,3.1,64500,ACB
2015-12-22,3.1,3.09,3.07,3.08,3990,ACB
2015-12-23,3.06,3.09,3.04,3.06,99719,ACB
2015-12-24,3.05,3.08,3.05,3.06,46337,ACB
2015-12-25,3.05,3.07,3.04,3.06,42647,ACB
2015-12-28,3.06,3.11,3.06,3.08,31329,ACB
2015-12-29,3.06,3.12,3.04,3.1,66664,ACB
2015-12-30,3.1,3.15,3.1,3.11,23229,ACB
2015-12-31,3.11,3.2,3.15,3.16,49268,ACB
2016-01-05,3.13,3.14,3.09,3.1,47676,ACB
2016-01-06,3.1,3.12,3.09,3.11,40589,ACB
2016-01-07,3.08,3.08,3.02,3.05,94027,ACB
2016-01-08,3.03,3.06,3.04,3.05,84809,ACB
2016-01-11,3.03,3.05,3.02,3.03,37405,ACB
2016-01-12,3.03,3.08,3.03,3.03,48154,ACB
2016-01-13,3.08,3.08,3.03,3.03,81357,ACB
2016-01-14,3.06,3.06,3.01,3.03,315858,ACB
2016-01-15,3.03,3.08,3.04,3.05,260588,ACB
2016-01-18,2.95,3.0,2.94,2.97,325887,ACB
2016-01-19,3.0,3.03,3.0,3.02,71934,ACB
2016-01-20,3.02,3.03,3.0,3.02,195341,ACB
2016-01-21,3.02,3.04,2.98,3.02,91172,ACB
2016-01-22,2.98,2.99,2.94,2.97,29413,ACB
2016-01-25,2.98,3.1,3.0,3.05,143015,ACB
2016-01-26,3.05,3.08,3.02,3.03,43819,ACB
2016-01-27,3.05,3.05,3.0,3.03,154443,ACB
2016-01-28,3.33,3.3,2.95,3.03,29261,ACB
2016-01-29,3.02,3.05,3.02,3.03,85979,ACB
2016-02-01,3.02,3.05,3.0,3.02,158690,ACB
2016-02-02,3.0,3.05,3.0,3.03,113430,ACB
2016-02-03,3.03,3.04,3.03,3.03,80000,ACB
2016-02-04,3.03,3.03,3.02,3.03,120031,ACB
2016-02-05,3.02,3.08,3.02,3.05,59764,ACB
2016-02-15,3.03,3.06,3.0,3.03,25161,ACB
2016-02-16,3.03,3.14,3.06,3.1,114193,ACB
2016-02-17,3.1,3.11,3.04,3.06,141492,ACB
2016-02-18,3.05,3.1,3.04,3.06,65316,ACB
2016-02-19,3.1,3.1,3.05,3.06,162020,ACB
2016-02-22,3.03,3.1,3.02,3.06,93741,ACB
2016-02-23,3.08,3.11,3.06,3.06,268334,ACB
2016-02-24,2.9,3.27,2.95,3.19,613706,ACB
2016-02-25,3.3,3.43,3.13,3.16,170309,ACB
2016-02-26,3.16,3.19,3.16,3.18,54693,ACB
2016-02-29,3.18,3.19,3.13,3.14,192525,ACB
2016-03-01,3.14,3.15,3.12,3.13,140511,ACB
2016-03-02,3.13,3.12,3.09,3.11,187244,ACB
2016-03-03,3.13,3.14,3.09,3.11,209795,ACB
2016-03-04,3.1,3.18,3.12,3.14,106154,ACB
2016-03-07,3.11,3.2,3.15,3.16,168692,ACB
2016-03-08,3.14,3.08,2.97,3.03,349888,ACB
2016-03-09,3.1,3.12,3.07,3.1,72850,ACB
2016-03-10,3.08,3.1,3.07,3.08,127860,ACB
2016-03-11,3.06,3.14,3.09,3.1,38679,ACB
2016-03-14,3.06,3.07,3.02,3.05,130070,ACB
2016-03-15,3.13,3.13,3.05,3.06,75369,ACB
2016-03-16,3.08,3.08,3.05,3.06,85539,ACB
2016-03-17,3.08,3.08,3.04,3.05,51939,ACB
2016-03-18,3.03,3.06,3.03,3.05,49217,ACB
2016-03-21,3.02,3.06,2.88,3.03,48938,ACB
2016-03-22,3.0,3.04,3.0,3.02,143433,ACB
2016-03-23,3.0,3.02,2.97,3.0,349539,ACB
2016-03-24,3.02,3.01,2.98,2.98,60102,ACB
2016-03-25,3.03,2.99,2.93,2.97,28280,ACB
2016-03-28,3.0,3.0,2.95,2.97,28313,ACB
2016-03-29,2.95,2.97,2.95,2.95,72908,ACB
2016-03-30,2.98,2.91,2.74,2.82,215414,ACB
2016-03-31,2.94,2.95,2.89,2.92,104162,ACB
2016-04-01,2.95,2.94,2.88,2.92,125723,ACB
2016-04-04,2.95,2.96,2.88,2.92,69304,ACB
2016-04-05,2.9,2.89,2.86,2.87,59056,ACB
2016-04-06,2.87,2.87,2.84,2.86,164962,ACB
2016-04-07,2.87,2.94,2.9,2.9,32738,ACB
2016-04-08,2.92,2.99,2.94,2.95,51607,ACB
2016-04-11,2.94,2.94,2.92,2.94,49001,ACB
2016-04-12,2.94,2.92,2.91,2.92,71515,ACB
2016-04-13,2.92,2.92,2.88,2.89,94770,ACB
2016-04-14,2.87,2.88,2.81,2.84,89740,ACB
2016-04-15,2.92,2.92,2.84,2.86,66580,ACB
2016-04-19,2.9,2.92,2.84,2.84,27773,ACB
2016-04-20,2.87,2.86,2.81,2.82,73200,ACB
2016-04-21,2.82,2.84,2.81,2.82,76583,ACB
2016-04-22,2.79,2.94,2.83,2.9,126434,ACB
2016-04-25,2.87,2.93,2.86,2.87,19229,ACB
2016-04-26,2.87,2.89,2.86,2.87,117712,ACB
2016-04-27,2.89,2.86,2.81,2.84,241006,ACB
2016-04-28,2.87,2.87,2.82,2.82,39419,ACB
2016-04-29,2.82,2.88,2.83,2.86,75474,ACB
2016-05-04,2.82,2.91,2.84,2.86,48056,ACB
2016-05-05,2.82,2.87,2.82,2.84,151701,ACB
2016-05-06,2.86,2.86,2.83,2.84,111028,ACB
2016-05-09,2.84,2.88,2.83,2.87,233846,ACB
2016-05-10,2.89,2.91,2.84,2.86,92709,ACB
2016-05-11,2.86,2.89,2.84,2.86,362991,ACB
2016-05-12,2.87,3.12,2.94,3.0,569423,ACB
2016-05-13,3.0,3.03,2.93,2.98,303678,ACB
2016-05-16,2.97,3.05,2.99,3.03,193462,ACB
2016-05-17,3.03,3.05,2.99,3.03,266987,ACB
2016-05-18,3.02,3.15,2.98,3.08,520514,ACB
2016-05-19,3.08,3.13,3.06,3.1,102855,ACB
2016-05-20,3.03,3.11,3.03,3.05,50349,ACB
2016-05-23,3.02,2.98,2.92,2.95,144346,ACB
2016-05-24,2.95,2.97,2.94,2.95,204898,ACB
2016-05-25,2.95,2.96,2.91,2.94,174731,ACB
2016-05-26,2.95,2.96,2.9,2.92,373996,ACB
2016-05-27,2.92,2.97,2.94,2.95,170308,ACB
2016-05-30,2.97,2.96,2.93,2.95,90100,ACB
2016-05-31,3.0,2.98,2.91,2.94,190183,ACB
2016-06-01,2.98,3.0,2.95,2.95,72389,ACB
2016-06-02,2.94,2.96,2.92,2.95,49600,ACB
2016-06-03,2.95,2.97,2.92,2.95,94742,ACB
2016-06-06,2.95,3.05,2.97,2.98,142834,ACB
2016-06-07,2.98,3.0,2.98,2.98,28025,ACB
2016-06-08,2.98,3.01,2.96,3.0,42707,ACB
2016-06-09,3.0,3.03,3.0,3.02,83647,ACB
2016-06-10,3.0,3.05,3.0,3.03,82355,ACB
2016-06-13,3.02,3.07,3.01,3.03,138648,ACB
2016-06-14,3.03,3.08,3.03,3.05,113252,ACB
2016-06-15,3.05,3.05,3.04,3.05,51430,ACB
2016-06-16,3.05,3.06,3.03,3.05,135735,ACB
2016-06-17,3.03,3.05,3.04,3.05,118867,ACB
2016-06-20,3.03,3.1,3.06,3.06,49716,ACB
2016-06-21,3.05,3.08,3.05,3.06,130676,ACB
2016-06-22,3.03,3.08,3.05,3.06,108886,ACB
2016-06-23,3.03,3.09,3.06,3.06,62511,ACB
2016-06-24,3.03,3.12,2.93,3.06,153703,ACB
2016-06-27,2.94,3.09,2.97,3.05,102503,ACB
2016-06-28,2.97,3.1,3.03,3.03,18644,ACB
2016-06-29,2.98,3.06,3.01,3.03,65672,ACB
2016-06-30,3.03,3.04,3.01,3.03,20698,ACB
2016-07-01,2.98,3.08,3.02,3.03,160733,ACB
2016-07-04,2.98,2.98,2.93,2.95,289840,ACB
2016-07-05,2.95,2.99,2.92,2.95,224536,ACB
2016-07-06,2.95,2.96,2.93,2.95,119879,ACB
2016-07-07,2.95,3.03,2.96,2.98,46124,ACB
2016-07-08,2.98,2.99,2.96,2.98,213318,ACB
2016-07-11,2.97,2.96,2.93,2.95,256181,ACB
2016-07-12,2.95,2.96,2.93,2.95,26771,ACB
2016-07-13,2.95,3.14,2.99,3.03,437147,ACB
2016-07-14,3.03,3.08,3.0,3.03,855293,ACB
2016-07-15,3.08,3.08,3.02,3.03,218899,ACB
2016-07-18,3.0,3.06,2.99,3.02,59135,ACB
2016-07-19,3.02,3.03,2.9,2.95,465733,ACB
2016-07-20,2.95,2.97,2.93,2.95,109114,ACB
2016-07-21,2.97,2.97,2.9,2.92,115206,ACB
2016-07-22,2.92,2.9,2.87,2.89,70617,ACB
2016-07-25,2.89,2.91,2.86,2.89,73600,ACB
2016-07-26,2.89,2.88,2.83,2.86,143345,ACB
2016-07-27,2.86,2.87,2.84,2.86,59291,ACB
2016-07-28,2.87,2.87,2.84,2.86,33402,ACB
2016-07-29,2.86,2.91,2.86,2.89,138157,ACB
2016-08-01,2.87,2.86,2.81,2.84,39056,ACB
2016-08-02,2.84,2.82,2.77,2.79,76750,ACB
2016-08-03,2.79,2.78,2.75,2.76,75348,ACB
2016-08-04,2.79,2.82,2.78,2.79,110262,ACB
2016-08-05,2.79,2.84,2.8,2.81,70318,ACB
2016-08-08,2.81,2.82,2.79,2.81,69544,ACB
2016-08-09,2.81,2.83,2.79,2.81,32488,ACB
2016-08-10,2.82,2.85,2.82,2.82,136283,ACB
2016-08-11,2.82,2.83,2.81,2.82,16038,ACB
2016-08-12,2.84,2.86,2.81,2.82,48499,ACB
2016-08-15,2.81,2.81,2.78,2.79,39933,ACB
2016-08-16,2.79,2.88,2.8,2.84,106540,ACB
2016-08-17,2.84,2.85,2.82,2.82,117280,ACB
2016-08-18,2.82,2.87,2.8,2.81,113815,ACB
2016-08-19,2.81,2.82,2.8,2.81,126316,ACB
2016-08-22,2.79,2.8,2.79,2.79,64989,ACB
2016-08-23,2.79,2.83,2.8,2.81,100523,ACB
2016-08-24,2.81,2.81,2.78,2.79,53493,ACB
2016-08-25,2.81,2.88,2.83,2.84,86057,ACB
2016-08-26,2.79,2.87,2.8,2.86,74750,ACB
2016-08-29,2.86,2.86,2.84,2.84,133815,ACB
2016-08-30,2.84,2.84,2.84,2.84,55861,ACB
2016-08-31,2.86,2.9,2.87,2.87,192835,ACB
2016-09-01,2.87,2.86,2.84,2.86,81398,ACB
2016-09-05,2.84,2.84,2.83,2.84,78738,ACB
2016-09-06,2.84,2.87,2.86,2.86,100607,ACB
2016-09-07,2.84,2.85,2.82,2.84,37441,ACB
2016-09-08,2.82,2.86,2.83,2.84,38923,ACB
2016-09-09,2.76,2.84,2.76,2.82,9453,ACB
2016-09-12,2.81,2.83,2.8,2.81,137291,ACB
2016-09-13,2.79,2.8,2.77,2.79,76695,ACB
2016-09-14,2.79,2.79,2.76,2.78,151529,ACB
2016-09-15,2.76,2.79,2.74,2.76,160591,ACB
2016-09-16,2.73,2.8,2.75,2.76,120039,ACB
2016-09-19,2.74,2.74,2.71,2.73,39590,ACB
2016-09-20,2.73,2.76,2.71,2.73,117888,ACB
2016-09-21,2.73,2.82,2.72,2.78,181530,ACB
2016-09-22,2.79,2.78,2.75,2.76,52251,ACB
2016-09-23,2.74,2.79,2.76,2.78,54315,ACB
2016-09-26,2.78,2.76,2.73,2.74,55181,ACB
2016-09-27,2.73,2.79,2.74,2.76,112486,ACB
2016-09-28,2.74,2.95,2.79,2.9,960835,ACB
2016-09-29,2.92,2.94,2.9,2.92,413417,ACB
2016-09-30,2.92,2.94,2.9,2.92,281903,ACB
2016-10-03,2.94,3.02,2.86,2.97,584999,ACB
2016-10-04,2.97,3.09,2.96,3.05,728172,ACB
2016-10-05,3.05,3.14,3.05,3.11,650032,ACB
2016-10-06,3.13,3.16,3.09,3.11,445683,ACB
2016-10-07,3.08,3.08,2.97,3.03,474856,ACB
2016-10-10,3.03,3.07,3.01,3.03,595489,ACB
2016-10-11,3.03,3.07,3.01,3.03,325562,ACB
2016-10-12,3.05,3.17,3.04,3.08,742105,ACB
2016-10-13,3.06,3.12,3.07,3.1,297562,ACB
2016-10-14,3.1,3.1,3.07,3.08,399942,ACB
2016-10-17,3.06,3.06,3.04,3.05,379894,ACB
2016-10-18,3.05,3.08,3.05,3.06,383550,ACB
2016-10-19,3.06,3.18,3.08,3.13,894546,ACB
2016-10-20,3.13,3.15,3.08,3.11,176834,ACB
2016-10-21,3.11,3.11,3.08,3.1,115481,ACB
2016-10-24,3.08,3.07,3.01,3.03,435877,ACB
2016-10-25,3.03,3.1,3.04,3.06,228430,ACB
2016-10-26,3.06,3.07,3.04,3.05,123409,ACB
2016-10-27,3.05,3.08,3.05,3.06,184931,ACB
2016-10-28,3.05,3.12,3.05,3.1,109185,ACB
2016-10-31,3.08,3.07,3.01,3.03,200973,ACB
2016-11-01,3.03,3.1,3.05,3.06,246218,ACB
2016-11-02,3.05,3.06,3.03,3.05,74747,ACB
2016-11-03,3.05,3.05,3.0,3.03,263536,ACB
2016-11-04,3.03,3.04,3.02,3.03,51973,ACB
2016-11-07,3.03,3.06,3.03,3.05,140965,ACB
2016-11-08,3.05,3.04,3.03,3.03,240477,ACB
2016-11-09,3.03,3.01,2.85,2.98,510554,ACB
2016-11-10,2.98,3.08,3.0,3.05,149865,ACB
2016-11-11,3.05,3.06,3.03,3.05,180044,ACB
2016-11-14,3.05,3.04,3.02,3.03,189722,ACB
2016-11-15,3.06,3.08,3.04,3.05,147050,ACB
2016-11-16,3.05,3.03,3.0,3.02,165430,ACB
2016-11-17,3.03,3.05,3.03,3.03,216720,ACB
2016-11-18,3.03,3.02,3.01,3.02,232504,ACB
2016-11-21,3.05,3.06,3.02,3.03,45941,ACB
2016-11-22,3.05,3.06,3.04,3.05,289066,ACB
2016-11-23,3.05,3.1,3.06,3.08,184640,ACB
2016-11-24,3.08,3.12,3.09,3.1,154688,ACB
2016-11-25,3.05,3.11,3.06,3.1,179786,ACB
2016-11-28,3.1,3.09,3.03,3.05,110554,ACB
2016-11-29,3.03,3.06,3.04,3.05,234984,ACB
2016-11-30,3.03,3.07,3.04,3.05,151350,ACB
2016-12-01,3.09,3.19,3.1,3.16,381829,ACB
2016-12-02,3.16,3.12,3.04,3.11,71031,ACB
2016-12-05,3.12,3.1,3.05,3.07,49063,ACB
2016-12-06,3.11,3.08,2.96,3.0,239780,ACB
2016-12-07,3.0,3.0,2.91,2.95,226091,ACB
2016-12-08,3.02,2.99,2.92,2.95,220042,ACB
2016-12-09,2.97,3.02,2.95,3.0,103048,ACB
2016-12-12,3.0,3.0,2.97,2.98,30478,ACB
2016-12-13,2.98,2.95,2.88,2.91,125191,ACB
2016-12-14,2.95,2.95,2.88,2.91,93783,ACB
2016-12-15,2.98,2.96,2.9,2.93,141933,ACB
2016-12-16,2.98,3.05,2.98,3.02,112809,ACB
2016-12-19,3.05,3.04,2.97,2.98,232663,ACB
2016-12-20,3.0,3.01,2.97,2.98,273119,ACB
2016-12-21,3.0,3.24,3.05,3.14,939567,ACB
2016-12-22,3.14,3.17,3.08,3.12,430272,ACB
2016-12-23,3.07,3.11,3.01,3.04,390028,ACB
2016-12-26,3.05,3.17,3.08,3.12,142239,ACB
2016-12-27,3.07,3.09,3.02,3.05,320223,ACB
2016-12-28,3.09,3.07,3.06,3.07,220675,ACB
2016-12-29,3.05,3.11,3.03,3.09,398898,ACB
2016-12-30,3.11,3.12,3.07,3.09,132554,ACB
2017-01-03,3.11,3.41,3.17,3.33,1609757,ACB
2017-01-04,3.33,3.39,3.3,3.35,739000,ACB
2017-01-05,3.37,3.39,3.32,3.35,471881,ACB
2017-01-06,3.35,3.69,3.34,3.53,1409824,ACB
2017-01-09,3.53,3.7,3.56,3.65,970791,ACB
2017-01-10,3.65,3.73,3.59,3.68,942499,ACB
2017-01-11,3.65,3.83,3.66,3.79,1447461,ACB
2017-01-12,3.77,3.89,3.73,3.79,1158392,ACB
2017-01-13,3.76,3.85,3.71,3.77,1230784,ACB
2017-01-16,3.77,3.86,3.78,3.83,575469,ACB
2017-01-17,3.86,4.13,3.88,4.04,1398174,ACB
2017-01-18,4.04,4.11,3.97,4.05,1360520,ACB
2017-01-19,4.05,4.1,3.98,4.04,542576,ACB
2017-01-20,4.04,4.12,3.99,4.05,614473,ACB
2017-01-23,4.05,4.09,3.97,4.02,867359,ACB
2017-01-24,4.02,4.21,4.0,4.12,722901,ACB
2017-01-25,4.11,4.19,4.1,4.14,437171,ACB
2017-02-02,4.14,4.24,4.06,4.18,693910,ACB
2017-02-03,4.18,4.3,4.17,4.25,1124649,ACB
2017-02-06,4.25,4.2,4.07,4.14,1767267,ACB
2017-02-07,4.18,4.24,4.1,4.16,820988,ACB
2017-02-08,4.16,4.23,4.12,4.16,627023,ACB
2017-02-09,4.16,4.18,4.14,4.16,480866,ACB
2017-02-10,4.16,4.23,4.16,4.19,2354611,ACB
2017-02-13,4.23,4.21,4.07,4.12,1102014,ACB
2017-02-14,4.12,4.16,4.09,4.12,630201,ACB
2017-02-15,4.12,4.12,4.03,4.09,1719050,ACB
2017-02-16,4.11,4.04,3.9,3.98,1657991,ACB
2017-02-17,3.95,4.01,3.93,3.98,886909,ACB
2017-02-20,3.98,4.04,3.95,3.98,1208009,ACB
2017-02-21,3.98,4.01,3.96,3.98,992334,ACB
2017-02-22,3.98,4.01,3.91,3.97,890701,ACB
2017-02-23,3.97,3.99,3.94,3.97,599354,ACB
2017-02-24,3.98,4.07,3.9,3.98,2041146,ACB
2017-02-27,3.98,4.06,4.0,4.02,652055,ACB
2017-02-28,4.04,4.06,3.99,4.02,493768,ACB
2017-03-01,4.0,4.04,3.93,3.97,947826,ACB
2017-03-02,3.97,3.99,3.92,3.95,356057,ACB
2017-03-03,3.95,4.1,3.95,4.0,658085,ACB
2017-03-06,4.02,4.04,3.95,3.97,767074,ACB
2017-03-07,4.0,4.01,3.94,3.95,342874,ACB
2017-03-08,3.95,4.2,3.9,4.09,3300268,ACB
2017-03-09,4.09,4.14,4.04,4.11,2499511,ACB
2017-03-10,4.09,4.19,4.07,4.16,3996520,ACB
2017-03-13,4.16,4.1,3.96,4.02,3149747,ACB
2017-03-14,4.02,4.05,3.96,4.0,1043292,ACB
2017-03-15,4.0,4.16,3.96,4.05,1841218,ACB
2017-03-16,4.07,4.1,4.05,4.07,1849057,ACB
2017-03-17,4.11,4.26,4.02,4.11,5329369,ACB
2017-03-20,4.12,4.25,4.14,4.19,5125254,ACB
2017-03-21,4.23,4.47,4.27,4.39,10618307,ACB
2017-03-22,4.39,4.45,4.33,4.39,4597625,ACB
2017-03-23,4.39,4.41,4.32,4.37,3086794,ACB
2017-03-24,4.37,4.56,4.37,4.47,7262960,ACB
2017-03-27,4.47,4.53,4.35,4.42,4647682,ACB
2017-03-28,4.42,4.39,4.27,4.34,3883267,ACB
2017-03-29,4.35,4.39,4.28,4.32,4693967,ACB
2017-03-30,4.32,4.38,4.29,4.34,2636139,ACB
2017-03-31,4.35,4.38,4.27,4.3,2374460,ACB
2017-04-03,4.3,4.49,4.33,4.39,4561999,ACB
2017-04-04,4.4,4.5,4.36,4.44,4282474,ACB
2017-04-05,4.44,4.47,4.37,4.42,2922560,ACB
2017-04-07,4.42,4.43,4.33,4.35,2654414,ACB
2017-04-10,4.35,4.36,4.22,4.28,4172644,ACB
2017-04-11,4.28,4.2,4.08,4.16,3447528,ACB
2017-04-12,4.16,4.14,3.99,4.05,4187963,ACB
2017-04-13,4.05,4.09,4.0,4.04,1942706,ACB
2017-04-14,4.04,4.09,3.96,4.02,2869490,ACB
2017-04-17,4.02,4.03,3.89,3.95,1791452,ACB
2017-04-18,3.97,4.06,3.96,4.02,1966220,ACB
2017-04-19,4.02,4.01,3.98,3.98,904604,ACB
2017-04-20,3.98,4.02,3.95,3.98,1029547,ACB
2017-04-21,3.98,4.01,3.96,3.98,1166146,ACB
2017-04-24,3.95,3.98,3.94,3.95,1041557,ACB
2017-04-25,3.91,3.93,3.85,3.88,1796943,ACB
2017-04-26,3.91,4.06,3.94,3.98,1183165,ACB
2017-04-27,3.98,4.03,3.96,3.98,867590,ACB
2017-04-28,3.97,4.16,3.95,4.07,3189572,ACB
2017-05-03,4.07,4.22,4.1,4.18,2622355,ACB
2017-05-04,4.19,4.21,4.14,4.18,1511935,ACB
2017-05-05,4.18,4.19,4.08,4.12,1540483,ACB
2017-05-08,4.11,4.11,4.01,4.05,1334252,ACB
2017-05-09,4.05,4.21,4.07,4.16,1873308,ACB
2017-05-10,4.19,4.2,4.13,4.16,1722684,ACB
2017-05-11,4.16,4.14,4.06,4.11,1225352,ACB
2017-05-12,4.14,4.18,4.12,4.14,1408743,ACB
2017-05-15,4.14,4.17,4.1,4.12,1557823,ACB
2017-05-16,4.09,4.26,4.08,4.19,4063912,ACB
2017-05-17,4.19,4.33,4.24,4.28,2463380,ACB
2017-05-18,4.28,4.36,4.2,4.3,4440070,ACB
2017-05-19,4.3,4.38,4.25,4.34,3380097,ACB
2017-05-22,4.34,4.49,4.31,4.4,8110171,ACB
2017-05-23,4.42,4.37,4.21,4.3,3154806,ACB
2017-05-24,4.3,4.5,4.32,4.42,2741337,ACB
2017-05-25,4.44,4.47,4.35,4.4,4482961,ACB
2017-05-26,4.4,4.42,4.37,4.39,1931186,ACB
2017-05-29,4.35,4.47,4.35,4.4,2434669,ACB
2017-05-30,4.4,4.49,4.37,4.39,3271836,ACB
2017-05-31,4.37,4.44,4.35,4.39,1808309,ACB
2017-06-01,4.39,4.41,4.3,4.35,2213300,ACB
2017-06-02,4.35,4.37,4.29,4.34,2357600,ACB
2017-06-05,4.34,4.39,4.3,4.35,2071223,ACB
2017-06-06,4.42,4.48,4.41,4.44,2786052,ACB
2017-06-07,4.47,4.74,4.47,4.63,9677631,ACB
2017-06-08,4.63,4.65,4.53,4.58,1793086,ACB
2017-06-09,4.56,4.63,4.54,4.6,1633448,ACB
2017-06-12,4.6,4.61,4.52,4.56,2711450,ACB
2017-06-13,4.56,4.75,4.59,4.65,2560207,ACB
2017-06-14,4.67,4.72,4.65,4.69,2095019,ACB
2017-06-15,4.69,4.67,4.6,4.63,2027588,ACB
2017-06-16,4.63,4.65,4.61,4.63,1073742,ACB
2017-06-19,4.67,4.69,4.64,4.67,2509473,ACB
2017-06-20,4.69,4.75,4.68,4.7,2009016,ACB
2017-06-21,4.7,4.7,4.57,4.62,3907011,ACB
2017-06-22,4.62,4.63,4.56,4.58,1990597,ACB
2017-06-23,4.56,4.57,4.48,4.51,2881921,ACB
2017-06-26,4.51,4.63,4.54,4.58,1201089,ACB
2017-06-27,4.56,4.59,4.52,4.54,681015,ACB
2017-06-28,4.53,4.57,4.5,4.53,861040,ACB
2017-06-29,4.53,4.58,4.53,4.56,928253,ACB
2017-06-30,4.58,4.58,4.53,4.54,663360,ACB
2017-07-03,4.56,4.69,4.57,4.63,2832824,ACB
2017-07-04,4.63,4.65,4.56,4.6,913620,ACB
2017-07-05,4.6,4.68,4.6,4.65,1489515,ACB
2017-07-06,4.65,4.67,4.62,4.65,1436039,ACB
2017-07-07,4.65,4.71,4.6,4.65,2656919,ACB
2017-07-10,4.65,4.62,4.49,4.54,2657063,ACB
2017-07-11,4.54,4.57,4.51,4.54,1562679,ACB
2017-07-12,4.54,4.58,4.53,4.54,1160871,ACB
2017-07-13,4.54,4.58,4.53,4.54,734955,ACB
2017-07-14,4.56,4.56,4.51,4.53,366894,ACB
2017-07-17,4.53,4.43,4.28,4.37,3160757,ACB
2017-07-18,4.37,4.44,4.36,4.4,2229835,ACB
2017-07-19,4.4,4.43,4.39,4.4,584611,ACB
2017-07-20,4.4,4.45,4.4,4.42,731184,ACB
2017-07-21,4.42,4.42,4.37,4.39,357297,ACB
2017-07-24,4.39,4.38,4.28,4.34,1117565,ACB
2017-07-25,4.37,4.44,4.38,4.4,808354,ACB
2017-07-26,4.4,4.54,4.43,4.49,651186,ACB
2017-07-27,4.44,4.49,4.38,4.46,581124,ACB
2017-07-28,4.47,4.55,4.48,4.53,718964,ACB
2017-07-31,4.56,4.6,4.53,4.56,1567378,ACB
2017-08-01,4.58,4.62,4.56,4.58,1566838,ACB
2017-08-02,4.54,4.61,4.54,4.58,1578560,ACB
2017-08-03,4.58,4.6,4.54,4.56,936752,ACB
2017-08-04,4.53,4.55,4.51,4.53,1200627,ACB
2017-08-07,4.53,4.61,4.52,4.56,1478734,ACB
2017-08-08,4.63,4.65,4.55,4.56,382940,ACB
2017-08-09,4.56,4.55,4.45,4.49,1649412,ACB
2017-08-10,4.46,4.51,4.44,4.46,1139760,ACB
2017-08-11,4.47,4.47,4.43,4.46,774623,ACB
2017-08-14,4.44,4.51,4.44,4.51,657975,ACB
2017-08-15,4.51,4.54,4.51,4.53,799795,ACB
2017-08-16,4.53,4.57,4.53,4.54,487273,ACB
2017-08-17,4.56,4.54,4.45,4.49,553039,ACB
2017-08-18,4.47,4.53,4.44,4.51,1175485,ACB
2017-08-21,4.51,4.67,4.48,4.6,4413094,ACB
2017-08-22,4.62,4.65,4.56,4.6,986115,ACB
2017-08-23,4.58,4.67,4.6,4.63,740021,ACB
2017-08-24,4.63,4.91,4.7,4.81,7254759,ACB
2017-08-25,4.81,4.92,4.76,4.84,2024567,ACB
2017-08-28,4.84,5.09,4.9,5.0,2649215,ACB
2017-08-29,5.0,5.13,4.89,5.02,4269159,ACB
2017-08-30,5.02,5.06,4.95,5.0,1653058,ACB
2017-08-31,5.02,5.12,4.96,5.04,2318417,ACB
2017-09-01,5.04,5.08,4.97,5.02,709220,ACB
2017-09-05,5.02,5.13,5.03,5.09,990815,ACB
2017-09-06,5.11,5.11,5.04,5.07,626895,ACB
2017-09-07,5.07,5.07,4.97,5.02,1174302,ACB
2017-09-08,5.02,5.0,4.88,4.93,1334473,ACB
2017-09-11,4.91,4.94,4.77,4.83,2132362,ACB
2017-09-12,4.83,4.95,4.83,4.88,1235103,ACB
2017-09-13,4.9,5.03,4.92,4.98,677371,ACB
2017-09-14,4.97,4.97,4.9,4.95,1994968,ACB
2017-09-15,4.95,5.0,4.91,4.93,1606884,ACB
2017-09-18,4.93,4.98,4.89,4.95,1222983,ACB
2017-09-19,4.95,4.97,4.87,4.93,1331569,ACB
2017-09-20,4.97,4.97,4.92,4.93,882705,ACB
2017-09-21,4.97,5.05,4.94,4.98,1389322,ACB
2017-09-22,4.98,5.19,5.03,5.12,3958618,ACB
2017-09-25,5.12,5.4,5.15,5.28,3381864,ACB
2017-09-26,5.32,5.43,5.31,5.37,2766949,ACB
2017-09-27,5.35,5.33,5.25,5.28,1153295,ACB
2017-09-28,5.81,5.81,5.27,5.32,1223493,ACB
2017-09-29,5.32,5.43,5.32,5.37,920886,ACB
2017-10-02,5.39,5.36,5.3,5.34,755459,ACB
2017-10-03,5.3,5.37,5.26,5.32,1368746,ACB
2017-10-04,5.32,5.49,5.38,5.42,1937080,ACB
2017-10-05,5.42,5.41,5.25,5.35,3049742,ACB
2017-10-06,5.35,5.56,5.4,5.49,2764427,ACB
2017-10-09,5.49,5.66,5.49,5.6,3064014,ACB
2017-10-10,5.44,5.65,5.43,5.6,1666381,ACB
2017-10-11,5.62,5.66,5.59,5.62,1813951,ACB
2017-10-12,5.62,5.62,5.55,5.58,1384961,ACB
2017-10-13,5.6,5.74,5.57,5.69,1752064,ACB
2017-10-16,5.69,5.78,5.69,5.74,1321717,ACB
2017-10-17,5.74,5.78,5.74,5.76,953781,ACB
2017-10-18,5.83,5.85,5.71,5.77,2272988,ACB
2017-10-19,5.77,5.77,5.63,5.69,1941687,ACB
2017-10-20,5.69,5.67,5.49,5.56,2328487,ACB
2017-10-23,5.56,5.51,5.33,5.39,2601188,ACB
2017-10-24,4.86,5.55,4.92,5.46,2602005,ACB
2017-10-25,5.48,5.7,5.5,5.6,1101897,ACB
2017-10-26,5.6,5.59,5.46,5.53,1924655,ACB
2017-10-27,5.53,5.66,5.54,5.6,909500,ACB
2017-10-30,5.63,5.56,5.37,5.49,1998813,ACB
2017-10-31,5.6,5.55,5.28,5.37,2365341,ACB
2017-11-01,5.37,5.42,5.36,5.39,954826,ACB
2017-11-02,5.39,5.33,5.15,5.23,3243328,ACB
2017-11-03,5.23,5.45,5.24,5.34,2147564,ACB
2017-11-06,5.26,5.46,5.3,5.4,798248,ACB
2017-11-07,5.4,5.43,5.36,5.4,1229311,ACB
2017-11-08,5.42,5.56,5.46,5.51,1340921,ACB
2017-11-09,5.51,5.58,5.49,5.53,1171786,ACB
2017-11-10,5.53,5.69,5.55,5.62,2280926,ACB
2017-11-13,5.63,5.63,5.53,5.58,1861000,ACB
2017-11-14,5.58,5.79,5.56,5.65,1848620,ACB
2017-11-15,5.76,5.78,5.64,5.7,1475303,ACB
2017-11-16,5.72,5.85,5.72,5.81,4200524,ACB
2017-11-17,5.83,5.87,5.73,5.81,2288362,ACB
2017-11-20,5.81,5.82,5.68,5.76,1424314,ACB
2017-11-21,5.76,5.85,5.67,5.76,2009143,ACB
2017-11-22,5.74,6.07,5.73,5.95,2907841,ACB
2017-11-23,5.95,6.05,5.86,5.97,2520785,ACB
2017-11-24,6.0,6.04,5.92,5.98,1537052,ACB
2017-11-27,5.98,6.08,5.94,6.0,1772248,ACB
2017-11-28,5.97,6.04,5.92,5.97,1486928,ACB
2017-11-29,5.97,6.07,5.97,6.05,1466786,ACB
2017-11-30,6.11,6.2,6.04,6.12,3947759,ACB
2017-12-01,6.14,6.23,6.14,6.18,2204688,ACB
2017-12-04,6.18,6.5,6.25,6.4,2828261,ACB
2017-12-05,6.42,6.24,5.97,6.14,2451061,ACB
2017-12-06,6.12,6.25,6.08,6.12,2935533,ACB
2017-12-07,6.12,6.48,6.25,6.35,2485591,ACB
2017-12-08,6.35,6.36,6.27,6.32,1018775,ACB
2017-12-11,6.3,6.28,6.12,6.21,2361314,ACB
2017-12-12,6.2,6.44,5.77,6.07,6629673,ACB
2017-12-13,6.07,6.16,5.84,5.93,1608497,ACB
2017-12-14,5.93,6.06,5.94,6.0,1835286,ACB
2017-12-15,6.0,6.06,5.96,6.0,1141285,ACB
2017-12-18,6.05,6.22,6.09,6.16,1869613,ACB
2017-12-19,6.21,6.18,6.05,6.11,1988171,ACB
2017-12-20,6.11,6.17,6.05,6.11,4205447,ACB
2017-12-21,6.18,6.12,6.04,6.09,4333480,ACB
2017-12-22,6.09,6.12,6.03,6.07,2073496,ACB
2017-12-25,6.07,6.13,6.0,6.05,3242655,ACB
2017-12-26,6.05,6.14,6.05,6.09,4904103,ACB
2017-12-27,6.09,6.5,6.15,6.4,6668024,ACB
2017-12-28,6.42,6.5,6.41,6.46,5694848,ACB
2017-12-29,6.49,6.55,6.39,6.48,4466849,ACB
2018-01-02,6.49,6.99,6.62,6.81,3657426,ACB
2018-01-03,6.81,6.86,6.66,6.79,5056543,ACB
2018-01-04,6.79,6.85,6.76,6.81,6365641,ACB
2018-01-05,6.84,6.93,6.74,6.81,6453452,ACB
2018-01-08,6.81,7.16,6.93,7.04,3879771,ACB
2018-01-09,7.06,7.2,6.9,7.07,4745410,ACB
2018-01-10,7.11,7.11,6.88,6.98,4638024,ACB
2018-01-11,6.98,7.11,6.93,7.02,4924236,ACB
2018-01-12,7.02,6.97,6.74,6.86,7568499,ACB
2018-01-15,6.86,6.92,6.75,6.84,3366618,ACB
2018-01-16,6.84,6.89,6.75,6.81,3387031,ACB
2018-01-17,6.81,6.94,6.68,6.84,4081715,ACB
2018-01-18,6.72,7.07,6.85,6.93,3733257,ACB
2018-01-19,6.95,7.05,6.84,6.93,4677507,ACB
2018-01-22,6.93,7.13,6.95,7.06,4545380,ACB
2018-01-23,7.11,7.33,7.05,7.26,7923102,ACB
2018-01-24,7.32,7.32,7.11,7.21,4139581,ACB
2018-01-25,7.23,7.49,7.07,7.34,8429425,ACB
2018-01-26,7.37,7.49,7.28,7.39,4970555,ACB
2018-01-29,7.37,7.46,7.3,7.37,4937869,ACB
2018-01-30,7.35,7.36,7.24,7.3,3927399,ACB
2018-01-31,7.3,7.39,7.21,7.32,6436073,ACB
2018-02-01,7.32,7.3,7.09,7.2,6434280,ACB
2018-02-02,7.2,7.35,7.21,7.28,3810505,ACB
2018-02-05,7.3,7.19,6.81,7.02,5066909,ACB
2018-02-06,6.77,7.24,6.62,6.83,7329750,ACB
2018-02-07,6.86,7.37,6.88,7.14,2625378,ACB
2018-02-08,7.14,7.11,6.81,6.93,2011871,ACB
2018-02-09,6.4,7.26,6.59,7.0,3861562,ACB
2018-02-12,7.14,7.52,7.28,7.37,2149455,ACB
2018-02-13,7.46,7.83,7.46,7.67,5453039,ACB
2018-02-21,7.67,7.9,7.62,7.81,3300915,ACB
2018-02-22,7.86,7.85,7.66,7.76,3505413,ACB
2018-02-23,7.76,7.93,7.74,7.84,4133818,ACB
2018-02-26,7.86,8.1,7.86,7.95,10048941,ACB
2018-02-27,7.97,8.23,8.0,8.14,4107205,ACB
2018-02-28,8.16,8.34,8.05,8.25,4274179,ACB
2018-03-01,8.25,8.23,7.92,8.07,5379316,ACB
2018-03-02,8.07,8.31,8.04,8.16,5264337,ACB
2018-03-05,8.16,7.84,7.32,7.72,6171135,ACB
2018-03-06,7.72,8.2,7.84,8.06,4279645,ACB
2018-03-07,8.07,8.07,7.81,7.93,5017215,ACB
2018-03-08,8.04,8.03,7.89,7.95,4041111,ACB
2018-03-09,7.98,8.29,8.03,8.21,4829484,ACB
2018-03-12,8.25,8.6,8.32,8.53,4944538,ACB
2018-03-13,8.55,8.74,8.52,8.63,3683159,ACB
2018-03-14,8.86,8.92,8.57,8.63,2974601,ACB
2018-03-15,8.65,8.73,8.55,8.67,4032484,ACB
2018-03-16,8.74,8.94,8.73,8.85,4163554,ACB
2018-03-19,8.95,9.2,9.01,9.07,4889388,ACB
2018-03-20,9.17,9.46,9.17,9.34,4552573,ACB
2018-03-21,9.34,9.39,9.14,9.25,6287554,ACB
2018-03-22,9.25,9.22,8.97,9.07,5892543,ACB
2018-03-23,9.07,9.14,8.65,8.88,6436238,ACB
2018-03-26,8.88,9.3,8.97,9.13,2814607,ACB
2018-03-27,9.19,9.26,9.05,9.17,3305080,ACB
2018-03-28,9.15,9.15,8.98,9.05,2276552,ACB
2018-03-29,9.11,9.05,8.94,9.0,2039780,ACB
2018-03-30,8.88,9.09,8.91,9.02,2092042,ACB
2018-04-02,9.03,9.71,9.24,9.5,4372662,ACB
2018-04-03,9.5,9.54,9.35,9.46,3577394,ACB
2018-04-04,9.46,9.56,9.39,9.48,3555414,ACB
2018-04-05,9.5,9.69,9.54,9.61,3934100,ACB
2018-04-06,9.63,9.96,9.65,9.83,5500996,ACB
2018-04-09,9.85,9.97,9.76,9.86,3474752,ACB
2018-04-10,9.88,9.9,9.61,9.75,4550311,ACB
2018-04-11,9.75,9.65,9.25,9.42,6377260,ACB
2018-04-12,9.28,9.83,9.48,9.63,3604332,ACB
2018-04-13,9.65,9.59,9.21,9.36,3102131,ACB
2018-04-16,9.34,9.49,9.22,9.38,2787061,ACB
2018-04-17,9.38,9.66,9.43,9.56,3122300,ACB
2018-04-18,9.56,9.55,9.25,9.44,3237045,ACB
2018-04-19,9.27,9.39,9.04,9.21,4945285,ACB
2018-04-20,9.27,9.35,9.18,9.28,3450025,ACB
2018-04-23,9.34,9.1,8.21,8.59,8144218,ACB
2018-04-24,8.61,8.74,8.32,8.57,3660608,ACB
2018-04-26,8.59,8.2,7.47,7.84,7285702,ACB
2018-04-27,7.06,8.69,7.23,8.18,4667596,ACB
2018-05-02,8.3,8.24,7.93,8.11,2669126,ACB
2018-05-03,7.64,8.77,7.93,8.4,3695726,ACB
2018-05-04,8.4,8.51,8.31,8.42,2929704,ACB
2018-05-07,8.44,9.14,8.67,8.88,4340830,ACB
2018-05-08,8.88,8.85,8.68,8.76,2703990,ACB
2018-05-09,8.76,8.67,8.42,8.57,2964394,ACB
2018-05-10,8.57,8.39,7.86,8.18,4538604,ACB
2018-05-11,8.18,8.8,8.26,8.49,3944111,ACB
2018-05-14,8.51,8.64,8.43,8.55,1239598,ACB
2018-05-15,8.61,8.7,8.45,8.59,2883487,ACB
2018-05-16,8.55,9.26,8.14,8.3,3938151,ACB
2018-05-17,8.2,8.39,8.18,8.28,2023797,ACB
2018-05-18,8.28,8.44,7.99,8.26,2708148,ACB
2018-05-21,8.32,8.22,8.01,8.15,1908680,ACB
2018-05-22,8.11,8.09,7.73,7.93,4833825,ACB
2018-05-23,7.95,8.14,7.89,8.01,2846035,ACB
2018-05-24,8.05,8.0,7.85,7.92,1360084,ACB
2018-05-25,7.92,7.85,7.55,7.72,3370106,ACB
2018-05-28,7.62,7.37,6.66,6.99,6642188,ACB
2018-05-29,6.29,7.9,6.5,7.59,4694583,ACB
2018-05-30,7.62,7.55,7.29,7.41,3049815,ACB
2018-05-31,7.41,7.86,7.51,7.72,3560671,ACB
2018-06-01,7.72,7.98,7.63,7.82,5402896,ACB
2018-06-04,7.72,8.31,7.81,8.11,5546226,ACB
2018-06-05,8.11,8.17,7.98,8.05,4692768,ACB
2018-06-06,8.05,8.6,8.16,8.36,5668743,ACB
2018-06-07,8.36,8.32,8.09,8.18,5212644,ACB
2018-06-08,8.18,8.44,8.22,8.32,3702961,ACB
2018-06-11,8.34,8.35,8.06,8.22,4129106,ACB
2018-06-12,8.49,8.53,7.84,8.03,6941376,ACB
2018-06-13,8.05,8.14,7.91,8.01,2338458,ACB
2018-06-14,8.01,7.96,7.7,7.84,3797018,ACB
2018-06-15,7.88,8.08,7.8,7.97,3289834,ACB
2018-06-18,7.99,7.91,7.52,7.68,5078608,ACB
2018-06-19,7.68,7.87,7.3,7.53,8643727,ACB
2018-06-20,7.53,7.72,7.48,7.61,2915611,ACB
2018-06-21,7.62,7.55,7.28,7.37,1583386,ACB
2018-06-22,7.36,7.81,7.41,7.61,2637598,ACB
2018-06-25,7.55,7.64,7.24,7.59,2808160,ACB
2018-06-26,7.59,7.59,7.41,7.47,2232783,ACB
2018-06-27,7.53,7.4,7.08,7.24,2689583,ACB
2018-06-28,7.24,7.11,6.81,6.97,5075935,ACB
2018-06-29,6.99,7.02,6.78,6.87,3031531,ACB
2018-07-02,6.87,6.8,6.26,6.43,6858520,ACB
2018-07-03,6.45,6.28,5.65,5.98,7375018,ACB
2018-07-04,5.89,6.33,6.03,6.18,4127586,ACB
2018-07-05,6.04,6.0,5.53,5.77,4948503,ACB
2018-07-06,5.6,6.59,5.83,6.33,7854475,ACB
2018-07-09,6.37,6.47,6.22,6.37,4587386,ACB
2018-07-10,6.37,6.66,6.4,6.54,3244193,ACB
2018-07-11,6.45,6.43,5.95,6.16,7023863,ACB
2018-07-12,6.76,6.81,6.21,6.39,4150902,ACB
2018-07-13,6.39,6.68,6.0,6.6,3940996,ACB
2018-07-16,6.66,6.76,6.56,6.66,3769038,ACB
2018-07-17,6.93,7.1,6.7,6.87,5135363,ACB
2018-07-18,6.95,7.09,6.8,6.99,4359010,ACB
2018-07-19,6.99,6.94,6.74,6.83,6338767,ACB
2018-07-20,6.83,7.1,6.68,7.1,8925712,ACB
2018-07-23,7.12,6.99,6.74,6.89,4970456,ACB
2018-07-24,6.89,7.2,6.63,6.8,4390214,ACB
2018-07-25,7.24,7.02,6.36,6.56,4478560,ACB
2018-07-26,5.91,6.96,5.97,6.72,6326835,ACB
2018-07-27,6.76,6.95,6.75,6.87,4283058,ACB
2018-07-30,6.89,7.04,6.87,6.97,3446870,ACB
2018-07-31,6.95,7.05,6.87,6.91,4169999,ACB
2018-08-01,6.91,6.94,6.75,6.85,3370615,ACB
2018-08-02,6.85,6.96,6.78,6.85,4547726,ACB
2018-08-03,6.91,6.94,6.76,6.85,3765836,ACB
2018-08-06,6.85,6.89,6.72,6.8,2378607,ACB
2018-08-07,6.81,6.92,6.74,6.85,3340719,ACB
2018-08-08,6.87,7.18,6.94,7.08,6086041,ACB
2018-08-09,7.08,7.18,7.01,7.1,6024097,ACB
2018-08-10,7.1,7.31,7.09,7.2,4939666,ACB
2018-08-13,7.2,7.46,7.2,7.36,7344210,ACB
2018-08-14,7.41,7.33,7.16,7.24,3333384,ACB
2018-08-15,7.28,7.24,7.01,7.14,6050256,ACB
2018-08-16,7.1,7.24,7.01,7.1,6703679,ACB
2018-08-17,7.1,7.18,7.03,7.1,3162682,ACB
2018-08-20,7.12,7.17,7.01,7.08,3250515,ACB
2018-08-21,7.08,7.44,7.2,7.32,5164728,ACB
2018-08-22,7.34,7.36,7.22,7.3,4526943,ACB
2018-08-23,7.32,7.44,7.32,7.37,3014955,ACB
2018-08-24,7.37,7.62,7.35,7.49,7614923,ACB
2018-08-27,7.53,7.56,7.42,7.49,3180882,ACB
2018-08-28,7.51,7.55,7.48,7.51,5158953,ACB
2018-08-29,7.59,7.67,7.53,7.59,4615659,ACB
2018-08-30,7.61,7.72,7.62,7.66,4212097,ACB
2018-08-31,7.66,7.61,7.46,7.55,4286128,ACB
2018-09-04,7.51,7.43,7.2,7.34,5963473,ACB
2018-09-05,7.32,7.39,7.17,7.26,4808542,ACB
2018-09-06,7.55,7.52,7.17,7.26,3164832,ACB
2018-09-07,7.26,7.49,7.33,7.41,2485961,ACB
2018-09-10,7.41,7.37,6.79,7.28,3148899,ACB
2018-09-11,7.26,7.37,7.26,7.33,3898476,ACB
2018-09-12,7.37,7.34,7.25,7.3,2964205,ACB
2018-09-13,7.33,7.52,7.32,7.41,6398577,ACB
2018-09-14,7.41,7.52,7.41,7.48,4140257,ACB
2018-09-17,7.48,7.44,7.33,7.37,1908269,ACB
2018-09-18,7.33,7.52,7.39,7.44,2411600,ACB
2018-09-19,7.46,7.5,7.39,7.44,2798730,ACB
2018-09-20,7.44,7.57,7.46,7.5,3473652,ACB
2018-09-21,7.52,7.68,7.55,7.64,7293427,ACB
2018-09-24,7.66,7.66,7.58,7.61,2805624,ACB
2018-09-25,7.59,7.61,7.48,7.55,3999558,ACB
2018-09-26,7.55,7.59,7.45,7.52,2915363,ACB
2018-09-27,7.52,7.56,7.47,7.52,2942652,ACB
2018-09-28,7.55,7.65,7.51,7.57,3783478,ACB
2018-10-01,7.57,7.55,7.4,7.48,3222310,ACB
2018-10-02,7.48,7.48,7.3,7.39,5220366,ACB
2018-10-03,7.55,7.54,7.36,7.44,1954922,ACB
2018-10-04,7.44,7.6,7.45,7.55,3180913,ACB
2018-10-05,7.55,7.51,7.38,7.46,4183777,ACB
2018-10-08,7.44,7.54,7.43,7.48,2175364,ACB
2018-10-09,7.48,7.52,7.45,7.48,3010019,ACB
2018-10-10,7.48,7.51,7.42,7.46,2803041,ACB
2018-10-11,7.39,7.23,6.6,6.88,9392018,ACB
2018-10-12,6.79,7.24,6.79,7.1,4923922,ACB
2018-10-15,7.15,7.03,6.77,6.88,2403128,ACB
2018-10-16,6.88,6.99,6.88,6.95,1942897,ACB
2018-10-17,7.04,7.07,6.93,6.99,2292759,ACB
2018-10-18,6.99,6.95,6.82,6.88,1691619,ACB
2018-10-19,6.86,7.1,6.7,6.88,2186199,ACB
2018-10-22,6.88,6.88,6.77,6.84,1648420,ACB
2018-10-23,6.84,6.72,6.44,6.57,4059421,ACB
2018-10-24,6.57,6.6,6.38,6.5,3420367,ACB
2018-10-25,6.42,6.67,6.26,6.42,5147562,ACB
2018-10-26,6.46,6.49,6.15,6.28,2884427,ACB
2018-10-29,6.28,6.28,6.08,6.22,3999762,ACB
2018-10-30,6.22,6.46,6.17,6.33,3626018,ACB
2018-10-31,6.35,6.9,6.52,6.73,4795396,ACB
2018-11-01,6.73,6.66,6.38,6.5,2904172,ACB
2018-11-02,6.55,6.84,6.64,6.75,4366028,ACB
2018-11-05,6.75,6.82,6.62,6.7,3088300,ACB
2018-11-06,6.7,6.66,6.44,6.53,2657882,ACB
2018-11-07,6.55,6.59,6.43,6.5,2944403,ACB
2018-11-08,6.59,6.6,6.44,6.53,2607660,ACB
2018-11-09,6.53,6.48,6.29,6.37,2981239,ACB
2018-11-12,6.37,6.42,6.3,6.37,1775059,ACB
2018-11-13,6.35,6.35,6.22,6.28,2753099,ACB
2018-11-14,6.26,6.26,6.02,6.13,3291576,ACB
2018-11-15,6.02,6.2,5.98,6.1,2698586,ACB
2018-11-16,6.1,6.47,6.16,6.33,3519615,ACB
2018-11-19,6.28,6.48,6.33,6.44,2238672,ACB
2018-11-20,6.44,6.47,6.38,6.42,2168097,ACB
2018-11-21,6.35,6.49,6.33,6.42,2458849,ACB
2018-11-22,6.64,6.66,6.44,6.53,4403748,ACB
2018-11-23,6.55,6.48,6.37,6.44,2688110,ACB
2018-11-26,6.33,6.5,6.36,6.46,1633057,ACB
2018-11-27,6.46,6.47,6.31,6.39,2599848,ACB
2018-11-28,5.95,6.61,6.01,6.53,3171523,ACB
2018-11-29,6.55,6.6,6.49,6.55,3544622,ACB
2018-11-30,6.1,6.69,6.11,6.62,2971296,ACB
2018-12-03,6.64,7.09,6.77,6.95,4691062,ACB
2018-12-04,6.95,7.04,6.86,6.9,2802120,ACB
2018-12-05,6.86,6.98,6.8,6.88,3447060,ACB
2018-12-06,6.84,6.91,6.75,6.84,3345040,ACB
2018-12-07,6.86,6.86,6.71,6.79,2288776,ACB
2018-12-10,6.77,6.87,6.64,6.77,2669530,ACB
2018-12-11,6.1,6.88,6.1,6.79,2484639,ACB
2018-12-12,6.73,6.9,6.76,6.86,1157684,ACB
2018-12-13,6.88,6.86,6.77,6.82,1772531,ACB
2018-12-14,6.82,6.78,6.71,6.75,2099130,ACB
2018-12-17,6.73,6.64,6.46,6.57,2746380,ACB
2018-12-18,6.53,6.63,6.5,6.57,2694145,ACB
2018-12-19,7.22,7.26,6.52,6.57,1319853,ACB
2018-12-20,6.53,6.6,6.52,6.57,1170804,ACB
2018-12-21,6.55,6.58,6.49,6.53,1670803,ACB
2018-12-24,6.22,6.52,6.19,6.44,2237789,ACB
2018-12-25,6.39,6.47,6.31,6.39,4310235,ACB
2018-12-26,5.77,6.43,5.77,6.37,1518665,ACB
2018-12-27,6.53,6.6,6.45,6.53,2409678,ACB
2018-12-28,6.55,6.66,6.53,6.57,2193351,ACB
2019-01-02,6.57,6.56,6.41,6.48,1103106,ACB
2019-01-03,5.84,6.38,5.76,6.24,1956382,ACB
2019-01-04,6.22,6.41,6.21,6.28,2771983,ACB
2019-01-07,6.42,6.4,6.31,6.37,1305819,ACB
2019-01-08,6.97,6.95,6.31,6.33,846226,ACB
2019-01-09,6.35,6.5,6.36,6.44,2196358,ACB
2019-01-10,6.44,6.44,6.4,6.42,1378687,ACB
2019-01-11,6.44,6.44,6.38,6.42,1250077,ACB
2019-01-14,6.39,6.4,6.36,6.37,937155,ACB
2019-01-15,6.26,6.49,5.91,6.46,901146,ACB
2019-01-16,6.46,6.46,6.35,6.39,509354,ACB
2019-01-17,6.42,6.45,6.38,6.42,737519,ACB
2019-01-18,6.44,6.42,6.28,6.35,1412966,ACB
2019-01-21,6.37,6.7,6.41,6.55,2079830,ACB
2019-01-22,6.59,6.54,6.39,6.46,1845725,ACB
2019-01-23,6.44,6.49,6.43,6.46,1160094,ACB
2019-01-24,6.48,6.54,6.43,6.48,1743450,ACB
2019-01-25,6.62,6.59,6.43,6.48,836534,ACB
2019-01-28,6.48,6.48,6.2,6.42,997088,ACB
2019-01-29,6.39,6.5,6.41,6.44,1091518,ACB
2019-01-30,6.88,6.88,6.44,6.5,1565464,ACB
2019-01-31,6.57,6.58,6.47,6.53,1674668,ACB
2019-02-01,6.53,6.59,6.52,6.55,781100,ACB
2019-02-11,6.62,6.92,6.63,6.7,1713857,ACB
2019-02-12,6.7,6.81,6.72,6.77,2059630,ACB
2019-02-13,6.79,6.82,6.73,6.77,2093177,ACB
2019-02-14,6.77,6.73,6.64,6.68,1357835,ACB
2019-02-15,6.68,6.77,6.68,6.7,2176902,ACB
2019-02-18,6.7,6.77,6.7,6.75,1908779,ACB
2019-02-19,6.77,6.74,6.68,6.73,2754758,ACB
2019-02-20,6.73,6.79,6.72,6.75,1693486,ACB
2019-02-21,6.75,6.75,6.62,6.68,2970459,ACB
2019-02-22,6.7,6.85,6.67,6.77,3974330,ACB
2019-02-25,6.82,6.96,6.76,6.88,3874034,ACB
2019-02-26,6.84,6.92,6.79,6.84,2277127,ACB
2019-02-27,6.84,6.84,6.75,6.79,1544839,ACB
2019-02-28,6.84,6.73,6.49,6.59,3793504,ACB
2019-03-01,6.62,6.71,6.58,6.66,1478830,ACB
2019-03-04,6.66,6.83,6.7,6.75,3120806,ACB
2019-03-05,6.75,6.79,6.66,6.73,2465893,ACB
2019-03-06,6.7,6.78,6.69,6.73,1178516,ACB
2019-03-07,6.75,6.8,6.72,6.77,3301746,ACB
2019-03-08,6.75,6.78,6.7,6.73,1416810,ACB
2019-03-11,6.73,6.82,6.73,6.75,1032198,ACB
2019-03-12,6.77,6.96,6.82,6.86,2504257,ACB
2019-03-13,6.9,7.05,6.87,6.97,5473410,ACB
2019-03-14,6.97,7.08,6.93,6.99,2333220,ACB
2019-03-15,7.02,7.09,6.97,7.04,2649931,ACB
2019-03-18,7.06,7.13,7.02,7.08,3739699,ACB
2019-03-19,7.1,7.04,6.87,6.95,2828856,ACB
2019-03-20,6.97,6.96,6.8,6.88,3143264,ACB
2019-03-21,6.88,6.86,6.64,6.75,2939770,ACB
2019-03-22,6.75,6.81,6.74,6.77,1819172,ACB
2019-03-25,6.75,6.77,6.66,6.68,2275202,ACB
2019-03-26,6.7,6.75,6.69,6.73,1540206,ACB
2019-03-27,6.75,6.8,6.71,6.75,856984,ACB
2019-03-28,6.75,6.76,6.69,6.73,1366727,ACB
2019-03-29,6.73,6.76,6.69,6.73,1915257,ACB
2019-04-01,6.73,6.74,6.7,6.73,751744,ACB
2019-04-02,6.77,6.77,6.68,6.73,1184570,ACB
2019-04-03,6.77,6.76,6.63,6.68,1394796,ACB
2019-04-04,6.64,6.74,6.65,6.7,1091143,ACB
2019-04-05,6.7,6.74,6.68,6.7,767879,ACB
2019-04-08,6.7,6.9,6.75,6.84,2224599,ACB
2019-04-09,6.84,6.81,6.7,6.77,1801683,ACB
2019-04-10,6.73,6.72,6.66,6.7,868574,ACB
2019-04-11,6.79,6.81,6.7,6.73,905666,ACB
2019-04-12,6.7,6.74,6.68,6.7,1051329,ACB
2019-04-16,6.7,6.7,6.62,6.66,1328836,ACB
2019-04-17,6.68,6.69,6.6,6.64,688254,ACB
2019-04-18,6.5,6.64,6.49,6.59,1019057,ACB
2019-04-19,6.62,6.6,6.54,6.57,599302,ACB
2019-04-22,6.59,6.59,6.46,6.5,1362678,ACB
2019-04-23,6.53,6.68,6.5,6.57,1651748,ACB
2019-04-24,6.59,6.78,6.62,6.68,1062284,ACB
2019-04-25,6.68,6.71,6.6,6.66,745480,ACB
2019-04-26,6.66,6.72,6.65,6.68,1123078,ACB
2019-05-02,6.7,6.67,6.54,6.59,1134878,ACB
2019-05-03,6.62,6.69,6.64,6.66,1115126,ACB
2019-05-06,6.66,6.62,6.49,6.53,1381176,ACB
2019-05-07,6.66,6.67,6.5,6.55,869471,ACB
2019-05-08,6.5,6.61,6.5,6.55,1019991,ACB
2019-05-09,6.53,6.51,6.42,6.46,603773,ACB
2019-05-10,6.46,6.55,6.46,6.5,646916,ACB
2019-05-13,6.53,6.54,6.45,6.48,913337,ACB
2019-05-14,6.48,6.53,6.44,6.46,1601854,ACB
2019-05-15,6.46,6.61,6.48,6.55,1290890,ACB
2019-05-16,6.57,6.54,6.46,6.5,1467241,ACB
2019-05-17,6.5,6.51,6.46,6.48,852070,ACB
2019-05-20,6.5,6.54,6.45,6.5,675438,ACB
2019-05-21,6.53,6.57,6.48,6.53,1385291,ACB
2019-05-22,6.53,6.61,6.5,6.57,1274690,ACB
2019-05-23,6.64,6.67,6.52,6.55,630966,ACB
2019-05-24,6.04,6.54,6.03,6.48,891367,ACB
2019-05-27,6.46,6.48,6.43,6.44,911886,ACB
2019-05-28,6.44,6.46,6.4,6.42,941132,ACB
2019-05-29,6.42,6.56,6.45,6.48,1083726,ACB
2019-05-30,6.46,6.49,6.44,6.46,725399,ACB
2019-05-31,6.44,6.49,6.4,6.44,1025615,ACB
2019-06-03,6.37,6.41,6.32,6.37,1150302,ACB
2019-06-04,6.37,6.41,6.32,6.35,870018,ACB
2019-06-05,6.35,6.45,6.38,6.42,1056785,ACB
2019-06-06,6.42,6.4,6.29,6.33,912088,ACB
2019-06-07,6.33,6.41,6.34,6.37,282088,ACB
2019-06-10,6.37,6.38,6.31,6.35,463155,ACB
2019-06-11,6.35,6.37,6.35,6.35,563995,ACB
2019-06-12,6.35,6.35,6.3,6.33,557708,ACB
2019-06-13,6.33,6.37,6.33,6.35,846792,ACB
2019-06-14,6.35,6.4,6.32,6.37,1047441,ACB
2019-06-17,6.37,6.41,6.34,6.37,896432,ACB
2019-06-18,6.37,6.46,6.39,6.42,769216,ACB
2019-06-19,6.42,6.44,6.38,6.42,506197,ACB
2019-06-20,6.42,6.65,6.47,6.57,1436398,ACB
2019-06-21,6.57,6.61,6.48,6.55,826692,ACB
2019-06-24,6.55,6.59,6.53,6.55,1421227,ACB
2019-06-25,6.55,6.58,6.44,6.48,1331315,ACB
2019-06-26,6.44,6.46,6.42,6.44,389568,ACB
2019-06-27,6.44,6.42,6.31,6.35,873525,ACB
2019-06-28,6.35,6.48,6.39,6.42,670700,ACB
2019-07-01,6.53,6.53,6.44,6.48,640739,ACB
2019-07-02,6.48,6.45,6.39,6.42,388434,ACB
2019-07-03,6.44,6.45,6.36,6.39,643573,ACB
2019-07-04,6.42,6.52,6.43,6.48,925764,ACB
2019-07-05,6.5,6.5,6.44,6.48,799873,ACB
2019-07-08,6.48,6.51,6.4,6.44,428679,ACB
2019-07-09,6.44,6.66,6.48,6.62,2778824,ACB
2019-07-10,6.62,6.63,6.54,6.57,1121395,ACB
2019-07-11,6.57,6.76,6.58,6.7,2082872,ACB
2019-07-12,6.73,6.72,6.63,6.68,888185,ACB
2019-07-15,6.68,6.69,6.63,6.66,933272,ACB
2019-07-16,6.66,6.74,6.66,6.7,1196262,ACB
2019-07-17,6.7,6.87,6.72,6.82,2508774,ACB
2019-07-18,6.75,6.87,6.74,6.84,1601573,ACB
2019-07-19,7.1,7.1,6.83,6.93,2877999,ACB
2019-07-22,7.61,7.6,6.81,6.88,1903199,ACB
2019-07-23,6.88,6.89,6.8,6.84,1951764,ACB
2019-07-24,6.84,6.92,6.74,6.82,3961188,ACB
2019-07-25,6.87,6.96,6.84,6.84,2097782,ACB
2019-07-26,6.87,6.87,6.72,6.75,1052101,ACB
2019-07-29,6.7,6.75,6.61,6.64,1258626,ACB
2019-07-30,6.58,6.72,6.58,6.61,1100105,ACB
2019-07-31,6.67,6.67,6.55,6.58,893714,ACB
2019-08-01,6.55,6.64,6.46,6.49,1903052,ACB
2019-08-02,6.49,6.52,6.35,6.44,1774559,ACB
2019-08-05,6.44,6.44,6.29,6.35,2538864,ACB
2019-08-06,5.92,6.32,5.92,6.26,1820835,ACB
2019-08-07,6.29,6.35,6.23,6.23,1031673,ACB
2019-08-08,5.94,6.35,5.77,6.35,1066927,ACB
2019-08-09,6.18,6.44,6.18,6.32,726110,ACB
2019-08-12,6.35,6.35,6.29,6.35,578401,ACB
2019-08-13,6.32,6.35,6.23,6.32,574727,ACB
2019-08-14,6.35,6.41,6.26,6.26,906910,ACB
2019-08-15,6.26,6.26,6.15,6.26,1470311,ACB
2019-08-16,6.32,6.38,6.2,6.32,1536110,ACB
2019-08-19,6.35,6.44,6.32,6.35,1209980,ACB
2019-08-20,6.38,6.44,6.38,6.41,1318890,ACB
2019-08-21,6.41,6.46,6.38,6.44,2791144,ACB
2019-08-22,6.49,6.58,6.46,6.55,1653260,ACB
2019-08-23,6.55,6.58,6.46,6.52,815330,ACB
2019-08-26,6.49,6.49,6.38,6.49,1015427,ACB
2019-08-27,6.46,6.52,6.44,6.49,1016097,ACB
2019-08-28,6.46,6.49,6.41,6.41,513225,ACB
2019-08-29,6.44,6.46,6.35,6.38,636900,ACB
2019-08-30,6.44,6.49,6.38,6.41,544010,ACB
2019-09-03,6.41,6.46,6.32,6.38,484897,ACB
2019-09-04,6.38,6.38,6.29,6.35,365320,ACB
2019-09-05,6.38,6.38,6.32,6.35,625327,ACB
2019-09-06,6.35,6.38,6.26,6.32,516662,ACB
2019-09-09,6.29,6.35,6.26,6.32,369511,ACB
2019-09-10,6.32,6.32,6.23,6.26,821441,ACB
2019-09-11,6.26,6.29,6.23,6.29,429890,ACB
2019-09-12,6.32,6.41,6.29,6.41,622048,ACB
2019-09-13,6.44,6.52,6.38,6.52,1325067,ACB
2019-09-16,6.52,6.55,6.44,6.46,1238267,ACB
2019-09-17,6.46,6.46,6.38,6.44,1189898,ACB
2019-09-18,6.44,6.52,6.41,6.46,1542208,ACB
2019-09-19,6.46,6.7,6.44,6.67,3421555,ACB
2019-09-20,6.78,7.33,6.67,6.7,2535289,ACB
2019-09-23,6.7,6.81,6.67,6.72,2878182,ACB
2019-09-24,6.72,6.75,6.67,6.7,1324749,ACB
2019-09-25,6.67,6.7,6.61,6.64,1522720,ACB
2019-09-26,6.64,6.72,6.61,6.72,2320597,ACB
2019-09-27,7.22,7.22,6.7,6.7,2163685,ACB
2019-09-30,6.72,6.81,6.7,6.75,2304040,ACB
2019-10-01,6.75,6.84,6.72,6.84,1846967,ACB
2019-10-02,6.78,6.87,6.78,6.81,2160049,ACB
2019-10-03,6.78,6.81,6.72,6.81,1856827,ACB
2019-10-04,6.81,6.87,6.78,6.81,1582366,ACB
2019-10-07,6.81,6.81,6.7,6.7,1931392,ACB
2019-10-08,6.7,6.75,6.67,6.72,1159716,ACB
2019-10-09,6.75,6.84,6.72,6.84,1715656,ACB
2019-10-10,6.84,7.01,6.84,6.93,4857384,ACB
2019-10-11,6.93,6.98,6.9,6.93,1525076,ACB
2019-10-14,6.93,7.07,6.93,7.07,3538655,ACB
2019-10-15,7.07,7.1,7.01,7.04,2327203,ACB
2019-10-16,7.07,7.1,7.04,7.04,2073772,ACB
2019-10-17,7.01,7.04,6.96,7.04,1915729,ACB
2019-10-18,7.07,7.07,6.93,6.96,1865732,ACB
2019-10-21,6.93,6.98,6.75,6.75,2742188,ACB
2019-10-22,6.75,6.78,6.72,6.78,1660272,ACB
2019-10-23,6.78,6.84,6.78,6.78,983685,ACB
2019-10-24,6.81,6.81,6.75,6.81,921275,ACB
2019-10-25,6.81,6.81,6.75,6.81,1105479,ACB
2019-10-28,6.81,6.9,6.81,6.84,1090296,ACB
2019-10-29,6.87,6.9,6.81,6.84,1702377,ACB
2019-10-30,6.87,7.04,6.81,7.01,7431303,ACB
2019-10-31,7.01,7.04,6.49,6.96,1293107,ACB
2019-11-01,6.84,7.01,6.84,6.98,1907428,ACB
2019-11-04,6.98,7.13,6.98,7.1,3939389,ACB
2019-11-05,7.13,7.19,7.1,7.1,3578931,ACB
2019-11-06,7.16,7.16,7.07,7.1,2507149,ACB
2019-11-07,7.1,7.13,7.07,7.1,2102499,ACB
2019-11-08,7.19,7.24,7.1,7.16,3921492,ACB
2019-11-11,7.16,7.19,7.13,7.13,1719955,ACB
2019-11-12,7.13,7.13,7.07,7.13,1574994,ACB
2019-11-13,7.13,7.3,7.13,7.22,3575361,ACB
2019-11-14,7.22,7.24,7.07,7.07,2291325,ACB
2019-11-15,7.04,7.1,7.04,7.04,1652242,ACB
2019-11-18,7.04,7.07,6.93,6.96,2764302,ACB
2019-11-19,6.96,6.98,6.93,6.98,1398481,ACB
2019-11-20,7.01,7.01,6.9,6.9,1357644,ACB
2019-11-21,6.35,6.96,6.35,6.93,1782516,ACB
2019-11-22,6.93,6.93,6.67,6.7,3363603,ACB
2019-11-25,6.72,6.81,6.7,6.75,1949233,ACB
2019-11-26,6.78,6.84,6.78,6.81,577968,ACB
2019-11-27,6.81,6.84,6.7,6.7,952900,ACB
2019-11-28,6.72,6.72,6.58,6.61,1688171,ACB
2019-11-29,6.61,6.67,6.58,6.67,800193,ACB
2019-12-02,6.67,6.7,6.49,6.52,1640609,ACB
2019-12-03,6.55,6.61,6.46,6.52,1422078,ACB
2019-12-04,6.55,6.67,6.49,6.67,1314925,ACB
2019-12-05,6.7,6.7,6.61,6.64,1242216,ACB
2019-12-06,6.64,6.67,6.61,6.64,698762,ACB
2019-12-09,6.64,6.64,6.55,6.61,814425,ACB
2019-12-10,6.61,6.64,6.52,6.58,573899,ACB
2019-12-11,6.58,6.61,6.52,6.61,785569,ACB
2019-12-12,6.61,6.67,6.61,6.64,656342,ACB
2019-12-13,6.64,6.72,6.64,6.7,1445939,ACB
2019-12-16,6.7,6.7,6.64,6.64,951838,ACB
2019-12-17,6.64,6.64,6.58,6.58,940104,ACB
2019-12-18,6.55,6.58,6.49,6.49,1132793,ACB
2019-12-19,6.52,6.52,6.46,6.49,625416,ACB
2019-12-20,6.52,6.55,6.49,6.55,1043390,ACB
2019-12-23,6.55,6.64,6.55,6.58,1786089,ACB
2019-12-24,6.61,6.61,6.55,6.55,821359,ACB
2019-12-25,6.58,6.61,6.52,6.61,1121331,ACB
2019-12-26,6.58,6.58,6.52,6.52,893827,ACB
2019-12-27,6.52,6.55,6.49,6.55,906262,ACB
2019-12-30,6.55,6.61,6.52,6.55,1367912,ACB
2019-12-31,6.55,6.61,6.49,6.58,1649842,ACB
2019-12-27,6.52,6.55,6.49,6.55,906262,ACB
2019-12-30,6.55,6.61,6.52,6.55,1367912,ACB
2019-12-31,6.55,6.61,6.49,6.58,1649842,ACB
2020-01-02,6.58,6.64,6.55,6.64,1163109,ACB
2020-01-03,6.64,6.7,6.61,6.64,1055528,ACB
2020-01-06,6.64,6.64,6.49,6.49,1286035,ACB
2020-01-07,6.49,6.55,6.49,6.49,1050934,ACB
2020-01-08,6.49,6.49,6.35,6.38,2304937,ACB
2020-01-09,6.41,6.52,6.41,6.46,1422248,ACB
2020-01-10,6.49,6.67,6.49,6.55,2371501,ACB
2020-01-13,6.61,6.61,6.55,6.61,1523181,ACB
2020-01-14,6.61,6.78,6.61,6.78,2851982,ACB
2020-01-15,6.78,6.78,6.7,6.72,1158657,ACB
2020-01-16,6.72,6.93,6.72,6.9,2819687,ACB
2020-01-17,6.93,6.96,6.84,6.87,2706194,ACB
2020-01-20,6.87,7.13,6.87,7.01,4443379,ACB
2020-01-21,7.07,7.13,7.01,7.07,1775816,ACB
2020-01-22,7.1,7.1,7.01,7.07,1574379,ACB
2020-01-30,6.98,7.01,6.7,6.81,4250097,ACB
2020-01-31,6.78,6.87,6.61,6.64,4243264,ACB
2020-02-03,6.44,6.64,6.26,6.52,4430186,ACB
2020-02-04,6.61,6.7,6.49,6.7,2397062,ACB
2020-02-05,6.75,6.78,6.61,6.64,2790275,ACB
2020-02-06,6.67,6.93,6.64,6.93,2980981,ACB
2020-02-07,6.93,6.96,6.81,6.87,2007251,ACB
2020-02-10,6.87,6.9,6.75,6.81,1271190,ACB
2020-02-11,6.81,6.87,6.78,6.84,1862090,ACB
2020-02-12,6.87,7.42,6.87,7.39,10516207,ACB
2020-02-13,7.39,7.42,7.24,7.36,3773365,ACB
2020-02-14,7.36,7.73,7.36,7.62,8018099,ACB
2020-02-17,7.59,7.7,7.5,7.62,3764464,ACB
2020-02-18,7.62,7.82,7.59,7.68,6293208,ACB
2020-02-19,7.65,7.7,7.48,7.59,5091969,ACB
2020-02-20,7.59,7.79,7.53,7.62,5578717,ACB
2020-02-21,7.19,7.68,7.19,7.42,6333926,ACB
2020-02-24,7.36,7.39,6.87,6.93,10321149,ACB
2020-02-25,6.78,7.24,6.67,7.24,8279866,ACB
2020-02-26,7.22,7.24,7.01,7.1,4519324,ACB
2020-02-27,6.98,7.36,6.98,7.36,5309790,ACB
2020-02-28,6.64,7.3,6.64,7.27,5959642,ACB
2020-03-02,7.04,7.36,7.04,7.27,3629494,ACB
2020-03-03,7.39,7.48,7.3,7.39,6364207,ACB
2020-03-04,7.39,7.45,7.3,7.45,5047583,ACB
2020-03-05,7.5,7.62,7.33,7.39,5965022,ACB
2020-03-06,7.36,7.36,7.24,7.3,3959935,ACB
2020-03-09,7.13,7.13,6.64,6.72,16776046,ACB
2020-03-10,6.64,7.16,6.61,6.98,7582331,ACB
2020-03-11,7.01,7.04,6.64,6.75,7841324,ACB
2020-03-12,6.64,6.64,6.2,6.38,11082125,ACB
2020-03-13,6.2,6.49,5.92,6.35,9020091,ACB
2020-03-16,6.35,6.44,5.97,6.03,4614344,ACB
2020-03-17,6.0,6.18,5.8,6.09,6568088,ACB
2020-03-18,6.15,6.23,6.03,6.12,4944595,ACB
2020-03-19,6.06,6.15,5.97,6.09,4083896,ACB
2020-03-20,6.7,6.7,6.06,6.18,3341564,ACB
2020-03-23,6.12,6.18,5.57,5.57,10024177,ACB
2020-03-24,5.51,5.74,5.51,5.66,4315784,ACB
2020-03-25,5.77,6.0,5.77,5.92,4115341,ACB
2020-03-26,5.94,5.94,5.68,5.68,3631529,ACB
2020-03-27,5.68,5.8,5.63,5.68,3980631,ACB
2020-03-30,5.63,5.63,5.17,5.25,5925098,ACB
2020-03-31,5.25,5.43,5.02,5.14,4532153,ACB
2020-04-01,4.65,5.48,4.65,5.37,2761168,ACB
2020-04-03,5.22,5.6,5.22,5.51,3574343,ACB
2020-04-06,5.6,6.0,5.51,5.94,5757259,ACB
2020-04-07,6.06,6.06,5.77,5.86,4467621,ACB
2020-04-08,6.44,6.44,5.68,5.83,2331536,ACB
2020-04-09,6.41,6.41,5.77,5.77,4068966,ACB
2020-04-10,5.48,5.83,5.48,5.71,2517477,ACB
2020-04-13,5.17,5.89,5.17,5.77,1926793,ACB
2020-04-14,5.77,5.83,5.68,5.77,3167293,ACB
2020-04-15,5.77,5.97,5.77,5.83,3686239,ACB
2020-04-16,5.83,5.89,5.8,5.89,1895213,ACB
2020-04-17,5.92,6.09,5.92,6.06,4809341,ACB
2020-04-20,6.12,6.12,5.94,5.97,3064104,ACB
2020-04-21,5.94,5.94,5.68,5.71,6015799,ACB
2020-04-22,5.71,5.89,5.6,5.89,2637424,ACB
2020-04-23,5.92,6.0,5.86,5.86,2076603,ACB
2020-04-24,5.83,5.89,5.77,5.86,1264729,ACB
2020-04-27,5.86,5.94,5.77,5.8,1806851,ACB
2020-04-28,5.8,5.89,5.77,5.86,1246915,ACB
2020-04-29,5.86,5.92,5.83,5.92,1196049,ACB
2020-05-04,5.92,5.92,5.8,5.86,1193939,ACB
2020-05-05,5.83,5.89,5.83,5.86,1126770,ACB
2020-05-06,5.89,6.12,5.83,6.0,4453036,ACB
2020-05-07,6.03,6.12,6.0,6.12,2973997,ACB
2020-05-08,6.15,6.32,6.06,6.18,5995918,ACB
2020-05-11,6.32,6.32,6.18,6.26,4108808,ACB
2020-05-12,6.26,6.35,6.18,6.29,4057939,ACB
2020-05-13,6.35,6.35,6.2,6.26,3453900,ACB
2020-05-14,6.26,6.29,6.18,6.18,3827622,ACB
2020-05-15,6.2,6.41,6.18,6.26,6937907,ACB
2020-05-18,6.32,6.32,6.18,6.29,2771622,ACB
2020-05-19,6.35,6.49,6.35,6.41,5561531,ACB
2020-05-20,6.38,6.46,6.35,6.41,3116422,ACB
2020-05-21,6.41,6.55,6.32,6.46,4622625,ACB
2020-05-22,6.49,6.55,6.44,6.46,4841440,ACB
2020-05-25,6.49,6.55,6.44,6.52,3519682,ACB
2020-05-26,6.49,6.78,6.49,6.72,5267006,ACB
2020-05-27,6.78,6.84,6.58,6.58,6389497,ACB
2020-05-28,6.58,6.7,6.58,6.61,3568932,ACB
2020-05-29,6.61,6.64,6.55,6.61,2394358,ACB
2020-06-01,6.64,7.24,6.61,7.24,13859688,ACB
2020-06-02,7.36,7.65,7.16,7.16,10935462,ACB
2020-06-03,7.16,7.36,7.16,7.36,3758964,ACB
2020-06-04,7.39,7.42,7.27,7.3,5159832,ACB
2020-06-05,7.33,7.33,7.19,7.27,4025847,ACB
2020-06-08,7.27,7.5,7.27,7.33,6087882,ACB
2020-06-09,7.36,7.39,7.27,7.36,3531851,ACB
2020-06-10,7.36,7.48,7.27,7.39,6494275,ACB
2020-06-11,7.39,7.45,7.04,7.07,9172138,ACB
2020-06-12,6.93,7.07,6.75,7.07,6648375,ACB
2020-06-15,7.13,7.13,6.7,6.72,5885937,ACB
2020-06-16,6.81,6.98,6.81,6.87,4198360,ACB
2020-06-17,7.01,7.01,6.78,6.84,1599340,ACB
2020-06-18,6.84,6.9,6.75,6.87,1301526,ACB
2020-06-19,6.87,7.07,6.87,7.04,2334941,ACB
2020-06-22,7.04,7.13,6.93,6.96,2256643,ACB
2020-06-23,6.98,7.04,6.9,6.93,3282364,ACB
2020-06-24,6.93,7.01,6.84,6.87,3013466,ACB
2020-06-25,6.84,6.87,6.78,6.84,2500893,ACB
2020-06-26,6.87,6.93,6.81,6.81,1400341,ACB
2020-06-29,6.81,6.81,6.55,6.61,4353272,ACB
2020-06-30,6.64,6.72,6.46,6.58,3585625,ACB
2020-07-01,6.58,6.72,6.58,6.7,1676001,ACB
2020-07-02,6.7,6.75,6.64,6.67,1070089,ACB
2020-07-03,6.7,6.72,6.64,6.64,1271360,ACB
2020-07-06,6.64,6.84,6.64,6.81,3204367,ACB
2020-07-07,6.84,6.93,6.84,6.84,2389942,ACB
2020-07-08,6.81,6.93,6.81,6.9,1647694,ACB
2020-07-09,6.9,7.01,6.9,7.01,2248695,ACB
2020-07-10,7.01,7.04,6.87,6.93,2284971,ACB
2020-07-13,6.96,6.98,6.87,6.9,1840084,ACB
2020-07-14,6.9,6.96,6.84,6.93,1406915,ACB
2020-07-15,6.98,6.98,6.93,6.93,1570073,ACB
2020-07-16,6.98,6.98,6.9,6.93,903322,ACB
2020-07-17,6.96,7.22,6.93,7.16,7890281,ACB
2020-07-20,7.16,7.19,7.07,7.07,2622350,ACB
2020-07-21,7.07,7.1,6.98,7.1,2194410,ACB
2020-07-22,7.1,7.16,6.98,7.04,1726317,ACB
2020-07-23,7.04,7.04,6.93,6.98,1955757,ACB
2020-07-24,7.01,7.01,6.49,6.7,5532575,ACB
2020-07-27,6.03,6.61,6.03,6.29,6240477,ACB
2020-07-28,6.29,6.61,6.2,6.61,2598740,ACB
2020-07-29,6.55,6.58,6.23,6.41,4929532,ACB
2020-07-30,6.26,6.52,6.26,6.52,1914488,ACB
2020-07-31,6.55,6.55,6.38,6.49,2220749,ACB
2020-08-03,6.38,6.7,6.38,6.7,3044620,ACB
2020-08-04,6.72,6.9,6.72,6.84,2907562,ACB
2020-08-05,6.9,7.04,6.84,6.93,5472736,ACB
2020-08-06,6.96,6.96,6.84,6.87,1874899,ACB
2020-08-07,6.9,6.96,6.78,6.84,2150978,ACB
2020-08-10,6.84,6.96,6.84,6.87,2576760,ACB
2020-08-11,6.93,7.33,6.9,7.33,15333430,ACB
2020-08-12,7.45,7.48,7.27,7.33,6091725,ACB
2020-08-13,7.33,7.39,7.3,7.36,3803166,ACB
2020-08-14,7.36,7.36,7.22,7.3,6682494,ACB
2020-08-17,7.3,7.45,7.27,7.45,6222301,ACB
2020-08-18,7.5,7.53,7.39,7.39,4710796,ACB
2020-08-19,7.42,7.45,7.33,7.39,9263369,ACB
2020-08-20,7.73,7.95,7.5,7.8,19475136,ACB
2020-08-21,7.8,7.95,7.73,7.95,7392791,ACB
2020-08-24,7.95,8.07,7.88,7.88,6821518,ACB
2020-08-25,7.88,7.95,7.8,7.92,7801079,ACB
2020-08-26,7.92,7.99,7.84,7.95,6018699,ACB
2020-08-27,7.95,8.07,7.92,8.07,4863627,ACB
2020-08-28,8.1,8.18,7.99,8.03,6947593,ACB
2020-08-31,8.03,8.07,7.92,7.95,7008237,ACB
2020-09-01,7.95,7.99,7.88,7.92,7822064,ACB
2020-09-03,7.92,8.03,7.88,7.95,6080561,ACB
2020-09-04,7.88,7.95,7.8,7.92,4665691,ACB
2020-09-07,7.92,7.95,7.8,7.8,6067374,ACB
2020-09-08,7.8,7.84,7.73,7.73,12273484,ACB
2020-09-09,7.73,7.84,7.62,7.84,5021412,ACB
2020-09-10,7.84,7.95,7.84,7.84,3249267,ACB
2020-09-11,7.84,7.88,7.77,7.8,2350091,ACB
2020-09-14,7.8,7.99,7.8,7.95,5275848,ACB
2020-09-15,7.95,8.03,7.92,7.99,4632880,ACB
2020-09-16,7.95,7.99,7.92,7.95,2194115,ACB
2020-09-17,7.99,8.18,7.92,8.07,12323866,ACB
2020-09-18,8.07,8.14,8.03,8.14,3280690,ACB
2020-09-21,8.18,8.37,8.1,8.25,7244851,ACB
2020-09-22,8.25,8.37,8.14,8.37,8818518,ACB
2020-09-23,8.37,8.55,8.37,8.44,6511427,ACB
2020-09-24,8.4,8.48,8.25,8.33,5599785,ACB
2020-09-25,8.33,8.4,8.22,8.33,6416344,ACB
2020-09-28,8.33,8.55,8.33,8.48,8207740,ACB
2020-09-29,8.52,8.55,8.37,8.4,5923046,ACB
2020-09-30,8.4,8.44,8.33,8.44,3624221,ACB
2020-10-01,8.37,8.55,8.33,8.44,6510267,ACB
2020-10-02,8.4,8.82,8.4,8.63,23518516,ACB
2020-10-05,8.63,8.85,8.59,8.85,12875000,ACB
2020-10-06,8.85,9.08,8.85,9.0,10965000,ACB
2020-10-07,9.0,9.04,8.74,8.78,17681800,ACB
2020-10-08,8.7,8.89,8.63,8.7,13890500,ACB
2020-10-09,8.7,8.93,8.67,8.82,8717300,ACB
2020-10-12,8.89,8.93,8.74,8.74,8642000,ACB
2020-10-13,8.78,8.78,8.67,8.78,5319900,ACB
2020-10-14,8.82,9.04,8.78,9.0,20284500,ACB
2020-10-15,9.0,9.3,8.97,9.19,16334800,ACB
2020-10-16,9.19,9.38,9.08,9.27,8711000,ACB
2020-10-19,9.38,9.64,9.34,9.49,14148600,ACB
2020-10-20,9.53,9.6,9.38,9.49,11356300,ACB
2020-10-21,9.53,9.6,9.46,9.46,8864800,ACB
2020-10-22,9.49,9.76,9.38,9.6,9439500,ACB
2020-10-23,9.68,9.72,9.57,9.6,8023000,ACB
2020-10-26,9.6,9.68,9.3,9.3,11660700,ACB
2020-10-27,9.27,9.34,9.15,9.15,11720500,ACB
2020-10-28,9.15,9.19,8.89,8.93,14911600,ACB
2020-10-29,8.85,9.12,8.7,8.97,8510000,ACB
2020-10-30,9.04,9.12,8.93,9.04,4392700,ACB
2020-11-02,9.08,9.19,9.0,9.19,3775100,ACB
2020-11-03,9.19,9.46,9.19,9.38,7704400,ACB
2020-11-04,9.42,9.64,9.42,9.57,12599900,ACB
2020-11-05,9.57,9.64,9.34,9.34,8546200,ACB
2020-11-06,9.34,9.42,9.3,9.42,3669400,ACB
2020-11-09,9.42,9.57,9.42,9.53,5897700,ACB
2020-11-10,9.64,9.76,9.49,9.49,8852600,ACB
2020-11-11,9.49,9.57,9.46,9.53,4525100,ACB
2020-11-12,9.53,9.9,9.53,9.9,18943100,ACB
2020-11-13,9.9,10.02,9.87,9.94,6222800,ACB
2020-11-16,9.94,10.06,9.83,9.83,8979100,ACB
2020-11-17,9.83,10.2,9.83,10.2,16771100,ACB
2020-11-18,10.2,10.39,10.09,10.2,7919600,ACB
2020-11-19,10.24,10.32,10.13,10.2,6411600,ACB
2020-11-20,10.24,10.28,10.06,10.24,9590800,ACB
2020-11-23,10.32,10.36,10.13,10.24,10891200,ACB
2020-11-24,10.24,10.43,10.17,10.24,10353900,ACB
2020-11-25,10.24,10.36,10.17,10.24,6484600,ACB
2020-11-26,10.24,10.39,10.13,10.28,10030200,ACB
2020-11-27,10.32,10.36,10.2,10.2,5460400,ACB
2020-11-30,10.28,10.28,10.13,10.2,8939000,ACB
2020-12-01,10.2,10.24,10.06,10.24,9242900,ACB
2020-12-09,10.54,10.86,10.43,10.71,24200930,ACB
2020-12-10,10.8,10.8,10.47,10.49,9233750,ACB
2020-12-11,10.54,10.6,10.43,10.58,4459820,ACB
2020-12-14,10.62,10.69,10.54,10.58,7325960,ACB
2020-12-15,10.58,10.6,10.47,10.5,7305490,ACB
2020-12-16,10.52,10.67,10.5,10.6,10461450,ACB
2020-12-17,10.54,10.82,10.52,10.62,13567290,ACB
2020-12-18,10.67,10.75,10.62,10.66,11693630,ACB
2020-12-21,10.69,10.99,10.64,10.86,22481640,ACB
2020-12-22,10.86,10.88,10.73,10.79,7573290,ACB
2020-12-23,10.8,10.82,10.5,10.54,11216860,ACB
2020-12-24,10.54,10.62,9.94,10.24,15831250,ACB
2020-12-25,10.24,10.5,10.2,10.49,9194080,ACB
2020-12-28,10.62,10.62,10.37,10.43,6223680,ACB
2020-12-29,10.43,10.49,10.36,10.39,6501920,ACB
2020-12-30,10.41,10.58,10.41,10.43,6741290,ACB
2020-12-31,10.47,10.62,10.45,10.54,6774680,ACB
2021-01-04,10.71,10.82,10.69,10.75,10776300,ACB
2021-01-05,10.73,11.11,10.62,11.01,18693900,ACB
2021-01-06,11.14,11.48,10.99,11.22,15883900,ACB
2021-01-07,11.24,11.26,11.11,11.22,11636100,ACB
2021-01-08,11.24,11.41,11.18,11.33,15519300,ACB
2021-01-11,11.44,11.59,11.31,11.39,9821800,ACB
2021-01-12,11.35,11.37,11.24,11.29,9277600,ACB
2021-01-13,11.37,11.39,11.14,11.2,9915300,ACB
2021-01-14,11.22,11.22,10.96,11.2,8491200,ACB
2021-01-15,11.26,11.41,11.24,11.35,8184100,ACB
2021-01-18,11.39,11.44,11.22,11.24,8419100,ACB
2021-01-19,11.18,11.22,10.47,10.47,13077400,ACB
2021-01-20,10.5,10.62,9.87,10.62,12323000,ACB
2021-01-21,10.82,10.92,10.64,10.86,6535000,ACB
2021-01-22,10.84,10.92,10.69,10.75,5438100,ACB
2021-01-25,10.62,10.69,10.52,10.54,7683600,ACB
2021-01-26,10.52,10.75,10.32,10.43,8096200,ACB
2021-01-27,10.43,10.64,10.2,10.32,6387700,ACB
2021-01-28,9.76,10.02,9.6,9.6,15154800,ACB
2021-01-29,9.19,10.09,9.19,10.06,7621200,ACB
2021-02-01,10.06,10.28,9.87,10.0,7528200,ACB
2021-02-02,10.0,10.28,9.89,10.26,6544600,ACB
2021-02-03,10.26,10.58,10.2,10.54,7054500,ACB
2021-02-04,10.54,10.58,10.43,10.58,4250800,ACB
2021-02-05,10.58,10.75,10.56,10.69,5610600,ACB
2021-02-08,10.69,10.79,10.2,10.32,5755400,ACB
2021-02-09,10.32,10.71,10.24,10.71,5954800,ACB
2021-02-17,10.8,11.07,10.77,11.03,6855800,ACB
2021-02-18,11.03,11.05,10.8,10.94,5547900,ACB
2021-02-19,10.88,11.69,10.84,11.67,31184200,ACB
2021-02-22,11.8,12.08,11.67,11.86,12587300,ACB
2021-02-23,11.95,12.1,11.8,11.89,13951000,ACB
2021-02-24,11.89,11.95,11.63,11.71,18685200,ACB
2021-02-25,11.82,12.18,11.67,12.16,15014200,ACB
2021-02-26,11.97,12.51,11.97,12.4,13071400,ACB
2021-03-01,12.53,12.55,12.34,12.48,8464900,ACB
2021-03-02,12.53,12.55,12.31,12.38,9574100,ACB
2021-03-03,12.34,12.55,12.27,12.48,9072300,ACB
2021-03-04,12.53,12.53,12.02,12.16,9814000,ACB
2021-03-05,12.04,12.23,11.86,12.18,10157000,ACB
2021-03-08,12.19,12.27,11.84,11.93,16047000,ACB
2021-03-09,11.78,12.12,11.67,12.02,8819900,ACB
2021-03-10,12.04,12.46,11.97,12.29,12152700,ACB
2021-03-11,12.38,12.42,12.29,12.38,7124300,ACB
2021-03-12,12.38,12.4,12.25,12.36,5195500,ACB
2021-03-15,12.38,12.7,12.23,12.57,18052500,ACB
2021-03-16,12.53,12.64,12.4,12.55,6112900,ACB
2021-03-17,12.53,12.59,12.46,12.57,6246400,ACB
2021-03-18,12.72,12.85,12.57,12.74,10281900,ACB
2021-03-19,12.72,12.83,12.64,12.68,7108900,ACB
2021-03-22,12.78,12.79,12.51,12.53,8706000,ACB
2021-03-23,12.59,12.59,12.31,12.38,10347000,ACB
2021-03-24,12.16,12.29,12.02,12.18,9941600,ACB
2021-03-25,12.19,12.23,11.97,12.02,8322000,ACB
2021-03-26,12.01,12.18,11.76,12.18,7931700,ACB
2021-03-29,12.34,12.42,12.16,12.38,6981300,ACB
2021-03-30,12.42,12.57,12.29,12.49,8053200,ACB
2021-03-31,12.57,12.68,12.48,12.49,4986100,ACB
2021-04-01,12.55,12.7,12.49,12.7,10439300,ACB
2021-04-02,12.83,13.13,12.76,13.0,13979400,ACB
2021-04-05,13.17,13.24,12.98,13.04,7433500,ACB
2021-04-06,13.02,13.11,12.81,13.04,7565000,ACB
2021-04-07,12.94,13.02,12.87,12.91,6400900,ACB
2021-04-08,12.89,13.02,12.83,12.91,4687900,ACB
2021-04-09,12.89,12.98,12.83,12.91,5401500,ACB
2021-04-12,12.98,13.21,12.92,13.19,12513500,ACB
2021-04-13,13.26,13.32,12.91,12.98,8736000,ACB
2021-04-14,12.87,13.04,12.81,12.98,5073300,ACB
2021-04-15,13.0,13.02,12.68,12.7,9686700,ACB
2021-04-16,12.68,12.78,12.27,12.42,8403400,ACB
2021-04-19,12.57,12.66,12.31,12.64,4291900,ACB
2021-04-20,12.76,12.91,12.46,12.61,7166900,ACB
2021-04-22,12.57,12.61,12.19,12.19,7843500,ACB
2021-04-23,12.16,12.55,12.04,12.53,6687700,ACB
2021-04-26,12.53,12.53,12.23,12.49,7119100,ACB
2021-04-27,12.38,12.76,12.25,12.76,6393000,ACB
2021-04-28,12.57,12.87,12.53,12.68,5675200,ACB
2021-04-29,12.68,13.0,12.61,13.0,16646300,ACB
2021-05-04,12.76,13.04,12.57,12.92,9333200,ACB
2021-05-05,12.98,13.45,12.98,13.24,17558400,ACB
2021-05-06,13.24,13.26,13.0,13.06,7783800,ACB
2021-05-07,12.94,13.28,12.94,13.21,12059100,ACB
2021-05-10,13.22,13.64,13.21,13.58,13491300,ACB
2021-05-11,13.66,13.66,13.43,13.43,9777000,ACB
2021-05-12,13.34,13.56,13.28,13.56,8991300,ACB
2021-05-13,13.43,13.86,13.39,13.58,11724300,ACB
2021-05-14,13.66,13.77,13.53,13.68,6118400,ACB
2021-05-17,13.88,13.96,13.68,13.71,9278700,ACB
2021-05-18,13.73,13.73,13.47,13.6,7881100,ACB
2021-05-19,13.58,13.77,13.47,13.73,8143500,ACB
2021-05-20,13.73,14.07,13.73,14.03,12263200,ACB
2021-05-21,14.03,14.37,13.99,14.07,9146500,ACB
2021-05-24,14.2,14.2,13.98,14.07,7546600,ACB
2021-05-25,14.07,14.35,13.99,14.26,8757400,ACB
2021-05-26,14.28,14.5,14.28,14.43,9976000,ACB
2021-05-27,14.44,14.69,14.22,14.33,9551700,ACB
2021-05-28,14.35,14.6,14.28,14.6,9416000,ACB
2021-05-31,14.82,15.55,14.63,15.53,16030300,ACB
2021-06-01,15.94,16.1,15.76,15.8,11159800,ACB
2021-06-02,16.0,16.73,15.94,16.73,16009600,ACB
2021-06-03,17.37,17.37,16.73,17.22,12265700,ACB
2021-06-04,16.88,17.22,16.88,17.0,9488100,ACB
2021-06-07,16.85,16.85,15.85,16.13,18505000,ACB
2021-06-08,15.96,16.28,15.08,15.08,14322800,ACB
2021-06-09,15.08,15.98,15.01,15.93,12565100,ACB
2021-06-10,16.18,16.58,15.99,15.99,14000300,ACB
2021-06-11,16.13,16.46,15.85,16.25,9532300,ACB
2021-06-14,16.25,16.37,15.88,15.99,10946100,ACB
2021-06-15,15.99,16.98,15.71,16.58,18178200,ACB
2021-06-16,16.58,16.62,16.18,16.27,8211200,ACB
2021-06-17,15.94,16.41,15.8,16.37,6392600,ACB
2021-06-18,16.51,16.65,16.37,16.41,9215200,ACB
2021-06-21,16.37,16.51,16.25,16.3,5447600,ACB
2021-06-22,16.51,16.88,16.34,16.72,14872000,ACB
2021-06-23,16.84,17.07,16.74,16.79,10244600,ACB
2021-06-24,16.88,17.09,16.7,16.98,11494200,ACB
2021-06-25,16.98,17.16,16.91,17.05,7934000,ACB
2021-06-28,17.21,17.26,17.02,17.21,7937700,ACB
2021-06-29,17.31,17.33,17.09,17.09,6677700,ACB
2021-06-30,17.05,17.12,16.7,16.74,9628000,ACB
2021-07-01,16.67,16.98,16.46,16.86,10393200,ACB
2021-07-02,17.02,17.07,16.88,16.93,6407100,ACB
2021-07-05,17.02,17.87,16.84,17.8,16668600,ACB
2021-07-06,17.82,17.92,16.88,16.88,10070000,ACB
2021-07-07,16.88,17.31,16.46,17.14,10121600,ACB
2021-07-08,17.14,17.45,16.88,16.98,7351900,ACB
2021-07-09,16.88,17.16,15.94,16.51,11315400,ACB
2021-07-12,16.18,16.3,15.36,15.36,18353700,ACB
2021-07-13,15.62,15.62,15.15,15.43,6672200,ACB
2021-07-14,15.43,15.48,14.58,14.89,10810500,ACB
2021-07-15,14.73,15.45,14.7,15.36,5095400,ACB
2021-07-16,15.55,15.76,15.38,15.76,5918800,ACB
2021-07-19,15.43,15.55,14.98,15.08,10019200,ACB
2021-07-20,15.24,15.9,15.01,15.9,8563400,ACB
2021-07-21,15.97,16.18,15.83,15.85,8179300,ACB
2021-07-22,15.85,16.13,15.57,15.99,7161900,ACB
2021-07-23,15.9,16.02,15.48,15.48,7433000,ACB
2021-07-26,15.29,15.52,15.03,15.34,7528400,ACB
2021-07-27,15.5,15.71,15.48,15.55,5634700,ACB
2021-07-28,15.57,15.76,15.5,15.55,4846400,ACB
2021-07-29,15.69,16.04,15.62,16.02,7638000,ACB
2021-07-30,16.09,16.95,16.09,16.95,35156000,ACB
2021-08-02,16.65,16.88,16.58,16.67,8646400,ACB
2021-08-03,16.62,16.79,16.41,16.79,8766300,ACB
2021-08-04,16.88,16.88,16.56,16.65,8466500,ACB
2021-08-05,16.58,16.93,16.56,16.88,13787200,ACB
2021-08-06,16.93,16.95,16.62,16.67,8620800,ACB
2021-08-09,16.6,17.28,16.48,17.12,19240200,ACB
2021-08-10,17.26,17.28,16.98,17.12,10457700,ACB
2021-08-11,17.12,17.24,16.88,16.88,16492300,ACB
2021-08-12,16.79,16.88,16.56,16.56,12147100,ACB
2021-08-13,16.51,16.62,16.09,16.58,15125200,ACB
2021-08-16,16.58,16.88,16.32,16.74,12056700,ACB
2021-08-17,16.88,16.98,16.6,16.7,8743100,ACB
2021-08-18,16.62,16.79,16.56,16.67,7096100,ACB
2021-08-19,16.65,16.67,16.39,16.56,9370500,ACB
2021-08-20,16.56,16.58,15.5,15.76,20952900,ACB
2021-08-23,15.71,15.76,15.01,15.01,15602700,ACB
2021-08-24,15.01,15.24,14.87,15.15,9084200,ACB
2021-08-25,15.1,15.24,14.96,15.22,4865700,ACB
2021-08-26,15.26,15.29,14.91,14.98,4944800,ACB
2021-08-27,14.87,14.94,14.44,14.89,8069600,ACB
2021-08-30,14.91,15.2,14.82,15.08,8029600,ACB
2021-08-31,15.24,15.29,15.01,15.01,5528600,ACB
2021-09-01,15.01,15.36,14.98,15.01,8715300,ACB
2021-09-06,15.1,15.15,14.98,15.03,7383200,ACB
2021-09-07,15.2,15.36,15.1,15.24,7963700,ACB
2021-09-08,15.24,15.36,15.05,15.08,4752900,ACB
2021-09-09,15.01,15.22,14.98,15.22,3431900,ACB
2021-09-10,15.24,15.26,15.12,15.15,4101100,ACB
2021-09-13,15.15,15.15,14.96,14.96,5199800,ACB
2021-09-14,14.94,15.01,14.77,14.77,4511400,ACB
2021-09-15,14.77,14.77,14.61,14.63,4979200,ACB
2021-09-16,14.66,14.8,14.63,14.68,3455500,ACB
2021-09-17,14.82,14.91,14.7,14.82,4572300,ACB
2021-09-20,15.01,15.15,14.94,15.05,6387800,ACB
2021-09-21,14.91,15.01,14.75,14.91,3882100,ACB
2021-09-22,14.91,15.01,14.82,14.82,2681700,ACB
2021-09-23,14.87,14.91,14.77,14.82,4210800,ACB
2021-09-24,14.91,15.08,14.82,15.01,6688700,ACB
2021-09-27,15.1,15.2,14.77,14.77,4801300,ACB
2021-09-28,14.77,14.89,14.73,14.82,2517400,ACB
2021-09-29,14.82,14.87,14.61,14.7,3615100,ACB
2021-09-30,14.7,14.82,14.68,14.8,4394800,ACB
2021-10-01,14.77,14.8,14.58,14.77,6441900,ACB
2021-10-04,14.68,14.73,14.35,14.54,5659000,ACB
2021-10-05,14.54,14.77,14.54,14.77,2912300,ACB
2021-10-06,14.8,14.84,14.58,14.7,3321300,ACB
2021-10-07,14.77,14.77,14.63,14.63,2161800,ACB
2021-10-08,14.73,14.8,14.66,14.75,3480900,ACB
2021-10-11,14.82,15.29,14.82,15.29,6684100,ACB
2021-10-12,15.43,15.43,15.2,15.29,3385300,ACB
2021-10-13,15.29,15.43,15.24,15.29,3709300,ACB
2021-10-14,15.29,15.34,15.1,15.15,4521600,ACB
2021-10-15,15.24,15.26,15.05,15.1,2976800,ACB
2021-10-18,15.17,15.29,15.01,15.01,4543400,ACB
2021-10-19,15.2,15.2,14.96,15.15,3615400,ACB
2021-10-20,15.15,15.31,14.91,15.15,3846400,ACB
2021-10-21,15.15,15.15,14.89,14.89,4132200,ACB
2021-10-22,14.96,14.98,14.75,14.82,3827100,ACB
2021-10-25,14.87,14.87,14.58,14.66,5200400,ACB
2021-10-26,14.66,14.66,14.44,14.58,5259100,ACB
2021-10-27,14.61,14.91,14.61,14.73,5828200,ACB
2021-10-28,14.84,14.94,14.77,14.94,4649100,ACB
2021-10-29,14.94,15.48,14.89,15.48,13597100,ACB
2021-11-01,15.38,15.43,15.2,15.34,5293300,ACB
2021-11-02,15.34,15.55,15.26,15.55,7009200,ACB
2021-11-03,15.62,15.99,15.59,15.88,13060100,ACB
2021-11-04,15.97,15.97,15.69,15.71,4197400,ACB
2021-11-05,15.85,15.85,15.62,15.71,3967400,ACB
2021-11-08,15.71,15.78,15.57,15.66,5385300,ACB
2021-11-09,15.66,15.85,15.64,15.69,5047900,ACB
2021-11-10,15.71,15.73,15.55,15.66,4367400,ACB
2021-11-11,15.62,15.73,15.24,15.48,7129400,ACB
2021-11-12,15.48,15.64,15.31,15.64,4376100,ACB
2021-11-15,15.66,15.76,15.59,15.66,4878900,ACB
2021-11-16,15.64,15.66,15.38,15.55,5211500,ACB
2021-11-17,15.55,15.71,15.38,15.62,4360500,ACB
2021-11-18,15.71,15.71,15.24,15.24,5497600,ACB
2021-11-19,15.34,15.9,15.26,15.69,9794000,ACB
2021-11-22,15.71,16.32,15.48,16.02,9151000,ACB
2021-11-23,16.06,16.09,15.8,15.92,3839600,ACB
2021-11-24,15.9,16.62,15.83,16.58,14295800,ACB
2021-11-25,16.65,16.67,16.39,16.48,7083400,ACB
2021-11-26,16.48,16.56,16.23,16.23,6209000,ACB
2021-11-29,15.85,16.09,15.85,16.02,6095500,ACB
2021-11-30,16.13,16.18,15.57,15.62,6145400,ACB
2021-12-01,15.52,15.71,15.5,15.71,3620400,ACB
2021-12-02,15.76,15.76,15.57,15.57,2645000,ACB
2021-12-03,15.66,15.73,15.26,15.26,4916300,ACB
2021-12-06,15.15,15.38,14.84,15.15,6499000,ACB
2021-12-07,15.24,15.45,15.05,15.45,2827600,ACB
2021-12-08,15.31,15.66,15.26,15.52,2900500,ACB
2021-12-09,15.48,15.62,15.38,15.62,2156000,ACB
2021-12-10,15.57,15.76,15.52,15.66,4730500,ACB
2021-12-13,15.73,15.85,15.62,15.66,3012700,ACB
2021-12-14,15.62,15.71,15.52,15.62,2128100,ACB
2021-12-15,15.52,15.73,15.5,15.66,2122900,ACB
2021-12-16,15.71,15.73,15.48,15.48,2305800,ACB
2021-12-17,15.55,15.62,15.5,15.57,2403500,ACB
2021-12-20,15.57,15.62,15.41,15.52,3296100,ACB
2021-12-21,15.45,15.45,15.38,15.38,2420400,ACB
2021-12-22,15.31,15.45,15.31,15.34,3385200,ACB
2021-12-23,15.29,15.31,15.01,15.24,4135300,ACB
2021-12-24,15.24,15.55,15.1,15.48,4372600,ACB
2021-12-27,15.62,15.62,15.43,15.55,2459500,ACB
2021-12-28,15.55,15.83,15.5,15.78,3477400,ACB
2021-12-29,15.88,16.04,15.8,15.85,3817200,ACB
2021-12-30,15.8,15.94,15.71,15.9,1819600,ACB
2021-12-31,15.94,16.2,15.94,16.18,5651800,ACB
2021-12-31,15.94,16.2,15.94,16.18,5651800,ACB
2022-01-04,16.32,16.32,16.06,16.13,4555000,ACB
2022-01-05,16.11,16.11,15.78,15.8,5934500,ACB
2022-01-06,15.71,15.94,15.52,15.83,5673700,ACB
2022-01-07,15.9,15.92,15.62,15.62,3323800,ACB
2022-01-10,15.48,15.66,15.45,15.48,5693200,ACB
2022-01-11,15.48,15.5,15.34,15.36,6395100,ACB
2022-01-12,15.34,15.73,15.26,15.52,7789000,ACB
2022-01-13,15.78,16.06,15.55,15.64,6511900,ACB
2022-01-14,15.64,15.69,15.48,15.5,1941100,ACB
2022-01-17,15.52,15.78,15.36,15.36,7284700,ACB
2022-01-18,15.36,15.5,15.15,15.38,4272600,ACB
2022-01-19,15.38,15.62,15.38,15.48,2104000,ACB
2022-01-20,15.48,15.55,15.34,15.45,3415900,ACB
2022-01-21,15.45,15.94,15.43,15.69,4404000,ACB
2022-01-24,15.71,16.37,15.71,16.11,13185100,ACB
2022-01-25,16.11,16.44,16.11,16.34,4282700,ACB
2022-01-26,16.41,16.86,16.41,16.62,8494500,ACB
2022-01-27,16.6,16.6,16.2,16.37,6064400,ACB
2022-01-28,16.37,16.41,16.13,16.2,10258100,ACB
2022-02-07,16.41,16.48,16.25,16.27,4548000,ACB
2022-02-08,16.27,16.88,16.27,16.77,32461200,ACB
2022-02-09,16.84,16.86,16.65,16.7,10149700,ACB
2022-02-10,16.7,16.79,16.58,16.67,7632500,ACB
2022-02-11,16.56,17.05,16.53,16.74,9575200,ACB
2022-02-14,16.6,16.7,15.94,15.94,13153200,ACB
2022-02-15,15.97,16.18,15.94,16.18,6631900,ACB
2022-02-16,16.27,16.27,15.94,16.04,5099500,ACB
2022-02-17,16.02,16.16,15.99,16.09,3913100,ACB
2022-02-18,15.99,16.06,15.8,15.88,7318400,ACB
2022-02-21,15.9,16.13,15.73,16.13,7285100,ACB
2022-02-22,15.94,16.27,15.76,16.27,8094700,ACB
2022-02-23,16.32,16.46,16.23,16.23,5857600,ACB
2022-02-24,16.11,16.23,15.69,16.16,8892700,ACB
2022-02-25,16.18,16.3,16.09,16.11,5508400,ACB
2022-02-28,16.09,16.11,15.9,15.9,3857100,ACB
2022-03-01,15.94,15.94,15.73,15.88,5610900,ACB
2022-03-02,15.8,15.94,15.43,15.43,13881600,ACB
2022-03-03,15.48,15.69,15.43,15.69,8167100,ACB
2022-03-04,15.66,16.09,15.48,16.09,6925100,ACB
2022-03-07,15.71,15.85,15.55,15.59,4694500,ACB
2022-03-08,15.48,15.57,15.26,15.29,7221800,ACB
2022-03-09,15.36,15.45,15.2,15.34,4172000,ACB
2022-03-10,15.48,15.66,15.43,15.43,2199800,ACB
2022-03-11,15.38,15.45,15.29,15.34,2714900,ACB
2022-03-14,15.24,15.38,15.22,15.34,2724900,ACB
2022-03-15,15.38,15.55,15.34,15.38,2750200,ACB
2022-03-16,15.43,15.5,15.31,15.38,3294200,ACB
2022-03-17,15.45,15.48,15.31,15.38,2620300,ACB
2022-03-18,15.48,15.52,15.38,15.38,2597000,ACB
2022-03-21,15.43,15.48,15.34,15.45,3302500,ACB
2022-03-22,15.48,15.66,15.48,15.62,3324000,ACB
2022-03-23,15.57,15.66,15.55,15.57,2060000,ACB
2022-03-24,15.5,15.57,15.41,15.43,2873100,ACB
2022-03-25,15.43,15.55,15.34,15.34,3338200,ACB
2022-03-28,15.34,15.38,15.15,15.17,4875800,ACB
2022-03-29,15.22,15.31,15.15,15.17,3664900,ACB
2022-03-30,15.2,15.43,15.15,15.29,4154500,ACB
2022-03-31,15.34,15.57,15.29,15.5,5523400,ACB
2022-04-01,15.5,15.66,15.48,15.66,5865500,ACB
2022-04-04,15.76,15.8,15.66,15.71,4794400,ACB
2022-04-05,15.66,15.66,15.45,15.48,4508400,ACB
2022-04-06,15.41,15.62,15.36,15.57,4156600,ACB
2022-04-07,15.66,16.02,15.59,15.76,9648900,ACB
2022-04-08,15.8,15.94,15.78,15.88,8904400,ACB
2022-04-12,15.88,15.88,15.64,15.69,4923200,ACB
2022-04-13,15.71,15.88,15.62,15.78,5053900,ACB
2022-04-14,15.78,16.02,15.76,15.85,4900700,ACB
2022-04-15,15.85,15.94,15.69,15.73,5388100,ACB
2022-04-18,15.71,15.76,15.38,15.38,5946400,ACB
2022-04-19,15.29,15.38,14.82,14.84,5244400,ACB
2022-04-20,14.87,15.1,14.84,14.96,4490500,ACB
2022-04-21,15.01,15.24,14.77,14.77,5899800,ACB
2022-04-22,14.87,15.29,14.87,15.15,5188800,ACB
2022-04-25,15.15,15.22,14.3,14.3,8242600,ACB
2022-04-26,14.3,14.66,14.07,14.49,6106000,ACB
2022-04-27,14.4,14.63,14.21,14.49,2831800,ACB
2022-04-28,14.35,14.63,14.35,14.54,1503700,ACB
2022-04-29,14.54,15.34,14.42,15.34,4640900,ACB
2022-05-04,15.12,15.24,14.89,14.89,2060200,ACB
2022-05-05,15.15,15.15,14.68,14.87,3209000,ACB
2022-05-06,14.63,14.91,14.47,14.54,1920300,ACB
2022-05-09,14.54,14.54,13.93,14.35,5176200,ACB
2022-05-10,14.21,14.54,14.02,14.44,3850100,ACB
2022-05-11,14.44,14.82,14.35,14.82,2319300,ACB
2022-05-12,14.4,14.66,13.84,13.84,3128000,ACB
2022-05-13,14.02,14.21,12.9,12.9,6142600,ACB
2022-05-16,12.97,13.46,12.9,12.94,5137600,ACB
2022-05-17,12.94,13.76,12.9,13.72,2617900,ACB
2022-05-18,13.93,13.95,13.51,13.58,3521100,ACB
2022-05-19,13.32,13.6,13.18,13.41,1856400,ACB
2022-05-20,13.41,13.74,13.41,13.62,1936000,ACB
2022-05-23,13.65,13.74,13.27,13.34,1187500,ACB
2022-05-24,13.51,13.51,13.2,13.51,1574100,ACB
2022-05-25,13.51,14.07,13.51,14.07,3815600,ACB
2022-05-26,14.26,14.3,14.07,14.23,2690700,ACB
2022-05-27,14.44,14.91,14.35,14.91,4910800,ACB
2022-05-30,15.01,15.01,14.77,14.98,2244200,ACB
2022-05-31,14.87,14.91,14.77,14.8,2348500,ACB
2022-06-01,14.91,14.91,14.58,14.58,3523400,ACB
2022-06-02,15.01,15.21,14.86,14.86,3745600,ACB
2022-06-03,14.95,15.01,14.6,14.83,1409500,ACB
2022-06-06,14.83,14.98,14.77,14.83,1698800,ACB
2022-06-07,14.83,14.83,14.24,14.63,2255000,ACB
2022-06-08,14.6,15.07,14.45,15.07,4494800,ACB
2022-06-09,15.12,15.18,14.68,15.1,3388400,ACB
2022-06-10,14.77,15.12,14.74,14.77,2278300,ACB
2022-06-13,14.66,14.66,13.95,14.01,3830300,ACB
2022-06-14,14.01,14.33,13.78,14.13,2049600,ACB
2022-06-15,14.33,14.36,13.54,13.84,3633100,ACB
2022-06-16,13.84,14.13,13.84,14.13,1925600,ACB
2022-06-17,13.78,13.98,13.4,13.54,3160900,ACB
2022-06-20,13.54,13.78,13.37,13.42,3956000,ACB
2022-06-21,13.19,13.6,13.19,13.48,2676500,ACB
2022-06-22,13.6,14.01,13.6,13.92,2532000,ACB
2022-06-23,13.72,13.98,13.51,13.92,2140900,ACB
2022-06-24,13.89,14.07,13.78,13.95,1588100,ACB
2022-06-27,13.95,14.16,13.86,14.04,2447600,ACB
2022-06-28,13.95,14.54,13.89,14.36,2995800,ACB
2022-06-29,14.19,14.36,14.07,14.19,1960600,ACB
2022-06-30,14.36,14.36,14.04,14.07,2088400,ACB
2022-07-01,13.98,14.1,13.78,14.1,1851900,ACB
2022-07-04,14.3,14.36,14.07,14.22,1823900,ACB
2022-07-05,14.33,14.42,14.22,14.33,2991000,ACB
2022-07-06,14.3,14.36,13.84,14.19,2017800,ACB
2022-07-07,14.24,14.36,14.13,14.16,2496700,ACB
2022-07-08,14.19,14.3,14.07,14.07,2016000,ACB
2022-07-11,13.98,14.07,13.78,13.78,1634700,ACB
2022-07-12,13.84,14.07,13.78,14.07,728100,ACB
2022-07-13,14.07,14.3,13.95,14.07,2126200,ACB
2022-07-14,13.95,14.16,13.95,14.1,1429400,ACB
2022-07-15,14.22,14.33,14.07,14.07,2642300,ACB
2022-07-18,14.13,14.19,14.01,14.01,2425000,ACB
2022-07-19,14.01,14.04,13.95,14.01,1507000,ACB
2022-07-20,14.13,14.28,14.01,14.24,3039300,ACB
2022-07-21,14.24,14.6,14.19,14.45,4313000,ACB
2022-07-22,14.45,14.54,14.28,14.28,2039400,ACB
2022-07-25,14.19,14.3,14.01,14.1,1850700,ACB
2022-07-26,14.07,14.22,14.07,14.1,1484900,ACB
2022-07-27,14.07,14.19,14.04,14.19,890000,ACB
2022-07-28,14.48,14.48,14.3,14.33,3347500,ACB
2022-07-29,14.39,14.48,14.33,14.42,3817300,ACB
2022-08-01,14.45,14.66,14.36,14.66,4455500,ACB
2022-08-02,14.66,14.68,14.48,14.6,3391300,ACB
2022-08-03,14.66,14.68,14.48,14.63,6081900,ACB
2022-08-04,14.66,14.8,14.6,14.66,4390100,ACB
2022-08-05,14.66,14.66,14.36,14.57,3272800,ACB
2022-08-08,14.54,14.66,14.45,14.51,3202100,ACB
2022-08-09,14.6,14.66,14.48,14.63,3553300,ACB
2022-08-10,14.63,14.68,14.51,14.57,1987700,ACB
2022-08-11,14.66,14.71,14.48,14.51,3442200,ACB
2022-08-12,14.48,14.57,14.42,14.54,1460000,ACB
2022-08-15,14.6,14.74,14.54,14.63,3154600,ACB
2022-08-16,14.6,14.63,14.45,14.57,3234500,ACB
2022-08-17,14.63,14.66,14.57,14.63,3350600,ACB
2022-08-18,14.63,14.8,14.54,14.74,5981500,ACB
2022-08-19,14.74,14.74,14.54,14.57,1909000,ACB
2022-08-22,14.54,14.54,14.42,14.45,2239300,ACB
2022-08-23,14.28,14.54,14.19,14.54,2385000,ACB
2022-08-24,14.48,14.6,14.45,14.57,2704900,ACB
2022-08-25,14.57,14.66,14.51,14.66,3631800,ACB
2022-08-26,14.71,14.83,14.51,14.54,3878700,ACB
2022-08-29,14.33,14.48,14.24,14.39,3218300,ACB
2022-08-30,14.42,14.57,14.39,14.39,2016400,ACB
2022-08-31,14.39,14.51,14.39,14.45,1967000,ACB
2022-09-05,14.39,14.51,14.33,14.36,2307700,ACB
2022-09-06,14.36,14.48,14.33,14.45,2405200,ACB
2022-09-07,14.36,14.42,14.24,14.24,3214400,ACB
2022-09-08,14.3,14.33,14.07,14.07,2080700,ACB
2022-09-09,14.19,14.19,13.92,14.07,2227900,ACB
2022-09-12,14.07,14.19,13.92,13.92,1416163,ACB
2022-09-13,14.01,14.07,13.84,13.95,1486664,ACB
2022-09-14,13.78,13.84,13.69,13.78,2113996,ACB
2022-09-15,13.84,13.84,13.75,13.81,1595118,ACB
2022-09-16,13.78,13.84,13.54,13.57,2125534,ACB
2022-09-19,13.57,13.6,13.31,13.4,2564500,ACB
2022-09-20,13.42,13.45,13.25,13.42,1912949,ACB
2022-09-21,13.4,13.4,13.25,13.25,1295851,ACB
2022-09-22,13.19,13.37,13.19,13.37,1831367,ACB
2022-09-23,13.28,13.45,13.25,13.25,1469851,ACB
2022-09-26,13.13,13.19,12.78,13.01,4550765,ACB
2022-09-27,13.01,13.16,12.96,13.13,1472619,ACB
2022-09-28,12.93,13.04,12.87,12.9,2515887,ACB
2022-09-29,12.98,12.98,12.84,12.9,3857767,ACB
2022-09-30,12.9,13.16,12.81,13.01,4224536,ACB
2022-10-03,12.93,13.07,12.49,12.66,3661299,ACB
2022-10-04,12.72,12.87,12.31,12.31,3474571,ACB
2022-10-05,12.37,12.58,12.19,12.19,3258561,ACB
2022-10-06,12.22,12.43,11.72,11.72,2851382,ACB
2022-10-07,11.46,11.67,10.9,10.93,8488826,ACB
2022-10-10,10.67,11.2,10.67,10.96,6476351,ACB
2022-10-11,10.96,10.96,10.23,10.26,6437148,ACB
2022-10-12,10.49,10.96,10.44,10.96,3369758,ACB
2022-10-13,10.96,11.7,10.84,11.7,3904225,ACB
2022-10-14,12.02,12.25,11.84,12.22,3141938,ACB
2022-10-17,11.9,12.31,11.87,12.28,3758133,ACB
2022-10-18,12.49,12.6,12.37,12.54,2769943,ACB
2022-10-19,12.66,12.66,12.31,12.37,1447729,ACB
2022-10-20,12.37,12.6,12.14,12.52,4025173,ACB
2022-10-21,12.52,12.52,11.87,11.96,3387430,ACB
2022-10-24,11.99,12.02,11.26,11.43,2800249,ACB
2022-10-25,11.55,12.22,11.23,11.96,4929285,ACB
2022-10-26,12.08,12.25,11.84,12.11,2170486,ACB
2022-10-27,12.14,12.93,12.02,12.93,4850442,ACB
2022-10-28,13.13,13.22,12.93,13.07,3555046,ACB
2022-10-31,13.1,13.19,12.69,13.13,3749851,ACB
2022-11-01,13.19,13.48,13.1,13.16,3357810,ACB
2022-11-02,13.13,13.16,12.78,12.78,3540680,ACB
2022-11-03,12.6,12.9,12.52,12.52,3281353,ACB
2022-11-04,12.52,12.54,11.7,11.81,12618670,ACB
2022-11-07,12.25,12.31,11.84,12.11,4911998,ACB
2022-11-08,12.08,12.75,11.81,12.49,4069171,ACB
2022-11-09,12.54,12.72,12.14,12.16,3280774,ACB
2022-11-10,12.11,12.25,11.43,11.72,5466448,ACB
2022-11-11,12.14,12.43,11.99,12.19,4327549,ACB
2022-11-14,12.02,12.14,11.7,11.9,5259075,ACB
2022-11-15,11.87,11.99,11.2,11.2,6566069,ACB
2022-11-16,11.08,11.96,10.49,11.96,7401581,ACB
2022-11-17,12.19,12.52,12.19,12.34,4307090,ACB
2022-11-18,12.19,12.58,12.08,12.4,3539064,ACB
2022-11-21,12.43,12.43,12.08,12.08,2280525,ACB
2022-11-22,11.96,12.52,11.93,11.93,4429308,ACB
2022-11-23,11.96,12.28,11.93,12.11,2553956,ACB
2022-11-24,12.08,12.43,11.96,12.31,2308018,ACB
2022-11-25,12.6,12.6,12.34,12.6,2832003,ACB
2022-11-28,12.66,13.04,12.63,13.04,5245203,ACB
2022-11-29,13.04,13.04,12.72,12.98,3945669,ACB
2022-11-30,13.04,13.16,12.78,12.96,4121813,ACB
2022-12-01,13.07,13.4,12.9,13.19,6816917,ACB
2022-12-02,13.19,13.78,12.98,13.78,4796603,ACB
2022-12-05,13.81,14.07,13.6,13.84,4719103,ACB
2022-12-06,13.84,13.92,13.07,13.07,5161772,ACB
2022-12-07,13.19,13.19,12.75,13.07,3297157,ACB
2022-12-08,13.16,13.95,12.96,13.28,4799496,ACB
2022-12-09,13.34,13.6,13.16,13.51,3322163,ACB
2022-12-12,13.51,13.66,13.19,13.19,3184172,ACB
2022-12-13,13.13,13.51,13.04,13.51,2695070,ACB
2022-12-14,13.54,13.75,13.34,13.57,3294738,ACB
2022-12-15,13.48,13.78,13.48,13.6,4116001,ACB
2022-12-16,13.48,13.72,13.4,13.48,2221946,ACB
2022-12-19,13.42,13.63,13.34,13.34,3384971,ACB
2022-12-20,13.34,13.42,13.01,13.22,2569365,ACB
2022-12-21,13.25,13.48,13.07,13.37,1888423,ACB
2022-12-22,13.48,13.48,13.34,13.42,1959813,ACB
2022-12-23,13.42,13.42,13.07,13.42,1736555,ACB
2022-12-26,13.42,13.42,12.96,12.96,1779728,ACB
2022-12-27,12.96,13.25,12.9,12.96,2041994,ACB
2022-12-28,12.96,13.16,12.87,12.9,1827577,ACB
2022-12-29,12.9,13.13,12.78,12.9,1810363,ACB
2022-12-30,12.9,13.01,12.78,12.84,1340931,ACB
2022-12-30,12.9,13.01,12.78,12.84,1340931,ACB
2023-01-03,12.9,13.31,12.87,13.31,1550148,ACB
2023-01-04,13.4,13.4,13.22,13.28,1643309,ACB
2023-01-05,13.34,13.48,13.28,13.4,2107285,ACB
2023-01-06,13.37,13.69,13.25,13.57,3407310,ACB
2023-01-09,13.69,13.69,13.45,13.54,1748795,ACB
2023-01-10,13.63,13.75,13.45,13.75,3062873,ACB
2023-01-11,13.84,14.33,13.75,14.19,5342324,ACB
2023-01-12,14.19,14.45,14.19,14.36,2883106,ACB
2023-01-13,14.42,14.54,14.16,14.16,2156614,ACB
2023-01-16,14.16,14.66,14.16,14.66,3541375,ACB
2023-01-17,14.68,14.92,14.63,14.83,3988618,ACB
2023-01-18,14.83,15.07,14.71,14.95,5439101,ACB
2023-01-19,14.95,15.24,14.92,15.24,5525817,ACB
2023-01-27,15.45,15.54,15.18,15.45,3758988,ACB
2023-01-30,15.42,15.45,14.89,14.89,5403319,ACB
2023-01-31,14.89,15.27,14.66,15.27,3485014,ACB
2023-02-01,15.3,15.39,14.71,14.77,3485902,ACB
2023-02-02,14.74,15.01,14.54,14.66,2886290,ACB
2023-02-03,14.66,14.8,14.3,14.36,9534382,ACB
2023-02-06,14.3,14.74,14.16,14.6,2397652,ACB
2023-02-07,14.66,14.71,14.3,14.42,2471469,ACB
2023-02-08,14.54,14.68,14.39,14.45,1924125,ACB
2023-02-09,14.45,14.71,14.36,14.36,3227424,ACB
2023-02-10,14.42,14.51,14.19,14.19,2009129,ACB
2023-02-13,14.16,14.16,13.95,14.01,2593039,ACB
2023-02-14,14.13,14.13,13.95,13.98,1439656,ACB
2023-02-15,14.01,14.45,13.92,14.39,3332041,ACB
2023-02-16,14.54,14.54,14.3,14.54,1625191,ACB
2023-02-17,14.57,14.63,14.39,14.54,1717468,ACB
2023-02-20,14.48,15.12,14.45,15.12,4907140,ACB
2023-02-21,15.12,15.24,14.95,14.95,1720729,ACB
2023-02-22,14.77,14.98,14.57,14.57,2654851,ACB
2023-02-23,14.51,14.95,14.22,14.89,3862411,ACB
2023-02-24,14.66,14.83,14.39,14.42,2228733,ACB
2023-02-27,14.36,14.42,14.13,14.22,3109431,ACB
2023-02-28,14.36,14.51,14.22,14.3,6149990,ACB
2023-03-01,14.3,14.77,14.19,14.74,2538293,ACB
2023-03-02,14.66,14.92,14.66,14.68,3339027,ACB
2023-03-03,14.68,14.83,14.36,14.36,2397060,ACB
2023-03-06,14.57,14.71,14.24,14.24,5225765,ACB
2023-03-07,14.51,14.66,14.24,14.36,4642941,ACB
2023-03-08,14.22,14.66,14.22,14.66,2786167,ACB
2023-03-09,14.66,14.92,14.6,14.86,3739916,ACB
2023-03-10,14.68,14.77,14.51,14.6,2423166,ACB
2023-03-13,14.51,14.63,14.28,14.36,4018921,ACB
2023-03-14,14.39,14.48,14.04,14.1,6767237,ACB
2023-03-15,14.42,14.54,14.33,14.54,1961634,ACB
2023-03-16,14.36,14.51,14.16,14.3,2499671,ACB
2023-03-17,14.39,14.45,14.28,14.28,1249647,ACB
2023-03-20,14.19,14.28,14.07,14.07,2457593,ACB
2023-03-21,14.3,14.3,13.98,14.19,1489101,ACB
2023-03-22,14.28,14.28,14.1,14.16,1862058,ACB
2023-03-23,14.13,14.42,14.04,14.36,7080550,ACB
2023-03-24,14.42,14.57,14.36,14.39,1683172,ACB
2023-03-27,14.42,14.51,14.28,14.33,2460164,ACB
2023-03-28,14.45,14.54,14.33,14.33,8288106,ACB
2023-03-29,14.36,14.42,14.28,14.3,15181219,ACB
2023-03-30,14.42,14.48,14.39,14.42,2122444,ACB
2023-03-31,14.48,14.8,14.45,14.66,5883708,ACB
2023-04-03,14.8,14.89,14.66,14.8,9968747,ACB
2023-04-04,14.8,14.86,14.68,14.74,7190534,ACB
2023-04-05,14.71,14.83,14.68,14.83,3320551,ACB
2023-04-06,14.89,14.92,14.6,14.6,4333371,ACB
2023-04-07,14.63,14.71,14.6,14.68,3144826,ACB
2023-04-10,14.71,14.74,14.57,14.66,3638803,ACB
2023-04-11,14.6,14.68,14.48,14.63,1598533,ACB
2023-04-12,14.66,14.68,14.54,14.57,3221563,ACB
2023-04-13,14.63,14.68,14.57,14.63,2520241,ACB
2023-04-14,14.68,14.71,14.57,14.63,5022906,ACB
2023-04-17,14.63,14.66,14.54,14.66,1649827,ACB
2023-04-18,14.66,14.66,14.51,14.51,2104707,ACB
2023-04-19,14.54,14.54,14.3,14.3,4596866,ACB
2023-04-20,14.36,14.39,14.19,14.22,2471896,ACB
2023-04-21,14.24,14.3,14.22,14.22,2473711,ACB
2023-04-24,14.24,14.33,14.13,14.19,2274897,ACB
2023-04-25,14.24,14.33,14.13,14.16,6174679,ACB
2023-04-26,14.16,14.19,14.04,14.16,3857901,ACB
2023-04-27,14.19,14.33,14.13,14.16,2182535,ACB
2023-04-28,14.19,14.3,14.16,14.19,9771508,ACB
2023-05-04,14.24,14.51,14.24,14.48,4305729,ACB
2023-05-05,14.36,14.51,14.36,14.45,2625328,ACB
2023-05-08,14.45,14.66,14.42,14.63,2305309,ACB
2023-05-09,14.66,14.68,14.54,14.6,3108187,ACB
2023-05-10,14.6,14.63,14.54,14.6,1961379,ACB
2023-05-11,14.66,14.71,14.54,14.6,2556201,ACB
2023-05-12,14.66,14.68,14.54,14.66,2348036,ACB
2023-05-15,14.77,14.83,14.63,14.66,6385662,ACB
2023-05-16,14.66,14.68,14.6,14.66,1463588,ACB
2023-05-17,14.66,14.74,14.57,14.6,3449491,ACB
2023-05-18,14.6,14.71,14.57,14.66,3353042,ACB
2023-05-19,14.68,14.68,14.51,14.63,4008117,ACB
2023-05-22,14.66,14.68,14.6,14.68,4585906,ACB
2023-05-23,14.77,15.01,14.66,14.86,21726379,ACB
2023-05-24,14.95,14.95,14.63,14.74,11051426,ACB
2023-05-25,14.77,14.77,14.6,14.71,8792333,ACB
2023-05-26,14.77,14.77,14.63,14.66,8563241,ACB
2023-05-29,14.71,14.83,14.66,14.74,16577082,ACB
2023-05-30,14.83,14.83,14.66,14.77,22599203,ACB
2023-05-31,14.77,14.89,14.66,14.89,29156480,ACB
2023-06-01,15.09,15.26,14.91,15.02,12769486,ACB
2023-06-02,15.09,15.51,15.05,15.3,15034657,ACB
2023-06-05,15.44,15.54,15.19,15.26,13849317,ACB
2023-06-06,15.3,15.34,15.23,15.3,9945382,ACB
2023-06-07,15.3,15.44,15.3,15.34,9182063,ACB
2023-06-08,15.3,15.37,15.16,15.16,9682980,ACB
2023-06-09,15.19,15.19,14.95,15.12,7469378,ACB
2023-06-12,15.19,15.19,14.98,15.05,4291860,ACB
2023-06-13,15.09,15.16,15.02,15.16,7973577,ACB
2023-06-14,15.19,15.37,15.16,15.19,8033115,ACB
2023-06-15,15.19,15.23,15.12,15.23,5407844,ACB
2023-06-16,15.23,15.51,15.16,15.3,14414202,ACB
2023-06-19,15.3,15.34,15.16,15.19,4660937,ACB
2023-06-20,15.19,15.23,15.09,15.19,5639608,ACB
2023-06-21,15.16,15.23,15.12,15.23,5484088,ACB
2023-06-22,15.26,15.37,15.19,15.19,7976555,ACB
2023-06-23,15.23,15.37,15.16,15.37,11435894,ACB
2023-06-26,15.58,15.79,15.44,15.62,11788268,ACB
2023-06-27,15.83,15.83,15.58,15.58,5623455,ACB
2023-06-28,15.58,15.72,15.51,15.65,8233359,ACB
2023-06-29,15.65,15.72,15.37,15.37,8154546,ACB
2023-06-30,15.37,15.48,15.3,15.48,5120663,ACB
2023-07-03,15.48,15.51,15.4,15.48,4031764,ACB
2023-07-04,15.4,15.48,15.37,15.44,4348820,ACB
2023-07-05,15.44,15.51,15.4,15.4,8126958,ACB
2023-07-06,15.4,15.44,15.19,15.23,6426967,ACB
2023-07-07,15.23,15.26,15.09,15.23,7145078,ACB
2023-07-10,15.26,15.51,15.23,15.4,9036932,ACB
2023-07-11,15.65,15.65,15.4,15.44,8851484,ACB
2023-07-12,15.58,15.58,15.3,15.34,5187652,ACB
2023-07-13,15.44,15.44,15.3,15.44,6743968,ACB
2023-07-14,15.48,15.51,15.3,15.44,6901344,ACB
2023-07-17,15.48,15.48,15.37,15.44,6536400,ACB
2023-07-18,15.37,15.44,15.34,15.44,6804309,ACB
2023-07-19,15.44,15.54,15.4,15.44,9572664,ACB
2023-07-20,15.44,15.48,15.37,15.44,6295568,ACB
2023-07-21,15.44,15.51,15.37,15.51,6693129,ACB
2023-07-24,15.51,15.58,15.4,15.48,6773899,ACB
2023-07-25,15.44,15.79,15.44,15.65,13720647,ACB
2023-07-26,15.65,15.76,15.58,15.65,5979075,ACB
2023-07-27,15.65,15.69,15.48,15.54,7216455,ACB
2023-07-28,15.58,15.72,15.48,15.58,8620038,ACB
2023-07-31,15.79,16.11,15.76,16.11,19225216,ACB
2023-08-01,16.32,16.32,15.97,16.04,13724041,ACB
2023-08-02,16.0,16.25,16.0,16.21,12414957,ACB
2023-08-03,16.18,16.49,16.14,16.46,17019126,ACB
2023-08-04,16.56,17.12,16.32,17.12,18679690,ACB
2023-08-07,16.81,16.88,16.56,16.67,28102625,ACB
2023-08-08,16.7,16.77,16.35,16.42,15277376,ACB
2023-08-09,16.42,16.56,16.25,16.28,15564910,ACB
2023-08-10,16.32,16.39,16.07,16.07,12699456,ACB
2023-08-11,16.11,16.14,15.86,16.07,9164105,ACB
2023-08-14,16.07,16.18,16.0,16.18,10446424,ACB
2023-08-15,16.25,16.32,16.04,16.04,6464684,ACB
2023-08-16,16.04,16.18,16.0,16.07,8402525,ACB
2023-08-17,16.11,16.14,15.93,15.93,10125955,ACB
2023-08-18,15.93,15.93,15.37,15.37,20459276,ACB
2023-08-21,15.34,15.58,15.34,15.44,7981455,ACB
2023-08-22,15.51,15.54,15.16,15.48,9072597,ACB
2023-08-23,15.58,15.65,15.34,15.34,5548662,ACB
2023-08-24,15.34,15.62,15.34,15.48,5315411,ACB
2023-08-25,15.44,15.48,15.34,15.4,5381608,ACB
2023-08-28,15.44,15.51,15.4,15.48,5160556,ACB
2023-08-29,15.48,15.58,15.4,15.48,5778718,ACB
2023-08-30,15.48,15.79,15.48,15.76,7229547,ACB
2023-08-31,15.76,15.86,15.76,15.86,7212305,ACB
2023-09-05,15.93,16.18,15.9,15.97,7634395,ACB
2023-09-06,15.97,16.11,15.86,16.11,4783873,ACB
2023-09-07,16.14,16.25,15.97,16.07,9860968,ACB
2023-09-08,16.07,16.11,15.93,15.97,5530112,ACB
2023-09-11,16.0,16.07,15.62,15.69,10542303,ACB
2023-09-12,15.69,15.97,15.58,15.97,6685987,ACB
2023-09-13,15.97,16.0,15.76,15.83,6942929,ACB
2023-09-14,15.79,16.0,15.72,15.76,6195761,ACB
2023-09-15,15.86,15.97,15.76,15.9,5253147,ACB
2023-09-18,15.86,15.9,15.65,15.76,4366920,ACB
2023-09-19,15.76,15.86,15.62,15.65,8083377,ACB
2023-09-20,15.65,15.83,15.62,15.76,5299737,ACB
2023-09-21,15.72,15.83,15.69,15.72,5430115,ACB
2023-09-22,15.58,15.79,15.51,15.65,9796600,ACB
2023-09-25,15.65,15.69,15.44,15.44,7626780,ACB
2023-09-26,15.48,15.62,15.34,15.37,9407620,ACB
2023-09-27,15.37,15.44,15.26,15.44,5688210,ACB
2023-09-28,15.34,15.44,15.23,15.26,4993734,ACB
2023-09-29,15.3,15.48,15.3,15.34,2341209,ACB
2023-10-02,15.3,15.4,15.23,15.37,3811689,ACB
2023-10-03,15.3,15.37,15.16,15.16,5510811,ACB
2023-10-04,15.12,15.23,15.09,15.16,3180528,ACB
2023-10-05,15.26,15.4,15.16,15.16,3353149,ACB
2023-10-06,15.16,15.37,15.12,15.3,2443603,ACB
2023-10-09,15.23,15.83,15.23,15.79,8982117,ACB
2023-10-10,15.79,16.04,15.79,16.0,6539860,ACB
2023-10-11,16.0,16.0,15.83,15.93,2847661,ACB
2023-10-12,15.93,16.07,15.79,15.93,5637015,ACB
2023-10-13,15.86,15.93,15.79,15.9,4694272,ACB
2023-10-16,15.83,15.93,15.72,15.86,4222196,ACB
2023-10-17,15.86,15.9,15.76,15.76,3659834,ACB
2023-10-18,15.76,15.76,15.48,15.48,6211436,ACB
2023-10-19,15.48,15.54,15.3,15.3,6211641,ACB
2023-10-20,15.3,15.51,15.3,15.37,3672592,ACB
2023-10-23,15.51,15.51,15.23,15.3,2400212,ACB
2023-10-24,15.4,15.51,15.3,15.37,2553217,ACB
2023-10-25,15.58,15.62,15.37,15.37,2489008,ACB
2023-10-26,15.26,15.26,14.7,14.81,12596859,ACB
2023-10-27,15.05,15.23,14.88,15.12,3182928,ACB
2023-10-30,15.16,15.19,14.95,14.95,3858926,ACB
2023-10-31,14.98,15.12,14.91,15.02,3491977,ACB
2023-11-01,15.02,15.19,14.98,15.16,4835157,ACB
2023-11-02,15.26,15.65,15.16,15.65,5152098,ACB
2023-11-03,15.65,15.72,15.48,15.48,4888965,ACB
2023-11-06,15.58,15.69,15.51,15.58,3792021,ACB
2023-11-07,15.51,15.62,15.51,15.51,2328126,ACB
2023-11-08,15.51,16.07,15.48,16.0,7915923,ACB
2023-11-09,16.07,16.07,15.83,15.83,4768580,ACB
2023-11-10,15.72,15.86,15.62,15.72,5051311,ACB
2023-11-13,15.76,15.86,15.58,15.76,3418479,ACB
2023-11-14,15.76,16.07,15.76,15.93,10306368,ACB
2023-11-15,16.14,16.49,16.11,16.32,32344213,ACB
2023-11-16,16.32,16.42,16.21,16.35,8085873,ACB
2023-11-17,16.42,16.42,15.83,15.93,12355370,ACB
2023-11-20,15.72,16.11,15.54,15.79,10211612,ACB
2023-11-21,15.9,16.0,15.79,15.86,3715213,ACB
2023-11-22,15.79,15.97,15.69,15.93,4395703,ACB
2023-11-23,15.93,15.97,15.58,15.58,5185123,ACB
2023-11-24,15.65,15.65,15.3,15.48,7901317,ACB
2023-11-27,15.48,15.51,15.34,15.34,3262375,ACB
2023-11-28,15.37,15.51,15.23,15.37,4189072,ACB
2023-11-29,15.44,15.69,15.44,15.48,4831388,ACB
2023-11-30,15.48,15.65,15.4,15.4,5245608,ACB
2023-12-01,15.54,15.54,15.26,15.4,5736667,ACB
2023-12-04,15.48,15.76,15.44,15.65,9044705,ACB
2023-12-05,15.65,15.76,15.48,15.54,3560224,ACB
2023-12-06,15.54,15.65,15.44,15.65,2794830,ACB
2023-12-07,15.65,15.79,15.58,15.72,7241320,ACB
2023-12-08,15.72,15.83,15.65,15.72,3815334,ACB
2023-12-11,15.76,15.79,15.62,15.72,2277359,ACB
2023-12-12,15.76,15.79,15.65,15.79,3230408,ACB
2023-12-13,15.79,15.83,15.65,15.65,3933379,ACB
2023-12-14,15.72,15.97,15.65,15.79,6949441,ACB
2023-12-15,15.86,16.04,15.83,15.97,6195129,ACB
2023-12-18,15.93,16.0,15.9,16.0,6390775,ACB
2023-12-19,16.0,16.21,16.0,16.18,11476459,ACB
2023-12-20,16.18,16.32,16.18,16.28,8865596,ACB
2023-12-21,16.28,16.32,16.18,16.32,7087055,ACB
2023-12-22,16.28,16.35,16.28,16.28,4512456,ACB
2023-12-25,16.32,16.46,16.28,16.39,7586810,ACB
2023-12-26,16.42,16.42,16.32,16.32,5731233,ACB
2023-12-27,16.28,16.42,16.28,16.35,4869398,ACB
2023-12-28,16.35,16.81,16.35,16.67,10526964,ACB
2023-12-29,16.77,16.91,16.7,16.77,9202991,ACB
2024-01-02,16.81,17.37,16.81,17.16,13896933,ACB
2024-01-03,17.2,17.55,17.02,17.55,9817807,ACB
2024-01-04,17.69,18.0,17.62,17.76,23605373,ACB
2024-01-05,17.76,17.86,17.58,17.86,9282598,ACB
2024-01-08,18.04,18.07,17.69,17.79,12398885,ACB
2024-01-09,17.72,17.79,17.51,17.55,15455964,ACB
2024-01-10,17.69,17.9,17.55,17.72,17610661,ACB
2024-01-11,17.83,18.07,17.65,17.72,9941849,ACB
2024-01-12,17.65,18.39,17.58,18.11,25574880,ACB
2024-01-15,18.25,18.25,17.76,17.76,11725544,ACB
2024-01-16,17.83,17.93,17.58,17.83,12385822,ACB
2024-01-17,17.86,18.11,17.79,17.83,9720759,ACB
2024-01-18,17.86,18.07,17.79,17.97,9616784,ACB
2024-01-19,18.11,18.21,18.0,18.21,12778025,ACB
2024-01-22,18.39,18.46,18.11,18.46,12010820,ACB
2024-01-23,18.42,18.56,18.28,18.28,11738886,ACB
2024-01-24,18.28,18.32,18.04,18.11,11347376,ACB
2024-01-25,18.14,18.18,17.97,18.11,5090360,ACB
2024-01-26,18.14,18.53,18.14,18.46,6861782,ACB
2024-01-29,18.6,18.6,18.21,18.21,9281301,ACB
2024-01-30,18.28,18.39,18.18,18.21,6383741,ACB
2024-01-31,18.32,18.32,17.93,18.07,12162755,ACB
2024-02-01,18.04,18.32,18.04,18.25,6284328,ACB
2024-02-02,18.21,18.46,18.14,18.42,14534871,ACB
2024-02-05,18.42,19.65,18.35,19.51,28138723,ACB
2024-02-06,19.55,19.58,19.4,19.55,5454327,ACB
2024-02-07,19.55,19.79,19.55,19.65,11903453,ACB
2024-02-15,19.69,19.93,19.09,19.09,14255094,ACB
2024-02-16,19.3,19.37,19.16,19.37,9502568,ACB
2024-02-19,19.44,19.44,19.09,19.44,11864502,ACB
2024-02-20,19.3,19.48,19.2,19.34,7321603,ACB
2024-02-21,19.3,19.58,19.23,19.44,10257725,ACB
2024-02-22,19.44,19.48,19.3,19.4,7407861,ACB
2024-02-23,19.44,19.93,19.16,19.16,25987605,ACB
2024-02-26,19.16,19.44,19.02,19.3,9791428,ACB
2024-02-27,19.44,19.44,19.2,19.37,12061563,ACB
2024-02-28,19.4,19.65,19.34,19.65,10465608,ACB
2024-02-29,19.72,19.83,19.44,19.65,9960379,ACB
2024-03-01,19.65,19.65,19.34,19.51,10201609,ACB
2024-03-04,19.51,19.79,19.23,19.51,13224034,ACB
2024-03-05,19.51,19.65,19.34,19.62,6339771,ACB
2024-03-06,19.65,19.76,19.34,19.37,9799350,ACB
2024-03-07,19.37,19.44,19.23,19.3,10171157,ACB
2024-03-08,19.3,19.4,18.95,18.98,23024715,ACB
2024-03-11,18.98,19.02,18.7,18.77,12023089,ACB
2024-03-12,18.7,18.84,18.67,18.77,8318885,ACB
2024-03-13,18.77,19.4,18.77,19.4,8940425,ACB
2024-03-14,19.37,19.37,18.98,19.12,8232737,ACB
2024-03-15,19.12,19.23,18.95,19.2,7828640,ACB
2024-03-18,19.09,19.2,18.74,18.88,14127772,ACB
2024-03-19,18.81,18.98,18.77,18.84,7125247,ACB
2024-03-20,18.84,19.44,18.81,19.3,14010312,ACB
2024-03-21,19.44,19.65,19.34,19.65,12824070,ACB
2024-03-22,19.83,20.32,19.58,19.76,22688584,ACB
2024-03-25,19.69,19.69,19.3,19.3,10196791,ACB
2024-03-26,19.37,19.62,19.2,19.62,6287467,ACB
2024-03-27,19.62,19.69,19.37,19.65,5962845,ACB
2024-03-28,19.86,20.07,19.79,19.9,12429800,ACB
2024-03-29,19.93,20.11,19.76,20.0,13496333,ACB
2024-04-01,19.79,20.0,19.72,19.97,6180472,ACB
2024-04-02,19.86,19.93,19.58,19.93,10414778,ACB
2024-04-03,19.79,19.93,19.58,19.65,10205483,ACB
2024-04-04,19.69,19.69,19.34,19.34,11161719,ACB
2024-04-05,19.16,19.23,19.02,19.05,12293515,ACB
2024-04-08,19.05,19.12,18.91,19.05,6874403,ACB
2024-04-09,19.05,19.16,18.98,19.16,5374934,ACB
2024-04-10,19.26,19.37,19.02,19.02,5127160,ACB
2024-04-11,18.95,19.05,18.88,19.05,11290085,ACB
2024-04-12,19.09,19.65,18.95,19.65,9772642,ACB
2024-04-15,19.51,19.65,18.84,18.84,16263243,ACB
2024-04-16,18.84,19.05,18.77,19.05,17356891,ACB
2024-04-17,19.09,19.12,18.77,18.77,10485319,ACB
2024-04-19,18.67,18.81,18.56,18.67,10866833,ACB
2024-04-22,18.88,18.91,18.74,18.81,6317643,ACB
2024-04-23,18.81,18.91,18.63,18.7,8544832,ACB
2024-04-24,18.81,19.02,18.74,18.98,6684776,ACB
2024-04-25,18.95,18.98,18.77,18.81,5144590,ACB
2024-04-26,18.81,18.95,18.67,18.84,5446804,ACB
2024-05-02,18.84,19.05,18.81,18.95,4801959,ACB
2024-05-03,19.02,19.3,19.02,19.3,8722742,ACB
2024-05-06,19.3,19.44,19.2,19.37,7449978,ACB
2024-05-07,19.48,19.51,19.3,19.4,4305048,ACB
2024-05-08,19.3,19.4,19.16,19.34,4040821,ACB
2024-05-09,19.37,19.51,19.3,19.37,4105414,ACB
2024-05-10,19.37,19.44,19.26,19.44,4913057,ACB
2024-05-13,19.65,19.65,19.4,19.44,5555670,ACB
2024-05-14,19.44,19.58,19.4,19.48,4474265,ACB
2024-05-15,19.55,19.55,19.44,19.44,7807457,ACB
2024-05-16,19.65,19.93,19.51,19.83,30211993,ACB
2024-05-17,19.83,19.93,19.79,19.83,8509864,ACB
2024-05-20,20.0,20.04,19.79,19.83,9339952,ACB
2024-05-21,19.83,19.86,19.55,19.79,10828854,ACB
2024-05-22,19.79,19.83,19.58,19.62,9288338,ACB
2024-05-23,19.65,20.0,19.65,19.97,10454272,ACB
2024-05-24,19.97,21.2,19.83,20.53,33867112,ACB
2024-05-27,20.7,20.95,20.53,20.67,7541858,ACB
2024-05-28,20.84,20.84,20.56,20.81,10694176,ACB
2024-05-29,20.84,20.88,20.53,20.53,13456310,ACB
2024-05-30,20.46,20.63,20.25,20.63,13118384,ACB
2024-05-31,20.89,21.14,20.6,20.6,11139289,ACB
2024-06-03,20.76,20.85,20.55,20.72,16257238,ACB
2024-06-04,20.72,20.72,20.43,20.47,9735560,ACB
2024-06-05,20.68,20.68,20.3,20.34,10801981,ACB
2024-06-06,20.39,20.47,20.3,20.34,8033240,ACB
2024-06-07,20.51,20.6,20.3,20.55,5892570,ACB
2024-06-10,20.55,20.64,20.3,20.39,7679882,ACB
2024-06-11,20.39,20.43,20.14,20.18,9213280,ACB
2024-06-12,20.18,20.51,19.97,20.51,10400953,ACB
2024-06-13,20.51,20.8,20.39,20.72,11727801,ACB
2024-06-14,20.64,20.8,20.55,20.55,11049165,ACB
2024-06-17,20.55,20.55,20.26,20.51,6375848,ACB
2024-06-18,20.64,20.64,20.39,20.51,5729760,ACB
2024-06-19,20.51,20.64,20.26,20.6,7618993,ACB
2024-06-20,20.51,20.76,20.39,20.72,10178313,ACB
2024-06-21,20.76,20.76,20.47,20.51,5126289,ACB
2024-06-24,20.55,20.55,19.97,20.14,14225312,ACB
2024-06-25,20.05,20.22,19.97,20.09,6708386,ACB
2024-06-26,20.05,20.14,19.72,20.14,10145262,ACB
2024-06-27,20.05,20.14,19.89,20.01,4904878,ACB
2024-06-28,19.89,20.05,19.84,19.89,5755042,ACB
2024-07-01,19.89,19.93,19.72,19.89,3938961,ACB
2024-07-02,19.89,20.14,19.8,20.09,5701649,ACB
2024-07-03,20.18,20.39,20.01,20.26,5854818,ACB
2024-07-04,20.3,20.34,20.01,20.18,6394551,ACB
2024-07-05,20.18,20.3,20.05,20.3,6357111,ACB
2024-07-08,20.3,20.34,20.14,20.26,4959392,ACB
2024-07-09,20.18,20.39,20.09,20.3,8004908,ACB
2024-07-10,20.47,20.47,20.26,20.26,6484698,ACB
2024-07-11,20.34,20.34,20.18,20.18,5001133,ACB
2024-07-12,20.14,20.18,19.89,20.05,7160694,ACB
2024-07-15,20.05,20.09,19.97,20.01,4490958,ACB
2024-07-16,20.05,20.3,20.01,20.14,7002765,ACB
2024-07-17,20.3,21.06,20.22,20.47,28924392,ACB
2024-07-18,20.47,20.97,20.47,20.72,10670220,ACB
2024-07-19,20.72,21.14,20.6,20.97,17087130,ACB
2024-07-22,20.97,21.06,20.6,20.68,15163392,ACB
2024-07-23,20.72,20.8,20.05,20.05,15116634,ACB
2024-07-24,20.05,20.39,19.89,20.22,12261810,ACB
2024-07-25,20.18,20.18,19.89,20.09,7164193,ACB
2024-07-26,20.14,20.18,20.05,20.14,3453662,ACB
2024-07-29,20.3,20.3,20.09,20.18,4109383,ACB
2024-07-30,20.05,20.18,20.01,20.18,5494866,ACB
2024-07-31,20.22,20.51,20.14,20.51,8556266,ACB
2024-08-01,20.47,20.55,20.01,20.01,9183311,ACB
2024-08-02,19.97,20.05,19.76,20.01,13718492,ACB
2024-08-05,19.72,19.93,19.34,19.38,20100624,ACB
2024-08-06,19.63,19.76,19.42,19.63,8029731,ACB
2024-08-07,19.72,19.72,19.47,19.55,4407675,ACB
2024-08-08,19.42,19.63,19.42,19.42,3655058,ACB
2024-08-09,19.55,19.72,19.47,19.72,3012436,ACB
2024-08-12,19.72,19.89,19.47,19.89,4203077,ACB
2024-08-13,19.68,19.89,19.63,19.72,2854856,ACB
2024-08-14,19.8,19.89,19.68,19.68,3321023,ACB
2024-08-15,19.68,19.72,19.59,19.63,2660430,ACB
2024-08-16,19.63,20.05,19.63,20.05,6524010,ACB
2024-08-19,20.05,20.18,20.01,20.09,3843540,ACB
2024-08-20,20.09,20.3,20.05,20.14,5422431,ACB
2024-08-21,20.09,20.39,20.09,20.39,6563393,ACB
2024-08-22,20.47,20.51,20.3,20.39,6795952,ACB
2024-08-23,20.39,20.47,20.26,20.43,3899558,ACB
2024-08-26,20.51,20.51,20.39,20.43,4928433,ACB
2024-08-27,20.43,20.47,20.39,20.43,4159515,ACB
2024-08-28,20.47,20.51,20.39,20.47,5228038,ACB
2024-08-29,20.51,20.8,20.51,20.6,8594985,ACB
2024-08-30,20.6,20.72,20.6,20.72,4489249,ACB
2024-09-04,20.47,20.64,20.43,20.6,5639763,ACB
2024-09-05,20.6,20.64,20.43,20.47,3540918,ACB
2024-09-06,20.47,20.55,20.43,20.55,5008937,ACB
2024-09-09,20.51,20.55,20.3,20.43,4691162,ACB
2024-09-10,20.43,20.51,20.14,20.26,6138609,ACB
2024-09-11,20.18,20.26,20.14,20.18,3589050,ACB
2024-09-12,20.26,20.47,20.22,20.43,2621199,ACB
2024-09-13,20.39,20.43,20.26,20.39,2374108,ACB
2024-09-16,20.39,20.51,20.18,20.18,3717063,ACB
2024-09-17,20.18,20.47,20.14,20.47,4081633,ACB
2024-09-18,20.47,20.68,20.34,20.6,8725286,ACB
2024-09-19,20.68,20.76,20.55,20.72,5224618,ACB
2024-09-20,20.8,21.56,20.8,21.43,34336295,ACB
2024-09-23,21.47,21.72,21.39,21.43,8585132,ACB
2024-09-24,21.43,21.56,21.22,21.56,12786286,ACB
2024-09-25,21.72,21.89,21.56,21.89,23028936,ACB
2024-09-26,21.97,22.02,21.72,21.72,18186603,ACB
2024-09-27,21.72,22.06,21.64,21.64,10816416,ACB
2024-09-30,21.47,21.68,21.47,21.51,8463727,ACB
2024-10-01,21.51,21.85,21.51,21.51,10417047,ACB
2024-10-02,21.47,21.81,21.39,21.56,10118989,ACB
2024-10-03,21.68,21.97,21.47,21.47,14808112,ACB
2024-10-04,21.47,21.51,21.22,21.22,8670214,ACB
2024-10-07,21.3,21.47,21.18,21.26,6775964,ACB
2024-10-08,21.3,21.43,21.18,21.3,6528035,ACB
2024-10-09,21.39,21.93,21.35,21.93,20014266,ACB
2024-10-10,22.06,22.14,21.76,21.89,9087762,ACB
2024-10-11,21.81,21.85,21.64,21.81,6565661,ACB
2024-10-14,21.85,21.93,21.68,21.68,9033561,ACB
2024-10-15,21.68,21.89,21.56,21.6,7115715,ACB
2024-10-16,21.51,21.6,21.39,21.51,5401467,ACB
2024-10-17,21.64,21.85,21.51,21.85,9200056,ACB
2024-10-18,21.93,22.14,21.68,21.81,11497656,ACB
2024-10-21,21.72,21.81,21.56,21.56,5537752,ACB
2024-10-22,21.56,21.6,21.22,21.22,12123912,ACB
2024-10-23,21.22,21.35,21.01,21.22,7707474,ACB
2024-10-24,21.22,21.26,20.89,20.89,8933983,ACB
2024-10-25,20.89,20.97,20.76,20.8,9226582,ACB
2024-10-28,20.8,21.01,20.68,21.01,5000754,ACB
2024-10-29,21.14,21.14,20.97,21.06,4181333,ACB
2024-10-30,21.06,21.1,20.85,20.97,3876354,ACB
2024-10-31,20.97,21.26,20.93,21.22,5077809,ACB
2024-11-01,21.14,21.22,20.8,20.8,7860339,ACB
2024-11-04,20.89,20.93,20.6,20.68,9123996,ACB
2024-11-05,20.72,20.8,20.68,20.68,3068254,ACB
2024-11-06,20.8,21.06,20.72,20.97,6246056,ACB
2024-11-07,21.06,21.14,20.8,20.97,4846687,ACB
2024-11-08,20.97,21.06,20.68,20.8,8226830,ACB
2024-11-11,20.8,20.89,20.6,20.76,6748424,ACB
2024-11-12,20.72,20.85,20.6,20.76,4147541,ACB
2024-11-13,20.72,20.8,20.55,20.8,6394310,ACB
2024-11-14,20.6,20.76,20.51,20.51,5798457,ACB
2024-11-15,20.51,20.55,20.3,20.39,9284110,ACB
2024-11-18,20.39,20.55,20.14,20.47,8112732,ACB
2024-11-19,20.47,20.51,20.3,20.3,5787839,ACB
2024-11-20,20.22,20.51,20.18,20.47,6242481,ACB
2024-11-21,20.47,20.76,20.26,20.76,7585401,ACB
2024-11-22,20.76,20.85,20.6,20.85,5698260,ACB
2024-11-25,20.85,20.89,20.72,20.8,4112332,ACB
2024-11-26,20.8,20.97,20.76,20.89,3562709,ACB
2024-11-27,20.85,21.06,20.85,20.93,2748008,ACB
2024-11-28,21.01,21.06,20.85,21.01,4596147,ACB
2024-11-29,21.01,21.06,20.89,21.06,3883425,ACB
2024-12-02,21.1,21.18,20.93,21.01,2490927,ACB
2024-12-03,21.06,21.06,20.85,20.89,6131057,ACB
2024-12-04,20.85,20.93,20.76,20.93,4619546,ACB
2024-12-05,20.89,21.47,20.85,21.47,8272544,ACB
2024-12-06,21.3,21.51,21.3,21.43,6054365,ACB
2024-12-09,21.39,21.43,21.18,21.3,5418974,ACB
2024-12-10,21.3,21.3,21.18,21.18,3403008,ACB
2024-12-11,21.18,21.3,21.06,21.22,8832805,ACB
2024-12-12,21.22,21.3,21.1,21.14,5867353,ACB
2024-12-13,21.14,21.14,20.97,21.01,6044475,ACB
2024-12-16,21.01,21.1,20.93,21.01,5165719,ACB
2024-12-17,21.1,21.1,20.93,21.06,3331723,ACB
2024-12-18,21.1,21.1,20.97,21.01,3385137,ACB
2024-12-19,20.93,20.93,20.64,20.72,9720556,ACB
2024-12-20,20.76,20.8,20.68,20.72,4729595,ACB
2024-12-23,20.76,20.85,20.72,20.8,3469073,ACB
2024-12-24,20.8,20.89,20.72,20.89,3233697,ACB
2024-12-25,20.89,21.39,20.85,21.26,9518178,ACB
2024-12-26,21.26,21.35,21.22,21.35,5583577,ACB
2024-12-27,21.39,21.47,21.3,21.35,7694895,ACB
2024-12-30,21.18,21.43,21.18,21.22,5004572,ACB
2024-12-31,21.22,21.56,21.18,21.56,8844727,ACB
2024-11-26,20.8,20.97,20.76,20.89,3562709,ACB
2024-11-27,20.85,21.06,20.85,20.93,2748008,ACB
2024-11-28,21.01,21.06,20.85,21.01,4596147,ACB
2024-11-29,21.01,21.06,20.89,21.06,3883425,ACB
2024-12-02,21.1,21.18,20.93,21.01,2490927,ACB
2024-12-03,21.06,21.06,20.85,20.89,6131057,ACB
2024-12-04,20.85,20.93,20.76,20.93,4619546,ACB
2024-12-05,20.89,21.47,20.85,21.47,8272544,ACB
2024-12-06,21.3,21.51,21.3,21.43,6054365,ACB
2024-12-09,21.39,21.43,21.18,21.3,5418974,ACB
2024-12-10,21.3,21.3,21.18,21.18,3403008,ACB
2024-12-11,21.18,21.3,21.06,21.22,8832805,ACB
2024-12-12,21.22,21.3,21.1,21.14,5867353,ACB
2024-12-13,21.14,21.14,20.97,21.01,6044475,ACB
2024-12-16,21.01,21.1,20.93,21.01,5165719,ACB
2024-12-17,21.1,21.1,20.93,21.06,3331723,ACB
2024-12-18,21.1,21.1,20.97,21.01,3385137,ACB
2024-12-19,20.93,20.93,20.64,20.72,9720556,ACB
2024-12-20,20.76,20.8,20.68,20.72,4729595,ACB
2024-12-23,20.76,20.85,20.72,20.8,3469073,ACB
2024-12-24,20.8,20.89,20.72,20.89,3233697,ACB
2024-12-25,20.89,21.39,20.85,21.26,9518178,ACB
2024-12-26,21.26,21.35,21.22,21.35,5583577,ACB
2024-12-27,21.39,21.47,21.3,21.35,7694895,ACB
2024-12-30,21.18,21.43,21.18,21.22,5004572,ACB
2024-12-31,21.22,21.56,21.18,21.56,8844727,ACB
2025-01-02,21.39,21.47,21.22,21.39,4571487,ACB
2025-01-03,21.3,21.35,20.97,20.97,5022490,ACB
2025-01-06,20.89,20.93,20.68,20.72,12058848,ACB
2025-01-07,20.72,20.93,20.72,20.89,5028704,ACB
2025-01-08,20.89,20.89,20.72,20.89,4091798,ACB
2025-01-09,20.85,20.89,20.76,20.85,3842684,ACB
2025-01-10,20.8,20.85,20.64,20.64,4714444,ACB
2025-01-13,20.47,20.76,20.47,20.68,4628922,ACB
2025-01-14,20.68,20.72,20.47,20.6,5066348,ACB
2025-01-15,20.76,20.85,20.6,20.8,7428403,ACB
2025-01-16,20.76,20.93,20.64,20.76,5009160,ACB
2025-01-17,20.76,20.89,20.72,20.85,2381475,ACB
2025-01-20,20.85,20.93,20.72,20.89,4008919,ACB
2025-01-21,20.93,20.97,20.76,20.85,4346037,ACB
2025-01-22,20.89,20.89,20.72,20.76,2791121,ACB
2025-01-23,20.8,21.22,20.8,21.14,8900937,ACB
2025-01-24,21.06,21.3,21.06,21.18,4902907,ACB
2025-02-03,20.93,21.14,20.8,20.97,4775193,ACB
2025-02-04,21.1,21.18,20.93,21.1,4908445,ACB
2025-02-05,21.1,21.22,21.06,21.22,7496156,ACB
2025-02-06,21.3,21.43,21.22,21.3,5599437,ACB
2025-02-07,21.3,21.56,21.22,21.47,9881521,ACB
2025-02-10,21.43,21.85,21.3,21.56,14041424,ACB
2025-02-11,21.6,21.68,21.47,21.6,5425579,ACB
2025-02-12,21.64,21.72,21.43,21.43,6795165,ACB
2025-02-13,21.43,21.51,21.35,21.47,5754059,ACB
2025-02-14,21.68,21.68,21.47,21.51,8144062,ACB
2025-02-17,21.68,21.68,21.51,21.56,5739729,ACB
2025-02-18,21.56,21.72,21.51,21.51,5161936,ACB
2025-02-19,21.51,21.64,21.47,21.56,5032732,ACB
2025-02-20,21.6,21.68,21.51,21.68,5714509,ACB
2025-02-21,21.72,22.02,21.68,21.89,12727607,ACB
2025-02-24,21.76,21.93,21.76,21.85,6403121,ACB
2025-02-25,21.85,21.93,21.72,21.72,6482543,ACB
2025-02-26,21.76,21.81,21.68,21.68,5061653,ACB
2025-02-27,21.72,21.81,21.6,21.81,5661613,ACB
2025-02-28,21.72,21.89,21.56,21.72,5475462,ACB
2025-03-03,21.72,21.76,21.56,21.72,5603548,ACB
2025-03-04,21.64,21.89,21.56,21.85,9964154,ACB
2025-03-05,21.97,22.27,21.85,21.85,11678487,ACB
2025-03-06,21.93,22.06,21.85,22.06,5076489,ACB
2025-03-07,22.14,22.39,22.02,22.27,10713039,ACB
2025-03-10,22.31,22.35,22.06,22.1,8502331,ACB
2025-03-11,21.97,22.1,21.81,22.1,9147708,ACB
2025-03-12,22.14,22.31,21.89,21.97,7803709,ACB
2025-03-13,22.02,22.1,21.81,21.81,8893622,ACB
2025-03-14,21.89,21.89,21.64,21.72,11556328,ACB
2025-03-17,21.81,21.93,21.72,21.89,5668733,ACB
2025-03-18,21.97,22.18,21.93,21.97,6013116,ACB
2025-03-19,21.97,21.97,21.76,21.89,7918115,ACB
2025-03-20,22.06,22.1,21.85,21.93,4867372,ACB
2025-03-21,21.93,21.97,21.81,21.81,4134448,ACB
2025-03-24,21.93,22.02,21.76,22.02,7892882,ACB
2025-03-25,22.06,22.1,21.85,21.97,5602227,ACB
2025-03-26,21.97,22.1,21.81,21.85,7438634,ACB
2025-03-27,21.72,21.89,21.68,21.72,6652466,ACB
2025-03-28,21.72,21.76,21.6,21.68,9733296,ACB
2025-03-31,21.6,21.72,21.56,21.72,9131468,ACB
2025-04-01,21.72,21.76,21.64,21.76,3053865,ACB
2025-04-02,21.81,21.89,21.64,21.68,7486376,ACB
2025-04-03,21.01,21.18,20.18,20.18,39712531,ACB
2025-04-04,18.97,19.89,18.8,19.89,72266023,ACB
2025-04-08,19.3,19.47,18.51,18.51,43698654,ACB
2025-04-09,17.34,19.09,17.34,18.21,36870654,ACB
2025-04-10,19.47,19.47,19.47,19.47,998409,ACB
2025-04-11,20.72,20.8,20.01,20.76,36003333,ACB
2025-04-14,20.76,21.18,20.55,20.72,19376382,ACB
2025-04-15,20.55,20.64,20.14,20.14,14735620,ACB
2025-04-16,20.43,20.64,20.18,20.3,11039955,ACB
2025-04-17,20.47,20.51,20.14,20.3,10144966,ACB
2025-04-18,20.47,20.68,20.43,20.47,11002228,ACB
2025-04-21,20.34,20.47,20.14,20.14,7252345,ACB
2025-04-22,20.3,20.39,18.92,20.14,13618261,ACB
2025-04-23,20.55,20.55,20.18,20.55,6836486,ACB
2025-04-24,20.39,20.51,20.18,20.18,6482453,ACB
2025-04-25,20.39,20.39,19.97,19.97,13363678,ACB
2025-04-28,20.09,20.09,19.93,20.01,4010687,ACB
2025-04-29,20.01,20.22,20.01,20.09,3585900,ACB
2025-05-05,20.26,20.26,20.05,20.09,4634617,ACB
2025-05-06,20.09,20.22,20.05,20.05,8439743,ACB
2025-05-07,20.22,20.22,20.01,20.05,7763237,ACB
2025-05-08,20.14,20.18,20.01,20.18,7289142,ACB
2025-05-09,20.43,20.43,20.14,20.18,5623805,ACB
2025-05-12,20.26,20.43,20.18,20.39,9196976,ACB
2025-05-13,20.51,20.64,20.43,20.55,9657205,ACB
2025-05-14,20.6,20.85,20.6,20.72,10926698,ACB
2025-05-15,21.3,21.43,20.97,21.35,24662474,ACB
2025-05-16,21.47,21.47,21.26,21.26,10707692,ACB
2025-05-19,21.26,21.47,21.14,21.22,13928516,ACB
2025-05-20,21.3,21.43,21.22,21.39,11033544,ACB
2025-05-21,21.51,21.64,21.39,21.43,12374545,ACB
2025-05-22,21.47,21.51,21.3,21.35,18047416,ACB
2025-05-23,21.55,21.6,21.45,21.6,11984361,ACB
2025-05-26,21.6,21.65,21.1,21.5,9963400,ACB
2025-05-27,21.6,21.6,21.4,21.45,9336007,ACB
2025-05-28,21.5,21.55,21.35,21.4,7876823,ACB
2025-05-29,21.45,21.5,21.3,21.3,9082800,ACB
2025-05-30,21.3,21.35,21.1,21.1,7933184,ACB
2025-06-02,21.1,21.2,21.0,21.1,8200572,ACB
2025-06-03,21.15,21.3,21.15,21.25,7288890,ACB
2025-06-04,21.3,21.35,21.1,21.1,5699110,ACB
2025-06-05,21.15,21.2,21.0,21.0,5332029,ACB
2025-06-06,21.05,21.2,21.0,21.0,6801445,ACB
2025-06-09,21.0,21.05,20.9,20.95,5723393,ACB
2025-06-10,21.05,21.05,20.9,20.95,5728023,ACB
2025-06-11,21.0,21.05,20.9,20.95,3589298,ACB
2025-06-12,21.05,21.15,20.95,21.05,6553441,ACB
2025-06-13,21.0,21.35,20.9,21.05,10066277,ACB
2025-06-16,21.0,21.3,20.95,21.3,8998043,ACB
2025-06-17,21.4,21.45,21.15,21.2,7039853,ACB
2025-06-18,21.2,21.35,21.15,21.3,7436898,ACB
2025-06-19,21.3,21.35,21.15,21.3,7286706,ACB
2025-06-20,21.3,21.75,21.3,21.45,15766671,ACB
2025-06-23,21.4,21.45,21.25,21.35,8994332,ACB
2025-06-24,21.45,21.6,21.3,21.3,8582693,ACB
2025-06-25,21.35,21.45,21.25,21.25,7782378,ACB
2025-06-26,21.3,21.35,21.15,21.2,9905786,ACB
2025-06-27,21.3,21.3,21.15,21.2,6321843,ACB
2025-06-30,21.25,21.3,21.15,21.3,5868454,ACB
2025-07-01,21.3,21.4,21.25,21.3,7539134,ACB
2025-07-02,21.3,21.45,21.25,21.3,7639796,ACB
2025-07-03,21.35,21.6,21.3,21.4,15138870,ACB
2025-07-04,21.45,22.2,21.45,21.85,26970669,ACB
2025-07-07,22.05,22.35,21.9,22.25,17384438,ACB
2025-07-08,22.4,22.4,22.1,22.25,14709246,ACB
2025-07-09,22.25,22.5,22.25,22.45,18749781,ACB
2025-07-10,22.65,22.7,22.4,22.55,9160722,ACB
2025-07-11,22.55,22.75,22.5,22.7,16019514,ACB
2025-07-14,22.75,22.85,22.35,22.7,12333287,ACB
2025-07-15,22.7,22.8,22.45,22.45,12711333,ACB
2025-07-16,22.45,22.55,22.3,22.45,10956208,ACB
2025-07-17,22.45,22.55,22.4,22.45,15133270,ACB
2025-07-18,22.5,22.75,22.4,22.65,17870291,ACB
2025-07-21,22.7,23.1,22.65,22.85,17165356,ACB
2025-07-22,22.85,22.9,22.6,22.9,12055524,ACB
2025-07-23,23.05,23.15,22.9,23.0,15223260,ACB
2025-07-24,23.15,23.5,23.1,23.2,15188090,ACB
2025-07-25,23.45,23.7,23.45,23.6,17577779,ACB
2025-07-28,23.7,23.85,23.5,23.85,16899258,ACB
2025-07-29,23.9,23.95,22.75,22.75,34057406,ACB
2025-07-30,22.75,23.1,22.7,23.0,15022479,ACB
2025-07-31,23.2,23.25,22.7,23.0,10618445,ACB
2025-08-01,23.0,23.05,22.8,23.0,7330826,ACB
2025-08-04,23.0,23.3,22.8,23.3,11154749,ACB
2025-08-05,23.5,24.5,23.3,23.45,42372840,ACB
2025-08-06,23.7,24.4,23.7,24.2,16273086,ACB
2025-08-07,24.4,24.65,24.1,24.4,19117139,ACB
2025-08-08,24.5,24.8,24.0,24.25,15806665,ACB
2025-08-11,24.3,24.7,24.25,24.4,16076962,ACB
2025-08-12,24.5,24.55,24.1,24.25,14645340,ACB
2025-08-13,24.4,24.65,24.15,24.5,19307849,ACB
2025-08-14,24.75,26.2,24.7,26.2,34951134,ACB
2025-08-15,27.3,27.6,26.35,26.55,29353803,ACB
2025-08-18,26.8,27.5,26.35,27.05,28502251,ACB
2025-08-19,27.05,28.7,27.0,28.45,41213850,ACB
2025-08-20,28.5,28.5,26.9,28.0,33304272,ACB
2025-08-21,28.3,29.5,28.0,29.45,45828312,ACB
2025-08-22,29.0,29.4,27.65,27.85,43047475,ACB
2025-08-25,28.2,28.4,25.95,26.2,37437560,ACB
2025-08-26,26.25,27.4,26.1,27.35,20828678,ACB
2025-08-27,27.8,28.6,27.55,27.65,18847267,ACB
2025-08-28,27.8,28.15,27.1,27.55,13939715,ACB
2025-08-29,27.75,28.4,27.5,27.8,21650767,ACB
2025-09-03,27.7,27.75,27.2,27.5,18739010,ACB
2025-09-04,27.6,27.75,27.4,27.65,11295727,ACB
2025-09-05,27.95,28.05,27.15,27.15,23556009,ACB
2025-09-08,27.0,27.6,26.55,26.55,26179984,ACB
2025-09-09,26.95,26.95,26.45,26.55,15233054,ACB
2025-09-10,26.7,26.85,26.45,26.55,14111979,ACB
2025-09-11,26.5,26.55,25.8,26.2,20469051,ACB
2025-09-12,26.55,26.65,26.2,26.3,12233046,ACB
2025-09-15,26.3,26.65,26.1,26.4,27934600,ACB
2025-09-16,26.6,26.6,26.2,26.4,40131026,ACB
2025-09-17,26.4,26.45,26.05,26.15,13070614,ACB
2025-09-18,26.2,26.2,25.55,25.55,21872721,ACB
2025-09-19,25.8,25.8,25.3,25.35,13447416,ACB
2025-09-22,25.45,25.45,25.05,25.15,19425366,ACB
2025-09-23,25.15,25.7,25.15,25.35,9405930,ACB
2025-09-24,25.5,26.0,25.25,26.0,10862227,ACB
2025-09-25,26.15,26.15,25.65,25.65,8170966,ACB
2025-09-26,25.65,25.75,25.45,25.65,8983361,ACB
2025-09-29,25.55,25.8,25.35,25.6,8274811,ACB
2025-09-30,25.75,25.8,25.45,25.5,9286555,ACB
2025-10-01,25.7,25.95,25.55,25.8,10490510,ACB
2025-10-02,25.9,26.2,25.7,25.75,10950409,ACB
2025-10-03,25.75,25.85,25.5,25.65,9825189,ACB
2025-10-06,26.15,26.8,25.9,26.8,20307466,ACB
2025-10-07,26.9,26.9,26.45,26.45,12409646,ACB
2025-10-08,26.65,26.85,26.6,26.75,18241992,ACB
2025-10-09,26.8,26.95,26.6,26.95,16402847,ACB
2025-10-10,27.05,27.2,26.8,26.95,16356212,ACB
2025-10-13,26.55,26.8,26.4,26.75,18393101,ACB
2025-10-14,26.75,26.95,26.25,26.3,18552934,ACB
2025-10-15,26.4,26.65,26.15,26.3,14442329,ACB
2025-10-16,26.4,26.55,26.15,26.3,13474766,ACB
2025-10-17,26.3,26.4,25.75,25.75,16312948,ACB
2025-10-20,25.6,25.65,24.6,24.8,32258331,ACB
2025-10-21,24.85,25.3,24.85,25.0,19394085,ACB
2025-10-22,25.2,25.3,24.65,25.1,15635919,ACB
2025-10-23,25.1,25.2,24.95,24.95,8759225,ACB
2025-10-24,24.95,25.3,24.8,25.0,11733495,ACB
2025-10-27,25.3,25.55,24.95,25.0,10218948,ACB
2025-10-28,25.1,25.4,25.05,25.4,10313390,ACB
2025-10-29,25.4,25.55,25.3,25.4,6358233,ACB
2025-10-30,25.5,25.7,25.0,25.1,9320544,ACB
2025-10-31,25.3,25.5,25.05,25.5,12754190,ACB
2025-11-03,25.4,25.9,25.3,25.45,13878741,ACB
2025-11-04,25.45,26.1,25.4,26.0,17988658,ACB
2025-11-05,25.8,25.9,25.55,25.6,6234065,ACB
2025-11-06,25.55,25.7,25.3,25.3,6532302,ACB
2025-11-07,25.25,25.3,24.85,24.9,12120670,ACB
2025-11-10,24.9,25.2,24.7,24.8,7235732,ACB
2025-11-11,24.85,25.05,24.8,24.85,6968104,ACB
2025-11-12,25.0,25.2,24.8,25.2,6325256,ACB
2025-11-13,25.2,25.2,25.0,25.1,5644780,ACB
2025-11-14,25.1,25.1,24.9,24.95,6770417,ACB
2025-11-17,25.0,25.15,24.95,25.15,3951472,ACB
2025-11-18,25.2,25.4,25.05,25.1,6397885,ACB
2025-11-19,25.15,25.15,24.85,24.9,6002717,ACB
2025-11-20,25.0,25.0,24.8,24.8,6159454,ACB
2025-11-21,24.75,24.85,24.6,24.7,7305892,ACB
2025-11-24,24.7,24.85,24.6,24.6,7090518,ACB
2025-11-25,24.65,24.7,24.1,24.2,15874324,ACB
2025-11-26,24.2,24.4,24.15,24.2,9009389,ACB
